Lib_Name,popularity,Mean_cosine,Std_Cosine_Similarity,Median_Cosine_Similarity,Temp
1rm.js,bottom,0.492589324,0.028762736595637602,0.48669493,0.2
2048term,bottom,0.6885322,0.016051044882145524,0.68796825,0.2
2fa,bottom,0.623067316,0.03383617854367613,0.6055872,0.2
301-node,bottom,0.379261538,0.025234387305053,0.39145654,0.2
531.js,bottom,-0.00032776296000000034,0.024417516574671422,-0.0032611378,0.2
BaseCRM,bottom,0.620929898,0.027873339728430813,0.61167526,0.2
Commando,middle,0.374106912,0.02946712648150427,0.36444235,0.2
CrawlerX,bottom,0.40867071799999993,0.01454610171162432,0.40526438,0.2
Cruiser,bottom,0.22363497799999998,0.0198893056568403,0.22746605,0.2
Dexie.js,middle,0.487139614,0.061828786607584174,0.4735416,0.2
ESB-node-driver,bottom,0.8587148880000001,0.015547893556514996,0.8628051,0.2
F.js,bottom,0.597286124,0.01960741026524485,0.5938263,0.2
FileBufferReader,bottom,0.84571185,0.008947181608473187,0.84388715,0.2
Fritbot,bottom,0.701764604,0.012301988682092438,0.70052505,0.2
IVS.js,bottom,0.35218519600000003,0.01849287354630239,0.3571442,0.2
ImageServer,bottom,0.63142343,0.03750735213460824,0.6225896,0.2
Imager.jsx,bottom,0.566568392,0.031043185569530726,0.55721766,0.2
Leaflet.MapboxVectorTile,bottom,0.7852740519999999,0.0216588392705454,0.77798444,0.2
Leaflet.timeline,bottom,0.48305137,0.0035605229781522038,0.48282057,0.2
MetaScript,middle,0.6639870240000001,0.02312996349526907,0.6645425,0.2
Node.CLI-Progress,middle,0.555582664,0.021974219164436322,0.56551266,0.2
Object.values,top,0.425696236,0.037140223503046264,0.44192335,0.2
OwlCarousel2,middle,0.678743598,0.030096024330117446,0.6692463,0.2
RegExp.prototype.flags,top,0.70587964,0.010147101967951199,0.7113166,0.2
StackBlur,middle,0.45794301,0.04743850878341612,0.46943605,0.2
String.prototype.trimLeft,top,0.540681118,0.004209612410747549,0.5400519,0.2
String.prototype.trimRight,top,0.6111958,0.010734497163118539,0.6063816,0.2
Validator,middle,0.5767716700000001,0.0035566625489354335,0.5747508,0.2
ab-testing,bottom,0.589507394,0.024775117271088356,0.5800029,0.2
abab,top,0.34903631599999996,0.12630034893062342,0.43316048,0.2
abstract-logging,middle,0.5457680899999999,0.06658585404754072,0.53664654,0.2
absync,bottom,0.300710706,0.016353319510795977,0.30604404,0.2
accessory,middle,0.11162945799999999,0.009662512152340094,0.11613091,0.2
ace,middle,0.253590576,0.021529728345855405,0.26363918,0.2
acorn-globals,top,0.785611822,0.017791845262760696,0.7817986,0.2
acqua,bottom,0.325718222,0.039473680205967254,0.31946447,0.2
actions-on-google-nodejs,middle,0.823834978,0.02226061840909909,0.8332337,0.2
activity-streams.js,bottom,0.543353262,0.007829289131225093,0.5418726,0.2
add-func-name,bottom,0.42310169999999997,0.005707310635251065,0.42570883,0.2
afinn-96,bottom,0.561825606,0.014344206741977051,0.557968,0.2
aflow.js,bottom,0.285197714,0.06361200364631213,0.29460114,0.2
airtight-css-lint,bottom,0.436352642,0.023698145878880916,0.43121356,0.2
alchemist-hsl,bottom,0.786616964,0.021717501388135756,0.78432256,0.2
algolia-webcrawler,bottom,0.525789024,0.008703898832102751,0.52423024,0.2
algoliasearch-helper-js,middle,0.7281907519999999,0.012691994994888324,0.7313387,0.2
align-text,top,0.580808134,0.04255454909777071,0.58872044,0.2
alphanum-sort,top,0.705007246,0.032859327569679214,0.7019321,0.2
ampersand-date-view,bottom,0.308690776,0.02250935915530648,0.31915775,0.2
ampersand-model-patch-mixin,bottom,0.5919889979999999,0.04347302171342611,0.60568935,0.2
ampersand-radio-view,bottom,0.7177192339999999,0.026397704912781334,0.7322891,0.2
ampersand-sync-localforage,bottom,0.765369134,0.015582119123282891,0.77323663,0.2
amqp.channel,bottom,0.620342568,0.013547281925597492,0.6191342,0.2
anchor,bottom,0.270020616,0.05033752299938416,0.24793053,0.2
angular-chart.js,middle,0.8191299000000001,0.020457237750579844,0.81377935,0.2
angular-directive-boilerplate,bottom,0.657479688,0.013451899965472122,0.65339285,0.2
angular-integer,bottom,0.769332872,0.02439640230802324,0.75783396,0.2
angular-names,bottom,0.34508488000000004,0.04956935270620547,0.3586192,0.2
angular-nl2br,bottom,0.6677167799999999,0.0227030414882731,0.65368575,0.2
angular-router-loader,middle,0.807488262,0.016347400227672903,0.80844665,0.2
angular-sockjs,bottom,0.799148096,0.011392059782555962,0.79718995,0.2
angular-text-toggle,bottom,0.256480298,0.015109651287310356,0.24864042,0.2
angular-ziptastic,bottom,0.740860566,0.022376494848362145,0.7383832,0.2
animator-css,middle,0.7168916000000001,0.012410447332745517,0.72172683,0.2
ansi-colors,top,0.8020947079999999,0.014151117409099552,0.80989754,0.2
ansi-escapes,top,0.824058894,0.018620008424976037,0.828958,0.2
ansi-html,top,0.423533088,0.007578979624152595,0.4258582,0.2
ansi-regex,top,0.685490438,0.018244816794923364,0.6777824,0.2
ansi-wrap,top,0.513595088,0.02734937651808028,0.5063934,0.2
any-promise,top,0.539580992,0.010955605013976587,0.53727233,0.2
aos,middle,0.556255462,0.09994312829586396,0.58215725,0.2
apimock-middleware,bottom,0.705614618,0.021931885545848993,0.70425713,0.2
apostrophe-facebook,bottom,0.680518336,0.014006048928267754,0.67355585,0.2
appcache-webpack-plugin,middle,0.669130908,0.01655246911655993,0.6774837,0.2
append-transform,top,0.0889725908,0.027091197022262287,0.09969793,0.2
aproba,top,0.42794330199999997,0.028020355853739076,0.42449862,0.2
arangojs-extended,bottom,0.794356116,0.015219437180067782,0.794644,0.2
arpisea,bottom,0.777828334,0.02112691281857533,0.7891395,0.2
arr-diff,top,0.42021934400000005,0.029465617061367123,0.4170352,0.2
arr-flatten,top,0.641262652,0.011142430640956255,0.6419773,0.2
array-differ,top,0.338758742,0.02483693427259836,0.3413257,0.2
array-fill,bottom,0.660573206,0.0211108899806173,0.66118395,0.2
array-find-index,top,0.519459514,0.01617582631674131,0.51214033,0.2
array-flatten,top,0.7667743760000001,0.00914847029044087,0.76832104,0.2
array-slice,top,0.571792258,0.039099570996171014,0.5707307,0.2
array-union,top,0.5222525219999999,0.09205774533613954,0.5051622,0.2
array-uniq,top,0.63699542,0.010111444853617618,0.64044726,0.2
array-unique,top,0.625389124,0.015571104198292421,0.61892176,0.2
arraybuffer.slice,top,0.649162728,0.020470164800116278,0.6528535,0.2
arrayof,bottom,0.465680596,0.022619569141394586,0.45888865,0.2
arrify,top,0.432529468,0.05071806286600041,0.4523482,0.2
asapi,bottom,0.40197198,0.013989210084470469,0.4032604,0.2
asorted,bottom,0.48361917400000004,0.03656880823376363,0.48490646,0.2
ass-to-vtt,bottom,0.72515577,0.025782783216315063,0.728603,0.2
assert-http,bottom,0.544794986,0.01642688694262793,0.5465824,0.2
asset-inliner,bottom,0.625705962,0.02572795448722693,0.63510597,0.2
assetment,bottom,0.5727636300000001,0.018352958619873794,0.58295226,0.2
assets-bower-ci,bottom,0.43508431999999997,0.018757612092865125,0.44328284,0.2
assign-deep,middle,0.532468988,0.02055803969705088,0.52496284,0.2
assign-symbols,top,0.629141056,0.0286893052244888,0.6202214,0.2
ast-types-flow,top,0.8935915699999999,0.014072860126775937,0.89044726,0.2
async-each-series,top,0.5980882660000001,0.022679801884642355,0.5970682,0.2
atoa,middle,0.201479344,0.0838765029689831,0.21876219,0.2
atool-build,middle,0.503223338,0.03589704383056103,0.4914611,0.2
attrition,bottom,0.54493531,0.024261947213908844,0.5504831,0.2
auto-changelog,middle,0.655282004,0.03150983835500721,0.6532909,0.2
auto-generate,bottom,0.43129034199999994,0.018270104675131727,0.42749998,0.2
autod-egg,middle,0.7288310819999999,0.019292307769774922,0.72097427,0.2
autorecordmic,bottom,0.49899668999999996,0.017012643425593808,0.50408983,0.2
avprober,bottom,0.616536988,0.012057901461115418,0.61252505,0.2
aws-billing,bottom,0.567315414,0.0037995838493156083,0.5694306,0.2
aws-instances,bottom,0.65135632,0.011516662588484553,0.6489302,0.2
axios,top,0.491809638,0.04623698365598924,0.48636875,0.2
babel-loader,top,0.773508294,0.008652765669852604,0.77523375,0.2
babel-plugin-css-modules-transform,middle,0.478997474,0.047644244507137244,0.4639998,0.2
babel-plugin-dynamic-import-node,top,0.69009796,0.01671436569925557,0.6953653,0.2
babel-plugin-precompile-charcodes,middle,0.29315184800000005,0.018146934088450608,0.2896099,0.2
babel-plugin-root-import,middle,0.45462812,0.04120109602535289,0.44936448,0.2
babel-plugin-transform-react-remove-prop-types,top,0.631493912,0.014239613662305604,0.63184416,0.2
babel-plugin-webpack-alias,middle,0.6698539,0.0032307131486407014,0.6695369,0.2
babel-preset-es2015-mod,middle,0.621481612,0.01923576340381948,0.6165445,0.2
babel-preset-es2015-node5,middle,0.811419274,0.0032125461297668745,0.8098687,0.2
babel-preset-es2015-node6,middle,0.817595978,0.007422693252446874,0.81351995,0.2
babel-preset-es2015-without-strict,middle,0.82154784,0.052040568546624734,0.83365357,0.2
babel-preset-power-assert,middle,0.80249945,0.007839167018969539,0.8052594,0.2
babelify,top,0.67340312,0.016702315812838646,0.6685442,0.2
babelrc-rollup,middle,0.8322990000000001,0.027858991417705696,0.8324913,0.2
backbone-computed-properties,bottom,0.672533582,0.011395784524205399,0.6715902,0.2
backbone-db-elasticsearch,bottom,0.799982202,0.007909462822266771,0.79701674,0.2
backbone-db-mongodb,bottom,0.81641206,0.008796079903172776,0.8157602,0.2
backbone.declarative.views,bottom,0.745144488,0.0036175497926732225,0.74619234,0.2
backbone.ribs,bottom,0.51797949,0.01665936008297136,0.5152117,0.2
backpack-ht16k33,bottom,0.466662584,0.010610794320307992,0.4698797,0.2
barterer,bottom,0.1106021508,0.04530534316427559,0.09064757,0.2
base64-img,middle,0.688070862,0.02531706706342024,0.6982258,0.2
batch-me-if-you-can,bottom,0.37988193800000003,0.03953488411663011,0.38412243,0.2
beautify-lint,middle,0.67847572,0.008804889546428154,0.6736857,0.2
becklyn-gulp,bottom,0.754997958,0.006213955456102017,0.7561914,0.2
beeper,top,0.539987556,0.0075802344579096615,0.5389418,0.2
beercalc_js,bottom,0.730229554,0.004053421849786918,0.73241985,0.2
benderjs-amd,bottom,0.8588991700000002,0.0095057951559562,0.8641478,0.2
bepacked,bottom,0.33101780199999997,0.028133509094521433,0.32864034,0.2
big-red-button,bottom,0.452475396,0.012900172834727046,0.4492501,0.2
bili,middle,0.8059470940000001,0.011441228909980795,0.8019913,0.2
bin-pack,middle,0.70878946,0.02303420720737857,0.703912,0.2
binary-extensions,top,0.719179092,0.02940142220986205,0.7155811,0.2
binding,middle,0.631383228,0.04921450894606457,0.61785865,0.2
bip32-wallet,bottom,0.712940652,0.01577901948881869,0.7131735,0.2
bitbucket-ips,bottom,0.633289522,0.02245344505920683,0.63898253,0.2
bitcoin-ops,middle,0.5927614419999999,0.021128386780296774,0.5890225,0.2
blacklist,middle,0.24923573000000002,0.01944980410406748,0.24329,0.2
blender,bottom,0.18581341199999998,0.034108286164736726,0.18913035,0.2
bloggy,bottom,0.7287896899999999,0.024960639081519912,0.71845186,0.2
bloggy-marked-toc,bottom,0.71512332,0.019860934228958103,0.7200215,0.2
bloggy-rss,bottom,0.81346194,0.0018332064830372855,0.8126006,0.2
blum,bottom,0.744153568,0.026432284538096977,0.7477132,0.2
bmfont2json,bottom,0.631953274,0.014632951550366705,0.6360047,0.2
bn.js,top,0.5912172659999999,0.020672227592395044,0.5993375,0.2
body-parser,top,0.811574422,0.01546716471123329,0.80746716,0.2
bonjour,top,0.604443674,0.009489690834720567,0.61019945,0.2
bookshelf-manager,bottom,0.266725196,0.01532237736307685,0.26322055,0.2
boomcatch,bottom,0.442408048,0.017799251868532845,0.44121712,0.2
bootstrap-sass-loader,middle,0.754567592,0.020867568669764063,0.7489642,0.2
bootstrapper,middle,0.27818831,0.022312324489496826,0.2918706,0.2
boring-config,bottom,0.35512291399999996,0.004975235517096646,0.35418284,0.2
bossy,middle,0.188789272,0.016366205364328354,0.18631977,0.2
boundary,middle,0.5030793339999999,0.010088591557010333,0.5021868,0.2
boxen,top,0.48219076000000005,0.03316853162460542,0.49797183,0.2
bpmn-js-debug-overlay,bottom,0.42140066000000004,0.01348747663530693,0.4209643,0.2
braces,top,0.562466708,0.02142497718668844,0.55476964,0.2
breadboard,bottom,0.216343992,0.023907985883553015,0.21975765,0.2
breeze.js.bower,bottom,0.725766696,0.006448233802781196,0.7281885,0.2
breeze.js.labs,bottom,0.8337926679999998,0.010446476117338307,0.83613604,0.2
brim,bottom,0.11407443479999999,0.023311468569440125,0.11708364,0.2
broccoli-autoprefixer,middle,0.5795053720000001,0.01967079285204129,0.5900847,0.2
broccoli-csssplit,bottom,0.7483486659999999,0.021880852710040342,0.74783015,0.2
broccoli-i18n-lazy-lookup,bottom,0.485319386,0.013914452665258882,0.48362118,0.2
broccoli-ng-templatecache,bottom,0.797702972,0.011122235191622703,0.7933558,0.2
broccoli-splitter,bottom,0.702981486,0.013508625744093278,0.6964824,0.2
browser-env,middle,0.458860064,0.015595601659879327,0.46375695,0.2
browser-pdf-support,bottom,0.845192522,0.006212745251128534,0.8429606,0.2
browser-process-hrtime,top,0.744845612,0.038294053208132346,0.7564136,0.2
browser-stdout,top,0.5206814900000001,0.020240517658444396,0.52268946,0.2
browserify-aes,top,0.850716648,0.01111263185377433,0.8519178,0.2
browserify-des,top,0.773658408,0.015013609982949472,0.76957726,0.2
browserify-dev-bundler,bottom,0.720708428,0.014389237927575266,0.72320914,0.2
browserify-hmr,middle,0.691246956,0.010740412734009799,0.6948507,0.2
browserify-sign,top,0.580927454,0.01698527083597962,0.5824009,0.2
browserslist,top,0.45566381200000006,0.01533097154068423,0.4553305,0.2
buffer-indexof-polyfill,middle,0.8522989299999999,0.02034427758171817,0.8596319,0.2
buffer-xor,top,0.70747417,0.04581661069537771,0.71082795,0.2
buffered-transform,bottom,0.528472152,0.018721539230815685,0.536459,0.2
builder-coffee,bottom,0.6910490659999999,0.015721036621838276,0.68881637,0.2
builtin-modules,top,0.739569406,0.0070861608990468415,0.7405729,0.2
builtin-status-codes,top,0.65873934,0.048458052790963456,0.66872096,0.2
builtins,top,0.546082094,0.0756285006130763,0.55935174,0.2
bump-cli,middle,0.423231658,0.0155842630234195,0.4140866,0.2
bunnydo,bottom,0.157196116,0.015058459368336117,0.15622273,0.2
busylight,bottom,0.67138432,0.02655296858749036,0.6736206,0.2
buzzfeed-headlines,bottom,0.547627332,0.017330165099240118,0.54130304,0.2
caber,bottom,0.0767471736,0.01787905584402311,0.065145254,0.2
cache-base,top,0.364357614,0.02693697496455162,0.35901305,0.2
cache-wrapper,bottom,0.663947468,0.011812991071448403,0.6682215,0.2
calendar-matrix,bottom,0.562291148,0.01897533556855502,0.55981904,0.2
call,middle,0.13196386599999999,0.022271547939932912,0.12656529,0.2
call-me-maybe,top,0.444521654,0.055116345765845454,0.47340056,0.2
callback-timer,bottom,0.5704291340000001,0.015810638429876223,0.5759366,0.2
callback-with,bottom,0.266756066,0.03850562392856307,0.28040105,0.2
callback-wrapper,bottom,0.6703504920000001,0.03282378302781868,0.68341005,0.2
caller-callsite,top,0.6994419119999999,0.01638860512034872,0.70413446,0.2
caller-path,top,0.6641485420000001,0.025886477813837877,0.67873085,0.2
callsites,top,0.6723490520000001,0.024712510882007176,0.6643071,0.2
camelcase,top,0.5446825040000001,0.02076394982978259,0.5425339,0.2
camelcase-keys,top,0.691760078,0.022110699521318194,0.69588923,0.2
caniuse-lite,top,0.491740126,0.04913514221267838,0.5005528,0.2
cantina-app-users,bottom,0.6421052979999999,0.012609453446225171,0.63897204,0.2
capture-stack-trace,top,0.293848266,0.01458233929236939,0.29152277,0.2
carcass-program,bottom,0.6595719200000001,0.03679690952970099,0.6399487,0.2
card-dealer,bottom,0.545314758,0.011001082224486819,0.5462966,0.2
catbox-s3,bottom,0.656204978,0.020866695985551232,0.6673385,0.2
center-align,top,0.639067322,0.08023166110229316,0.65732074,0.2
cfn-config,bottom,0.493671176,0.05174923186276806,0.52178216,0.2
chai-shallow-deep-equal,middle,0.654612254,0.033623855640245656,0.636591,0.2
chain-args,bottom,0.432856456,0.027292970303257214,0.42167234,0.2
changelogx,middle,0.46630854799999993,0.012228358992639594,0.46724844,0.2
charabanc,bottom,0.11214578099999999,0.010525713312886684,0.11290519,0.2
check-pages,middle,0.559616758,0.017958909979111204,0.5687009,0.2
chemical-symbols,bottom,0.6750958920000001,0.01046527553260405,0.6814297,0.2
choice,bottom,0.289598086,0.019210785349873905,0.28464943,0.2
ci-info,top,0.487069956,0.009748962685918442,0.49018872,0.2
cipher-base,top,0.47775042599999995,0.031433051560142554,0.4757684,0.2
circular-dependency-plugin,top,0.760282806,0.012314907670814276,0.7557019,0.2
clap,top,0.37053365200000005,0.06681996799254152,0.3763075,0.2
class-utils,top,0.661705868,0.013165749548435106,0.65858734,0.2
classlist-polyfill,middle,0.5789022060000001,0.00902816660581096,0.57724476,0.2
classnames,top,0.7034893259999999,0.04571945191374104,0.6919083,0.2
clever-tools,bottom,0.51572825,0.017353624243471463,0.52099323,0.2
cli,middle,0.204912342,0.015733306566288595,0.20053434,0.2
cli-cursor,top,0.708548038,0.05078931333923724,0.6804431,0.2
cli-snow,bottom,0.43290576,0.021541652908414408,0.4345759,0.2
cli-spy,bottom,0.49719087799999995,0.027232282559806142,0.49805462,0.2
cli-width,top,0.207391692,0.027263942503327906,0.21450324,0.2
cliclopts,middle,0.368224948,0.02717928665824066,0.38342547,0.2
clingwrap,bottom,0.411553758,0.009866230495565165,0.41643828,0.2
cliui,top,0.42237988800000004,0.03114077785001156,0.4224834,0.2
clocker,bottom,0.26849077,0.03213763059228543,0.2587902,0.2
clone-deep,top,0.7510478519999999,0.030108964671880022,0.7598796,0.2
closest,middle,0.741493804,0.05035587196859299,0.72936225,0.2
clui,middle,0.63001551,0.027919789203991123,0.62165195,0.2
cluster-advisor,bottom,0.09440955520000001,0.021141910478934146,0.09691205,0.2
cluster-role,bottom,0.6407996020000001,0.00824580408917286,0.64607,0.2
clusterjs,bottom,0.674892446,0.0061222968707651156,0.67138875,0.2
co-event-wrap,bottom,0.493447356,0.03381562649252382,0.48875672,0.2
co-inbox,bottom,0.40984366000000005,0.02104370221900603,0.4056733,0.2
co-thrift,bottom,0.552368746,0.016210099374975483,0.5591775,0.2
code-point-at,top,0.40022247999999994,0.009929055208195798,0.4020397,0.2
code-snippets,bottom,0.639945502,0.006320378124172625,0.64125305,0.2
codewars,bottom,0.5938653859999999,0.03873679386612139,0.6017388,0.2
coffee,middle,0.199578346,0.04984371944819206,0.18263552,0.2
collect-callbacks,bottom,0.128128548,0.01794345101583918,0.12762609,0.2
collection-visit,top,0.555206936,0.006377270646215354,0.55339146,0.2
color-name,top,0.638602222,0.013070913250072471,0.6401726,0.2
color-support,top,0.733153694,0.004896277965973695,0.7328806,0.2
colormin,top,0.505438654,0.02762240389860337,0.5089369,0.2
colorzy,bottom,0.640086896,0.01208075773412741,0.6378757,0.2
colsole,bottom,0.438170766,0.0581499357695912,0.4283682,0.2
command-line-commands,middle,0.290166812,0.010363170316380985,0.29201072,0.2
command-mapper,bottom,0.49753756400000004,0.0091213997801286,0.49698782,0.2
commist,middle,0.43124763999999993,0.0388507595262287,0.41674888,0.2
common-dir,middle,0.655029344,0.01613601551024074,0.65643924,0.2
commonmark-react-renderer,middle,0.8651534399999999,0.008255080778708321,0.8654213,0.2
comparative-selection,bottom,0.5920572959999999,0.01154304692372555,0.5957589,0.2
compare-versions,top,0.636388492,0.008078293977401455,0.6384505,0.2
comparray,bottom,0.5017722920000001,0.01638061096458613,0.49434006,0.2
complexion-time-map,bottom,0.540820304,0.01146909107001644,0.5407996,0.2
compose-function,middle,0.625544978,0.03768766931879603,0.6170205,0.2
composition,middle,0.381031996,0.026343431533592573,0.37188298,0.2
compression,top,0.8395314380000001,0.011188735060618802,0.84093994,0.2
concat,middle,0.487368982,0.005287359887403192,0.48925933,0.2
concat-image,bottom,0.665282242,0.01070935243697863,0.6639031,0.2
config-lite,middle,0.50566751,0.015688978564705865,0.5109995,0.2
configurable-http-proxy,bottom,0.563085198,0.015954652011122637,0.56409574,0.2
confy-node,bottom,0.736814054,0.010303917732691781,0.7357043,0.2
connect-weinre-injector,bottom,0.675437816,0.020007981692926436,0.66924584,0.2
consign,middle,0.274543804,0.022836127820771837,0.26629052,0.2
console.table,middle,0.73794545,0.027383167474472343,0.7531889,0.2
contact-form,bottom,0.5161077040000001,0.014004049782106964,0.51182663,0.2
contains-path,top,0.6082029959999999,0.024454760283689727,0.62096786,0.2
content,middle,0.408512644,0.010053205572228179,0.40480924,0.2
content-disposition,top,0.727269348,0.014507086121634486,0.7223778,0.2
content-type,top,0.6875202380000001,0.025117170767429607,0.6957536,0.2
contentful-sdk-core,middle,0.780795954,0.012322019292371656,0.7821234,0.2
contentstream,middle,0.46558687800000004,0.01725293965544191,0.46958596,0.2
contra,middle,0.362293792,0.037450867329811864,0.36259884,0.2
contractual,bottom,0.514970922,0.015264807464587292,0.5241738,0.2
cookie-parser,top,0.689153042,0.01760123590275184,0.6937042,0.2
cool-ascii-faces,middle,0.165207952,0.014273228035019618,0.1670442,0.2
copy,middle,0.47742198599999996,0.013715439207815408,0.48063076,0.2
copy-webpack-plugin,top,0.690095534,0.012579010944556804,0.69071317,0.2
cordova-lib,middle,0.71279546,0.02530639318063722,0.7061562,0.2
core,bottom,0.295920122,0.011788632977857117,0.2955823,0.2
coreos-cluster,bottom,0.789086578,0.011564177386369466,0.785733,0.2
corq,bottom,0.269192064,0.025334232238912045,0.2650059,0.2
correcthorse,bottom,0.0655614228,0.0332765690271742,0.06933385,0.2
cors,middle,0.5972593460000001,0.011659042372248253,0.5954486,0.2
cosmiconfig,top,0.516017732,0.01991385753846976,0.52596194,0.2
couchdb-fauxton,bottom,0.8811200140000001,0.007405385846360741,0.8829746,0.2
couchdb-user-account,bottom,0.810855366,0.008110399164192232,0.80925393,0.2
countdown.js,bottom,0.367626024,0.028475483077110918,0.36664042,0.2
countn,bottom,0.391156544,0.03424387567122229,0.37247768,0.2
cpa.js,bottom,0.21533430400000003,0.02534426601183649,0.20853156,0.2
create-cipher,bottom,0.545262056,0.030080750231635346,0.5540075,0.2
createECDH,top,0.6055555220000001,0.008466956332556529,0.6099924,0.2
createHash,top,0.539966074,0.005102208834943976,0.5382886,0.2
createHmac,top,0.42662011599999994,0.03133787349275841,0.41943878,0.2
crop-rotate-and-sample-in-browser,bottom,0.607010248,0.012523452525742275,0.61075234,0.2
cross-env,top,0.65272502,0.0386371600327586,0.6483197,0.2
crossbar-nodejs,bottom,0.41891941800000004,0.010719346166479552,0.4210673,0.2
crossvent,middle,0.594243836,0.013924792337881705,0.59753716,0.2
css-declaration-sorter,top,0.6984406400000001,0.023520384594734017,0.7072359,0.2
css-driven,bottom,0.495907934,0.037226590321579656,0.49354082,0.2
css-selector-tokenizer,top,0.75590006,0.01965823235677102,0.7544497,0.2
css-url-versioner,bottom,0.77115854,0.007761807172817387,0.772899,0.2
csstree,top,0.606064644,0.020811962152086465,0.6101769,0.2
csv-join,bottom,0.6249565859999999,0.010370793841157034,0.625783,0.2
ctrllr,bottom,0.212784446,0.010342267005554434,0.21479642,0.2
currently-unhandled,top,0.54908836,0.037112764969050784,0.5305667,0.2
custom-event,top,0.68087896,0.01353556361387844,0.6814048,0.2
cyclon.p2p-rtc-client,bottom,0.6509573319999999,0.01230513633797364,0.6539165,0.2
d3-sankey,middle,0.323942028,0.04184784588291871,0.3237609,0.2
d3-star-plot,bottom,0.815576066,0.0056546795067253875,0.8131099,0.2
d6,bottom,0.21045206,0.06283968287855574,0.19003668,0.2
daily-comic.js,bottom,0.704998338,0.016750250967245847,0.71336854,0.2
dailymotion-sdk-node,bottom,0.87171182,0.010469062665816821,0.872173,0.2
danfe,bottom,0.40191537000000005,0.010039845622289222,0.40296596,0.2
date-fns,top,0.658854634,0.00691249728041755,0.6557868,0.2
date-math,middle,0.6318405819999999,0.006404271426877537,0.63351876,0.2
dbcsv,bottom,0.6171547900000001,0.03500647445356357,0.6331505,0.2
decamelize,top,0.43426771999999997,0.04354349453715733,0.4343141,0.2
decompress-response,top,0.698454896,0.008967360991859874,0.6994377,0.2
default-require-extensions,top,0.7603911999999999,0.02332997105506137,0.7466124,0.2
defaults-deep,middle,0.35904756400000004,0.027503722540618558,0.34861183,0.2
deferred-interval,bottom,0.733181236,0.012132492923660823,0.73479784,0.2
define-exceptions,bottom,0.62225163,0.012024940353820865,0.62318075,0.2
define-properties,top,0.7187395999999999,0.030354456229110757,0.7239677,0.2
define-property,top,0.49223757599999995,0.026520934481986665,0.49908483,0.2
del,top,0.55616052,0.016943794248744846,0.55821514,0.2
delighted-node,bottom,0.779883946,0.017666049787624545,0.7765273,0.2
denodeify,top,0.7032052419999999,0.017538775597524488,0.6987502,0.2
dependency-injection,middle,0.7869230500000001,0.01038166235459428,0.7903346,0.2
derequire-transform,bottom,0.5092515320000001,0.038145149895237956,0.5064399,0.2
des.js,top,0.504562536,0.023815414552119007,0.51497126,0.2
detect-browser,middle,0.459726846,0.027609460916987866,0.47648177,0.2
detect-data-stream,bottom,0.379703004,0.037064209084579545,0.36339813,0.2
detect-file,top,0.5547019799999999,0.023679916990078327,0.5699761,0.2
detect-newline,top,0.608964148,0.017444041669307016,0.60337704,0.2
detect-node,top,0.826999992,0.013213525192775752,0.82780236,0.2
detect-port,top,0.821963274,0.015462167902783874,0.815101,0.2
detect-rename,bottom,0.626786392,0.02908025546146595,0.62299764,0.2
deuces,bottom,0.42056456000000003,0.012140335396555138,0.42188066,0.2
dev-web-server,bottom,0.593770292,0.027430007198838313,0.59793836,0.2
devs,bottom,0.241967208,0.022148992672338844,0.2405965,0.2
df,middle,0.41050324600000004,0.0070208190300476885,0.41176757,0.2
dial-roller,bottom,0.56389643,0.016795651250383237,0.5671862,0.2
dialog,bottom,0.666448048,0.012317001926464094,0.6713157,0.2
diffie-hellman,top,0.7113318040000001,0.01563708254078519,0.715266,0.2
dir-glob,top,0.61143218,0.03542278986411154,0.6246213,0.2
directory-path,bottom,0.65355023,0.0415348491561893,0.63648194,0.2
dirtybit,bottom,0.331516296,0.01729011910073872,0.33249116,0.2
discord.js-musicbot-addon,middle,0.396773616,0.011002692994684529,0.3971936,0.2
displayer-api-client,bottom,0.632204572,0.005488238834842165,0.63579917,0.2
dns-packet,top,0.628902152,0.031246309815073703,0.6485722,0.2
dns-txt,top,0.558194266,0.00950351488732354,0.5555506,0.2
docker-pull,bottom,0.617911998,0.0438713408095424,0.64180887,0.2
dockerify,bottom,0.45871718799999994,0.015607268065201865,0.45881283,0.2
dockerspaniel,bottom,0.397426106,0.01113331338209701,0.3944753,0.2
docooment,bottom,0.362085494,0.012621895824684164,0.35762763,0.2
dogedc,bottom,0.3887546,0.026503002536206154,0.37791517,0.2
dom-replace-html-stream,bottom,0.745186142,0.015332195878668855,0.7491776,0.2
dom-serialize,top,0.689596736,0.014020025380869695,0.68817663,0.2
dominator,bottom,0.510853244,0.0031884887007687618,0.51082957,0.2
dot-prop,top,0.612890872,0.036588966680034425,0.6258491,0.2
dotignore,bottom,0.537199488,0.08694510664356028,0.59440553,0.2
dotpath-compile,bottom,0.7538838219999999,0.008514869275856157,0.7517469,0.2
download-email-attachments,bottom,0.7053042,0.02500273226737031,0.7103392,0.2
draftjs-to-html,middle,0.77970246,0.0366650687268932,0.7571843,0.2
drool,middle,0.204771056,0.009361869289390331,0.20567364,0.2
droonga-http-server,bottom,0.76343962,0.01114543243799,0.7669038,0.2
drop-while,bottom,0.41581307,0.021032097106444235,0.41440403,0.2
dropbox-auth-cli,bottom,0.594469124,0.010214372902950538,0.5980277,0.2
dropbox-mock.js,bottom,0.61135834,0.011342101884203343,0.61126935,0.2
dropbox-sdk-js,middle,0.8602725400000001,0.0062688148798636725,0.8613755,0.2
dsigner,bottom,0.482039782,0.009422115001496197,0.4837584,0.2
dtree,bottom,0.360230464,0.013335172925681536,0.35384068,0.2
duplexify,top,0.5870728780000001,0.03278938479063031,0.57898283,0.2
dustjacket,bottom,0.59701323,0.023900277133372297,0.60652685,0.2
dynamo-converters,bottom,0.811670294,0.00926208142755072,0.8146659,0.2
e3x-cs3a,bottom,0.227142774,0.06233782002109017,0.2063672,0.2
earl-grey,middle,0.32927531600000004,0.03701867035152708,0.33099917,0.2
edp-bcs,bottom,0.6981708799999999,0.033965053883911314,0.6882318,0.2
edx-modulestore-node,bottom,0.679776018,0.02470196000630555,0.6714707,0.2
eightbyeight,bottom,0.319470432,0.020828534084322167,0.31288782,0.2
ejs,top,0.751256594,0.04294117385010776,0.7620754,0.2
electron-json-storage,middle,0.635974954,0.034110892539657746,0.646717,0.2
electron-reload,middle,0.77234668,0.030070540340673156,0.77697325,0.2
electron-squirrel-startup,middle,0.7582866,0.030565436481997093,0.7711414,0.2
electron-store,middle,0.762056274,0.025698758500199596,0.74956745,0.2
electron-window-state,middle,0.800265858,0.020467917777947504,0.80645174,0.2
element-resize-event,middle,0.73550261,0.025629697038894148,0.7258777,0.2
elixir,top,0.31597747,0.01951068993636822,0.31266144,0.2
elliptic,top,0.773290656,0.007754220279946283,0.76986897,0.2
email-obfuscator,bottom,0.66768003,0.012415882136078766,0.6671756,0.2
ember-assign-polyfill,middle,0.719213342,0.0034241485397570096,0.7188809,0.2
ember-browserify,middle,0.8010503420000001,0.03724843444870293,0.8212367,0.2
ember-cli-admin-languages,bottom,0.834633852,0.011353018045672679,0.8324864,0.2
ember-cli-array-slice,bottom,0.852801642,0.009495255661135132,0.85205686,0.2
ember-cli-autoprefixer,middle,0.542077702,0.027643889152252438,0.5366945,0.2
ember-cli-deploy,middle,0.809147466,0.016692370834641205,0.8079032,0.2
ember-cli-github-pages,middle,0.695465848,0.0266663259842318,0.6826324,0.2
ember-cli-jsx,bottom,0.763179422,0.01301718024364032,0.759382,0.2
ember-cli-typescript,middle,0.69264544,0.013820562310801563,0.6837156,0.2
ember-dropkick,bottom,0.706256494,0.028620811470195576,0.71222866,0.2
ember-lodash,middle,0.789352664,0.024128728134606047,0.79106987,0.2
ember-pdfjs,bottom,0.8223915460000001,0.004925418901583884,0.8227617,0.2
ember-power-select,middle,0.81358228,0.005137192628839201,0.81580186,0.2
ember-sinon,middle,0.7726541499999999,0.01378965311111924,0.7749415,0.2
ember-test-helpers,middle,0.8684225059999999,0.01140285873095778,0.8752413,0.2
emic2,bottom,0.466783768,0.009280127910137865,0.46972734,0.2
emoji-regex,top,0.77257576,0.010342887445305112,0.7695033,0.2
emoney,bottom,0.207989886,0.012396732648138785,0.21208778,0.2
enable,middle,0.503038148,0.009991362716993104,0.50184214,0.2
enb-browserify,bottom,0.830484552,0.007767771374114942,0.8283064,0.2
enb-y-i18n,bottom,0.59284823,0.012741117008213985,0.5919972,0.2
encodeurl,top,0.611358158,0.04473453369844063,0.5873237,0.2
encoding-down,middle,0.568023378,0.02703372858992115,0.5687895,0.2
ends-with,middle,0.575846842,0.04055253178155242,0.5967833,0.2
engine.io-parser,top,0.82732939,0.00797666260455464,0.82489043,0.2
epinfer,bottom,0.116608932,0.040827042020720405,0.1333228,0.2
eris,middle,0.63095736,0.02727588559830366,0.6278637,0.2
errorhandler,top,0.6806724940000001,0.026133391325545156,0.68865013,0.2
erroz,bottom,0.42710101,0.014067026058616641,0.42679775,0.2
es-abstract,top,0.741342672,0.017757655575805057,0.7440914,0.2
es-tar,bottom,0.130866444,0.011605912211990485,0.12318946,0.2
es-to-primitive,top,0.527251502,0.04264367460911078,0.5357338,0.2
es6-project-starter-kit,bottom,0.759703134,0.018715460578267354,0.7691605,0.2
esbeautifier,middle,0.6667833400000001,0.008114123482422492,0.6645894,0.2
escallmatch,middle,0.41784573599999997,0.02761469535869678,0.41674834,0.2
escape-string-regexp,top,0.747533782,0.01928788537333784,0.75157446,0.2
esformatter-quotes,middle,0.796242664,0.014540801826798566,0.79238075,0.2
eslint-config-kentcdodds,middle,0.648456866,0.023179666513083817,0.63837653,0.2
eslint-config-node-style-guide,middle,0.789273696,0.01381259533734443,0.78807527,0.2
eslint-config-peerigon,middle,0.784252732,0.016319478808164162,0.7869437,0.2
eslint-config-react,middle,0.747035226,0.009576550974948141,0.7441567,0.2
eslint-config-standard,top,0.8862532639999999,0.006070966553492977,0.88409424,0.2
eslint-loader,top,0.882457756,0.004840811471213296,0.88321817,0.2
eslint-plugin,middle,0.663989234,0.03546125965658556,0.6750411,0.2
eslint-plugin-css-modules,middle,0.400953402,0.013783934604543056,0.40935868,0.2
eslint-plugin-github,middle,0.7249385079999999,0.005667429250843826,0.726687,0.2
eslint-plugin-import,top,0.7928885059999999,0.011134703632525639,0.7961428,0.2
eslint-plugin-lodash,middle,0.7800268260000001,0.003160865744488371,0.7818559,0.2
eslint-plugin-node,top,0.82652908,0.0033650777685961396,0.82849723,0.2
eslint-plugin-react,top,0.785812828,0.015783781824009115,0.7915224,0.2
eslint-plugin-standard,top,0.618114336,0.02329066802330341,0.6166267,0.2
espial,bottom,0.30266887000000003,0.03776699080525746,0.30876756,0.2
espower-source,middle,0.54130742,0.01775461030607964,0.54583955,0.2
espree,top,0.571254708,0.01412172834642133,0.57641596,0.2
esri-dump,bottom,0.521614056,0.006875195689275317,0.51894987,0.2
esri-gnip,bottom,0.498414174,0.011618193622628274,0.50373226,0.2
estktap,bottom,0.31815813,0.10361630056980994,0.31164092,0.2
etag,top,0.707423822,0.007439576087232427,0.70391065,0.2
event-aggregator,middle,0.5328406219999999,0.014029347080902246,0.52654755,0.2
event-source-emitter,bottom,0.5867621639999999,0.02771713873022849,0.5787314,0.2
excuses,bottom,0.6339425679999999,0.016672271385660666,0.63240904,0.2
exec-sh,top,0.6186275840000001,0.012709632128627097,0.6243772,0.2
execa,top,0.371994038,0.015469096038341089,0.379566,0.2
exit-hook,top,0.493174608,0.013908385012911098,0.4981943,0.2
exp-asynccache,bottom,0.613582626,0.0173133921956034,0.6183448,0.2
expand-brackets,top,0.620772224,0.03808819780930937,0.6380523,0.2
expand-range,top,0.596974446,0.03638384755915021,0.60651946,0.2
exposify,middle,0.45506484,0.0341044918445291,0.45791826,0.2
express-batch,bottom,0.782952594,0.013419546778091304,0.7833048,0.2
express-boot,bottom,0.550291102,0.010390283750553684,0.55195695,0.2
express-fluent-logger,bottom,0.809973724,0.016464887293385286,0.81889546,0.2
express-orm-mvc,bottom,0.81978103,0.02085132011688949,0.8108666,0.2
express-qrcode,bottom,0.5742060600000001,0.011693326783383766,0.5692241,0.2
express-react-views,middle,0.689315028,0.002736160764231555,0.68928254,0.2
express-request-proxy,middle,0.677045368,0.02586624723140117,0.6614599,0.2
express-sanitizer,middle,0.60328837,0.014451384079976568,0.601236,0.2
express-wrangler,bottom,0.6007221620000001,0.01628503497419395,0.59085155,0.2
extend-shallow,top,0.6496674,0.04051888953809075,0.6525794,0.2
extglob,top,0.592462014,0.010733326035841803,0.59059024,0.2
extract-gettext,bottom,0.540414304,0.017346257807270143,0.53868526,0.2
extract-text-webpack-plugin,top,0.7350151580000001,0.003483338014795554,0.7365616,0.2
extract-zip,top,0.8234029700000001,0.02291022918713385,0.8291397,0.2
fancy-log,top,0.485797244,0.02699500179828627,0.47715294,0.2
fast-json-stringify,middle,0.730504756,0.01996033812962294,0.7291198,0.2
fastfall,middle,0.49003597,0.012394252150753201,0.48805633,0.2
fastft-api-client,bottom,0.74469998,0.011309911061851918,0.7421571,0.2
fastparse,top,0.47113577200000006,0.022126691482979757,0.4701264,0.2
fb-node,bottom,0.514028162,0.011530810073660035,0.51973754,0.2
fb-xmpp-connector,bottom,0.31773455,0.013011073200820143,0.3202528,0.2
fetch,top,0.41491067,0.0088243345951409,0.4117381,0.2
fetch-client,middle,0.771100816,0.009661152755615111,0.76998436,0.2
fetch-ponyfill,middle,0.690271576,0.023309424350401287,0.70417464,0.2
fetchr,middle,0.319296086,0.00427857357671105,0.31926703,0.2
figures,top,0.427397136,0.03842466950665197,0.4424288,0.2
file-type,top,0.607648918,0.017106512328736702,0.60983056,0.2
filename-regex,top,0.681225416,0.016590890748511077,0.67823535,0.2
filetobase64,bottom,0.645391546,0.011419630326901107,0.6459133,0.2
fill-range,top,0.58577132,0.029461343415177116,0.5960585,0.2
finalhandler,top,0.68475481,0.020474791884703036,0.67673117,0.2
find-cache-dir,top,0.652588328,0.011261898833807737,0.65622914,0.2
find-file-up,middle,0.41440182400000003,0.02213555171908599,0.4150758,0.2
find-process,middle,0.65250124,0.03467205794858164,0.63567424,0.2
find-up,top,0.5467264039999999,0.02973596877497485,0.5477763,0.2
fined,top,0.154088542,0.09138528702112074,0.16847932,0.2
first-chunk-stream,top,0.606976188,0.01058549014699226,0.60251343,0.2
firstline,middle,0.5586587059999999,0.021881948723333138,0.5475055,0.2
fist-fistlabs_unit_serial,bottom,0.508213722,0.014281195040581134,0.50776863,0.2
flagged-respawn,top,0.625488254,0.014655320425624651,0.63166845,0.2
flickity,middle,0.6758512839999999,0.023392522457444158,0.6759493,0.2
flow-view,bottom,0.49753300199999995,0.022044098832833228,0.5014699,0.2
flush-write-stream,top,0.680346172,0.010187736162117702,0.6816465,0.2
fluxer,bottom,0.496852378,0.016716009112535513,0.50037694,0.2
fluxxor-autobind,bottom,0.7401450199999999,0.017980209906098134,0.7334533,0.2
fn-args,middle,0.537540788,0.009723096165919556,0.54087204,0.2
fontpath,bottom,0.623978452,0.017710393026223882,0.6162417,0.2
for-in,top,0.42571717400000003,0.04924817197699,0.41567734,0.2
for-own,top,0.475500022,0.012298132869518042,0.47767293,0.2
format-url,bottom,0.679879594,0.0040360986293672225,0.6809255,0.2
forwarded,top,0.530143336,0.025838314557864072,0.5455063,0.2
framework,middle,0.365061494,0.018247988420828195,0.3724867,0.2
fredApi,bottom,0.727203762,0.013072911193839753,0.72989845,0.2
freeloader-stream,bottom,0.6015914,0.012361190505317457,0.5986631,0.2
friendly-errors-webpack-plugin,top,0.737797122,0.009591507654535843,0.73446184,0.2
from2,top,0.5284619740000001,0.0073706542961687145,0.52422076,0.2
from2-string,middle,0.57714644,0.042948234023915316,0.5590711,0.2
frozen-express,bottom,0.668340148,0.01588165146713399,0.6684464,0.2
fruit,bottom,0.407428792,0.02675814321713149,0.3958969,0.2
fs-temp,middle,0.698768928,0.07150940110156753,0.74145937,0.2
fs-write-stream-atomic,top,0.7581044220000001,0.005787655720014824,0.75512195,0.2
fsm2dot,bottom,0.53114766,0.0032414245167827083,0.533369,0.2
ftp-generate-response,bottom,0.590151848,0.01519866792770074,0.5887797,0.2
fuzzy-search,middle,0.69070124,0.004926660672078006,0.6913376,0.2
fxos-simulators,bottom,0.5843410259999999,0.010445130120447496,0.588683,0.2
ga-localstorage,bottom,0.71549777,0.007324737280066745,0.7168436,0.2
gaffa-frame,bottom,0.661194418,0.02291695379637352,0.655123,0.2
gardr-plugin-ext-burt,bottom,0.64534676,0.016289528042819416,0.64530396,0.2
garnish,middle,0.252941274,0.019881979052597608,0.25102714,0.2
gcr,bottom,0.22858861200000002,0.08876827476946152,0.17391229,0.2
gearsloth,bottom,0.388840038,0.010572922110678284,0.38781637,0.2
gedcomx-date-js,bottom,0.886602424,0.013398393872531155,0.89164364,0.2
generate-function,top,0.6306389,0.046466330268162964,0.6075281,0.2
generator-appsngen-web-widget,bottom,0.75524575,0.011959998109427068,0.76069975,0.2
generator-bangular,bottom,0.5329438559999999,0.07170614371128238,0.53002256,0.2
generator-lib-java,bottom,0.580528988,0.018197787758147153,0.58172786,0.2
generator-meshblu-connector,bottom,0.76035316,0.014701101252591572,0.7656979,0.2
generator-npm-module,bottom,0.835170754,0.005084141033678163,0.8338354,0.2
generator-react-gulp-browserify,bottom,0.77030795,0.006761444243835763,0.76753795,0.2
generator-readme,bottom,0.6651723460000001,0.14440942904928789,0.57031655,0.2
generator-utils,bottom,0.7397855339999999,0.018004858995703896,0.74266183,0.2
generator-videojs-plugin,bottom,0.8812602,0.004043860036128854,0.8791312,0.2
geo-tree,bottom,0.492257464,0.011209007743990067,0.49205893,0.2
geohash-poly,bottom,0.654149012,0.013926664380549616,0.6549975,0.2
geojson-summary,bottom,0.790687518,0.012723658317330402,0.79158705,0.2
geojson-vt,middle,0.670139262,0.012084056582310028,0.67095995,0.2
get-stdin,top,0.638573346,0.0052435333597279365,0.6414503,0.2
get-stream,top,0.584857386,0.019302822857348592,0.57722497,0.2
get-value,top,0.54194628,0.014608722623042686,0.5392607,0.2
getpackages,bottom,0.340142486,0.0425649289410094,0.32374674,0.2
ghost-export,bottom,0.558151882,0.00915970534632364,0.5590842,0.2
ghost-render,bottom,0.456138476,0.02651360234781065,0.46530822,0.2
ghpages,middle,0.44289163800000003,0.03023643272313087,0.45587152,0.2
ghusers,bottom,0.554214784,0.027089541733542326,0.55101734,0.2
giphy-api,middle,0.729343176,0.01714716185336894,0.7320894,0.2
git-clone,middle,0.693865056,0.018485006825963855,0.69997585,0.2
git-latest-semver-tag,middle,0.75283526,0.01940019315285289,0.7480558,0.2
git-repository,middle,0.6041684,0.015178265308947524,0.599711,0.2
gitbook,middle,0.70396332,0.005867369730616112,0.70430815,0.2
gitbook-grvis,bottom,0.65771888,0.0233909803998208,0.65024626,0.2
gitbook-plugin-comments,bottom,0.746871108,0.01447766658468551,0.7547955,0.2
gitbook-plugin-lexicon,bottom,0.804598176,0.00329699039154348,0.80379844,0.2
gitbook-plugin-piwik,bottom,0.8533815199999999,0.0044240546082750945,0.8528328,0.2
github-changes,middle,0.496313056,0.016695935450392694,0.48969948,0.2
github-jobs,bottom,0.688381386,0.018678075839547316,0.689725,0.2
github-language,bottom,0.471627092,0.025341521856437916,0.4599398,0.2
github-todos,bottom,0.702276092,0.010076982355165636,0.70568776,0.2
gitignoreensure,bottom,0.519762626,0.031538472729632575,0.5347781,0.2
gl-mat4,middle,0.668033874,0.009048662106542604,0.6717322,0.2
gl-vec3,middle,0.6132661300000001,0.01927619981560938,0.61942244,0.2
glob-parent,top,0.6240245,0.026089233553805283,0.6171104,0.2
global-modules,top,0.5958958360000001,0.1368067932274261,0.5800394,0.2
global-prefix,top,0.47230002000000004,0.013084522363875207,0.4765013,0.2
globby,top,0.567746248,0.020341430865081018,0.56747943,0.2
globo,middle,0.098291202,0.018310545625143722,0.09125775,0.2
globstar,middle,0.41831764,0.029069952656992776,0.42276418,0.2
glogg,top,0.561894826,0.023945868642790556,0.5626327,0.2
glry,bottom,0.327055372,0.0975789111399644,0.36960799,0.2
glue,middle,0.16040169799999998,0.03998152025854595,0.17172754,0.2
gnar,bottom,0.232598586,0.018698541181968717,0.24326354,0.2
gocd-api,bottom,0.658953534,0.027351600331137486,0.6497836,0.2
goodscloud-node,bottom,0.825155452,0.0175765477776374,0.82849073,0.2
google-cloud-storage,bottom,0.6500542420000001,0.006112154049663677,0.6523404,0.2
google-fonts-downloader,bottom,0.8257736680000001,0.009580029672619483,0.82401943,0.2
google-libphonenumber,middle,0.8084591440000001,0.008694889341094626,0.80913556,0.2
google-maps-react,middle,0.7635981519999999,0.010830694639351154,0.76056015,0.2
google-maps-services-js,middle,0.8552169,0.01286039564040703,0.85976714,0.2
googlefonts,bottom,0.683202628,0.01212721672278392,0.68892384,0.2
got,top,0.761625482,0.050499307518165205,0.78151584,0.2
governor,bottom,0.0535330062,0.0073656156161729085,0.05334089,0.2
gp-js-client,middle,0.42152879,0.02082384620242138,0.42567623,0.2
grunt-api-meta,bottom,0.657474172,0.0196547878820574,0.65178204,0.2
grunt-blogbuilder,bottom,0.712071538,0.008352824852905743,0.7101474,0.2
grunt-caveman,bottom,0.718321932,0.031689926943149004,0.7056164,0.2
grunt-check-pages,middle,0.747110818,0.010016898599098423,0.75025904,0.2
grunt-crowdin,bottom,0.79895819,0.0195548744229029,0.80860335,0.2
grunt-date-suffix,bottom,0.80442324,0.015872889810869373,0.7984569,0.2
grunt-gulp,middle,0.6758877240000001,0.00712471297829463,0.67643106,0.2
grunt-htmllint-http,bottom,0.64572667,0.014209886895292305,0.64161205,0.2
grunt-jscpd-reporter,bottom,0.5298125220000001,0.0139924639986305,0.52615863,0.2
grunt-knex-schema,bottom,0.43797489800000006,0.01318565148929774,0.4435377,0.2
grunt-metascript,bottom,0.736142594,0.023064445514882407,0.74046254,0.2
grunt-neo4j,bottom,0.8214584520000001,0.00839353891159861,0.8239229,0.2
grunt-nexe,bottom,0.572307934,0.01355175018286498,0.5746348,0.2
grunt-npm-helper,bottom,0.727899512,0.006531544276640865,0.73006046,0.2
grunt-potomo,middle,0.636442786,0.03729874393699711,0.6180641,0.2
grunt-protractor-coverage,middle,0.660932998,0.017110087038876242,0.65768033,0.2
grunt-sass-lint,middle,0.8970307739999999,0.003912852918674591,0.89460427,0.2
grunt-serve,middle,0.68917772,0.02085012338416251,0.68974036,0.2
grunt-slm,bottom,0.8191914459999999,0.013679104984829268,0.8211758,0.2
grunt-stylus-base-files,bottom,0.727021144,0.017384195036662782,0.73311555,0.2
grunt-svgstore,middle,0.537619266,0.002427162242780638,0.5365013,0.2
grunt-template-jasmine-dojo,bottom,0.773824328,0.015416049955967,0.773117,0.2
grunt-xunit,bottom,0.797171564,0.01025794317529979,0.79464066,0.2
gulp-atom-electron,middle,0.800753686,0.010342197781877926,0.7997,0.2
gulp-autoprefixer,top,0.5165194900000001,0.01699998670263601,0.5078778,0.2
gulp-ava,middle,0.5462300499999999,0.011792779368007402,0.5432074,0.2
gulp-base64,middle,0.695833392,0.01324409779778597,0.6940169,0.2
gulp-cdn-ref,bottom,0.6476406,0.03583339231974767,0.65369403,0.2
gulp-changed-in-place,middle,0.723313696,0.03642880373062888,0.7300039,0.2
gulp-connect-php,middle,0.76112907,0.01579725139162826,0.76376516,0.2
gulp-coverage,bottom,0.782766806,0.025360574021833192,0.78049874,0.2
gulp-css-inline-images,middle,0.803015676,0.020199382881999916,0.80807513,0.2
gulp-cssbeautify,middle,0.352556966,0.020536862975775543,0.34539402,0.2
gulp-develop-server,middle,0.7177506339999999,0.013381631267210283,0.71681917,0.2
gulp-dotjs-packer,bottom,0.7735493019999999,0.012992513903976394,0.77389395,0.2
gulp-es6-module-jstransform,bottom,0.7276815,0.01814113624266132,0.7374556,0.2
gulp-espower,middle,0.796746294,0.017013936555088576,0.79389983,0.2
gulp-exemplary,bottom,0.172323834,0.024828794292760782,0.16962971,0.2
gulp-framework-dep,bottom,0.408845792,0.026336345782054113,0.42194122,0.2
gulp-haste,bottom,0.5655642399999999,0.03355919259949202,0.5764673,0.2
gulp-html-extract,middle,0.8116503359999999,0.009846367753069102,0.8127022,0.2
gulp-html5-lint,middle,0.812248022,0.009912666089227414,0.8093195,0.2
gulp-hub,middle,0.6591759939999999,0.03976596795152018,0.64699703,0.2
gulp-imacss,bottom,0.706011864,0.014519548541526017,0.707779,0.2
gulp-inline-css,middle,0.608925772,0.008437803646018916,0.60692227,0.2
gulp-istanbul-enforcer,middle,0.79228805,0.022537010070271025,0.7942666,0.2
gulp-jsdoc,middle,0.6966433839999999,0.03240593164499414,0.7058407,0.2
gulp-jsonminify,middle,0.617753248,0.023583804220704486,0.6268656,0.2
gulp-mock,bottom,0.8094776859999999,0.03217310049502972,0.8169964,0.2
gulp-mustache,middle,0.8148751519999999,0.015558102689290832,0.820487,0.2
gulp-natural-sort,middle,0.489067944,0.028891935818886882,0.4872629,0.2
gulp-p4,bottom,0.748498648,0.026208071450249244,0.7471365,0.2
gulp-pleeease,middle,0.67185808,0.014406398752977752,0.6749572,0.2
gulp-plumber,top,0.414949324,0.02599998880042893,0.41365275,0.2
gulp-processhtml,middle,0.519477116,0.04043602812096755,0.49578446,0.2
gulp-reduce-file,middle,0.5415559080000001,0.025294494244465875,0.5424894,0.2
gulp-remote-src,middle,0.843948162,0.01824767930822217,0.8433167,0.2
gulp-serve,bottom,0.309697194,0.031954659153839826,0.3096807,0.2
gulp-sloc,bottom,0.637667808,0.03193728470174509,0.6283852,0.2
gulp-sourcemaps,top,0.8377153359999999,0.014132205899120275,0.8402655,0.2
gulp-standard,middle,0.657687182,0.042256562944757124,0.65842247,0.2
gulp-strip-comments,middle,0.591236054,0.007266124274768475,0.59117126,0.2
gulp-strip-css-comments,middle,0.68986373,0.008919983278263497,0.6866045,0.2
gulp-stylint,middle,0.821206096,0.004137357645252549,0.819384,0.2
gulp-subtree,middle,0.705291602,0.012482671538241338,0.7072946,0.2
gulp-tape,middle,0.7582426800000001,0.020029175386669065,0.7585275,0.2
gulp-use-asset,bottom,0.413103998,0.010670840818497873,0.41057497,0.2
gulp-wrapper,middle,0.671664786,0.017717419087185948,0.6691873,0.2
gulplog,top,0.82658802,0.01844644805909802,0.8197757,0.2
gunzip-maybe,middle,0.480196312,0.02827647734384835,0.47500226,0.2
gzip-size,top,0.7015847519999999,0.039410554986809364,0.69654894,0.2
gzip-size-cli,middle,0.65221039,0.021408266272749644,0.6425146,0.2
hammer-draggables,bottom,0.799901558,0.020532468559060716,0.792927,0.2
handle-callback,bottom,0.42273353999999996,0.015119112376902291,0.42551538,0.2
handpipe.js,bottom,0.369873978,0.004164711559918642,0.3687764,0.2
hapi-auth-jwt2,middle,0.704538202,0.006640537395009491,0.70706594,0.2
hapi-bookshelf,bottom,0.382846968,0.010586437808910054,0.3793233,0.2
hapi-boom-jsend,bottom,0.826845002,0.017321459161243325,0.82328117,0.2
hapi-cors-headers,middle,0.7239279200000001,0.0047285178318157975,0.7241967,0.2
hapi-jwt,bottom,0.763220448,0.014666633499694859,0.76693755,0.2
hapi-magic-filter,bottom,0.482685708,0.024699320926359923,0.48054886,0.2
hapi-monit,bottom,0.7889207060000001,0.022531193260060114,0.78164953,0.2
hapi-route-directory,bottom,0.8343408,0.007671054373422229,0.8373317,0.2
harmony,bottom,0.07055145139999999,0.021020473615444103,0.060684405,0.2
has-ansi,top,0.66495134,0.046521055276003774,0.64363,0.2
has-flag,top,0.564627346,0.0500305985573437,0.568798,0.2
has-gulplog,top,0.796119228,0.011679691234372175,0.7946981,0.2
has-key-deep,bottom,0.68545908,0.01480426735174524,0.6878833,0.2
has-require,middle,0.453473856,0.049710750909626455,0.46640188,0.2
has-unicode,top,0.585376694,0.05538324925342211,0.5993408,0.2
has-value,top,0.5237468439999999,0.01726501352094545,0.51618975,0.2
hash-base,top,0.50403012,0.030372229040260615,0.49998096,0.2
hash-sum,top,0.42182772599999996,0.013039783148161597,0.4243594,0.2
hash.js,top,0.7731986,0.013678911424188669,0.7750391,0.2
haypeaeye,bottom,0.20411424399999997,0.0322898144365995,0.18740243,0.2
hbars,bottom,0.5070184959999999,0.028072618376112166,0.505682,0.2
heartbleed.js,bottom,0.6062187800000001,0.06504099489794224,0.5875007,0.2
help-me,middle,0.428421002,0.06931736598233172,0.42341584,0.2
helper-coverage,middle,0.5253909720000001,0.018143475180454543,0.52582294,0.2
heroku-cli-util,middle,0.487090272,0.028233621328266928,0.4848976,0.2
heroku-proxy,bottom,0.7429830340000001,0.011370056081597822,0.7405398,0.2
hershey,bottom,0.694625356,0.03208718987469735,0.71084124,0.2
hexo-cli,middle,0.681216082,0.022012160903616854,0.6916448,0.2
hexo-generator-json-content,middle,0.710954932,0.019594227362800472,0.70804656,0.2
hexo-migrator-joomla,bottom,0.688906708,0.017286384738011886,0.68394125,0.2
hexo-renderer-haml,bottom,0.81258208,0.020648272206135104,0.80629003,0.2
hexo-renderer-jade,middle,0.83189817,0.024028912077422495,0.8289909,0.2
hideout,bottom,0.24213231,0.03315238362437459,0.22411674,0.2
high5,bottom,0.254785346,0.014143038309460948,0.2600159,0.2
hipku,bottom,0.349055888,0.10846266307031406,0.3436762,0.2
hmks,bottom,0.17480538,0.01309111040663281,0.17789127,0.2
hogan-brisket,bottom,0.59994037,0.016258909879263095,0.6028302,0.2
hoist-non-react-statics,top,0.4208587899999999,0.03691818388428458,0.42050973,0.2
homedir-polyfill,top,0.692799554,0.05432949383753019,0.68066764,0.2
hotkeys,middle,0.590223438,0.02234354908377855,0.5848236,0.2
hotpath,bottom,0.44467794400000005,0.029149086249642173,0.45526788,0.2
html-comment-regex,top,0.7932089139999999,0.009724308304665188,0.7991208,0.2
html-pipe,bottom,0.6914874,0.021313138974937546,0.6945038,0.2
html-webpack-harddisk-plugin,middle,0.74326379,0.005297946359189562,0.74346423,0.2
htmlizer,bottom,0.176323383,0.040294729956237084,0.16695106,0.2
http,middle,0.41957369,0.016809945947358088,0.4162707,0.2
http-errors,top,0.70372148,0.021670529145469682,0.71002746,0.2
http-proxy-middleware,top,0.775966994,0.018674324655986348,0.7723975,0.2
http-request-builder,bottom,0.456748564,0.006577506761576146,0.45512927,0.2
hugo-bin,middle,0.622059232,0.02046646966752864,0.623982,0.2
humanb,bottom,0.320131794,0.0456258248779798,0.3373907,0.2
humanize-string,middle,0.5265833600000001,0.017815090929544832,0.5252382,0.2
husky,top,0.47416301999999994,0.023260065204925805,0.4744172,0.2
i18next-sprintf-postProcessor,middle,0.75508622,0.030951054764010902,0.7580658,0.2
i18next-xhr-backend,middle,0.636907726,0.02506586539927914,0.64659476,0.2
ice-cap,middle,0.7622739980000001,0.03391683742022719,0.77165633,0.2
iconify,bottom,0.597893628,0.06876342996658123,0.5621717,0.2
icss-utils,top,0.414690416,0.013898245437058936,0.4087872,0.2
iframe-api,bottom,0.586480798,0.006668259638205519,0.58543754,0.2
ify,bottom,0.616084574,0.02815325710029451,0.61607504,0.2
imagemin-cli,middle,0.364444956,0.030350090412364167,0.3473085,0.2
imagemin-jpeg-recompress,middle,0.830105474,0.03377689150632988,0.8260913,0.2
imapseagull,bottom,0.592875948,0.009181386943883799,0.5934504,0.2
immer,top,0.516338392,0.027074391760283756,0.5116974,0.2
impersonate,bottom,0.22742729,0.017666192525061818,0.23419946,0.2
import-cwd,top,0.512755066,0.05849658122596635,0.50221103,0.2
import-from,top,0.543590754,0.045682286426121786,0.56521285,0.2
import-glob-loader,middle,0.665083246,0.011158585990410228,0.6708613,0.2
import-lazy,top,0.723801718,0.05570743395824448,0.72854483,0.2
in-publish,top,0.691541602,0.03357168716044995,0.6909596,0.2
indent-string,top,0.6543401600000001,0.008733457384564224,0.6508945,0.2
indexeddb-mock,bottom,0.7806278879999999,0.009989287531536996,0.7786689,0.2
infer,bottom,0.287019914,0.016961814290643557,0.28965592,0.2
inflight,top,0.593425088,0.03562615058014228,0.59601665,0.2
inject-lr-script,middle,0.487098672,0.006653736336853888,0.48567927,0.2
injectify-view,bottom,0.386885284,0.009792491805331276,0.3833057,0.2
innkeeper-storememory,bottom,0.797682062,0.020300182476882308,0.79757965,0.2
int64-buffer,middle,0.76428682,0.010806975174571314,0.75982654,0.2
internal-ip,top,0.62206932,0.019235928584052046,0.61221695,0.2
interpret,top,0.29452065000000005,0.125538414879767,0.3635165,0.2
invariant,top,0.5988744460000001,0.01602063392046272,0.60161316,0.2
invert-kv,top,0.53749774,0.024260400456700006,0.52894497,0.2
ioBroker.js-controller,bottom,0.732536288,0.007717910030229713,0.7307507,0.2
ios-icon-resize,bottom,0.396361216,0.011822284226564669,0.39821282,0.2
ios-splash-generate,bottom,0.6300482279999999,0.014473977477698399,0.63409364,0.2
iostreams,bottom,0.451203368,0.017282379635441405,0.44595653,0.2
ip-regex,top,0.77041533,0.02582132649481817,0.7784903,0.2
ipod,bottom,0.49706513399999996,0.020248944754492255,0.50122845,0.2
iputil,bottom,0.22143412599999998,0.011253923214567448,0.2219594,0.2
is-absolute,top,0.651899758,0.029135015362966907,0.666785,0.2
is-absolute-url,top,0.758561934,0.033229120935307346,0.7647481,0.2
is-accessor-descriptor,top,0.710899054,0.014719542048140624,0.71799403,0.2
is-async-supported,middle,0.671668766,0.0256710410316368,0.67288435,0.2
is-binary-path,top,0.6897299020000001,0.011836070002649544,0.6925335,0.2
is-buffer,top,0.608725556,0.024458442596082843,0.61079574,0.2
is-builtin-module,top,0.6687923299999999,0.030091312610195365,0.65974545,0.2
is-ci,top,0.558148534,0.020991721154842935,0.5657838,0.2
is-class,middle,0.669474406,0.025505480076232233,0.67371786,0.2
is-data-descriptor,top,0.670237152,0.01997860240201677,0.67597276,0.2
is-descriptor,top,0.697570846,0.02233646607461841,0.6962074,0.2
is-directory,top,0.601561264,0.013383107262031116,0.60436857,0.2
is-dotfile,top,0.636951148,0.029628308780417563,0.64791095,0.2
is-equal-shallow,top,0.651703132,0.011354066413806123,0.6493834,0.2
is-extendable,top,0.58176403,0.01783904983979807,0.5822954,0.2
is-finite,top,0.24337227,0.0037572736406202827,0.24541196,0.2
is-fullwidth-code-point,top,0.70892809,0.020360702814993883,0.7216445,0.2
is-generator-fn,top,0.670793432,0.015024944937072762,0.66327953,0.2
is-glob,top,0.52324949,0.018289083859142616,0.51611125,0.2
is-invalid-path,middle,0.5410989500000001,0.009297500239516041,0.5369852,0.2
is-it-purple,bottom,0.473383906,0.014295891731234535,0.48156977,0.2
is-keyword,bottom,0.540757376,0.0069283056056355175,0.54397154,0.2
is-localhost,bottom,0.708438888,0.02827609156278002,0.695503,0.2
is-my-json-valid,top,0.5323715499999999,0.019201273812635457,0.53383416,0.2
is-npm,top,0.465731114,0.013577582770733891,0.47178733,0.2
is-number,top,0.710628712,0.009575830934322115,0.7082558,0.2
is-obj,top,0.6064363260000001,0.017536595826230947,0.61218834,0.2
is-odd,top,0.0522990478,0.01540334714811978,0.048555955,0.2
is-online,middle,0.49175146999999997,0.02999566600066166,0.47249645,0.2
is-path-cwd,top,0.592177634,0.02047436295358367,0.58972406,0.2
is-path-in-cwd,top,0.53711756,0.02011293776606987,0.5312639,0.2
is-path-inside,top,0.60544304,0.02878588980530217,0.6139391,0.2
is-plain-obj,top,0.62128029,0.025188017116258815,0.63197905,0.2
is-primitive,top,0.662505056,0.03132792242696326,0.67197657,0.2
is-regexp,top,0.545323844,0.037839386414098085,0.5567656,0.2
is-relative,top,0.670099512,0.016393239365717786,0.6668681,0.2
is-root,top,0.609036552,0.0355360044970924,0.6132091,0.2
is-stream,top,0.7838144380000001,0.025276647035341174,0.78147906,0.2
is-svg,top,0.698093564,0.026205431930321814,0.6860515,0.2
is-travis,middle,0.708342988,0.0361057797535342,0.7037362,0.2
is-type-of,middle,0.5569483159999999,0.042862361688465446,0.53844583,0.2
is-typedarray,top,0.611185868,0.02549405489864491,0.6208818,0.2
is-valid-path,middle,0.463728606,0.008582213061933984,0.46618286,0.2
is-windows,top,0.490654614,0.022577283057099242,0.48818582,0.2
isModule,bottom,0.560514234,0.07387210528574695,0.52260166,0.2
isexe,top,0.598781074,0.02897819885425732,0.6096301,0.2
iso-http,bottom,0.612537204,0.010606426829329912,0.61459845,0.2
isobject,top,0.361431414,0.03581740692106257,0.37807906,0.2
isomorphic-form-data,middle,0.726691698,0.013702024049238867,0.7302649,0.2
isstream,top,0.704343786,0.028547934684514054,0.6930542,0.2
issuemd,bottom,0.22327329,0.05312737986754382,0.20969366,0.2
istanbul-instrumenter-loader,top,0.70072365,0.0146949146633282,0.708874,0.2
istanbul-threshold-checker,middle,0.502557964,0.01836140451040929,0.4939724,0.2
itbit,bottom,0.6700454779999999,0.08792579317136137,0.67668843,0.2
jQuerySimpleMask,bottom,0.403840312,0.022711625489827234,0.3977019,0.2
jasmine-jsonpath,bottom,0.80048254,0.01991839202541206,0.806392,0.2
jasmine-n-matchers,bottom,0.46585946400000006,0.007064192108828149,0.46385163,0.2
javascript-sdk,middle,0.557208798,0.01978533128663299,0.55042124,0.2
jekyll-meta-from-markdown,bottom,0.726968646,0.012890651272720067,0.728234,0.2
jenny,bottom,0.394734396,0.012705920479450898,0.39945197,0.2
jhipster-core,middle,0.616367508,0.00609099341497921,0.6173874,0.2
jisonify,bottom,0.772115572,0.005452349995636732,0.7742723,0.2
joi-assert,middle,0.725292254,0.027311518338881888,0.7245271,0.2
joi-machine,bottom,0.6405784,0.020698768720868413,0.6394305,0.2
join-path,middle,0.614123612,0.019630274007034883,0.6104356,0.2
jpeg-recompress-bin,middle,0.566557892,0.015280361389676653,0.56850314,0.2
jpegoptim-bin,middle,0.58403244,0.028843105092604005,0.5773806,0.2
jqueue,bottom,0.420131052,0.010851234791767712,0.4241234,0.2
js-commons,bottom,0.416519604,0.02403858984996997,0.40725458,0.2
js-ipld-dag-cbor,middle,0.8528911060000001,0.008003004750903245,0.84939533,0.2
js-libp2p-crypto,middle,0.8327650460000001,0.010191960350540019,0.8362017,0.2
js-m4,bottom,0.630737076,0.017420187068804147,0.62596893,0.2
js-multiaddr,middle,0.779118008,0.014758685978782791,0.77921104,0.2
js-multihash,middle,0.837871814,0.007163866475841079,0.83664536,0.2
js-peer-id,middle,0.782510522,0.019968541492520687,0.7803014,0.2
js-peer-info,middle,0.540928006,0.024810833856111745,0.5407202,0.2
js-sha256,middle,0.637731398,0.003909198082275979,0.6357497,0.2
js-symbol-tree,top,0.478801446,0.024097192560163096,0.481123,0.2
jsdelta,bottom,0.48936259,0.020047834890733217,0.48865318,0.2
jsdoccer,bottom,0.556887972,0.012847052312025506,0.5630729,0.2
jshint-reporter-bamboo,bottom,0.685369186,0.009273937070585516,0.68337214,0.2
json-fling,bottom,0.747609812,0.040826830901959196,0.74802077,0.2
json-readdir-stream,bottom,0.582054938,0.0052231886549999555,0.5849268,0.2
json-schema-view,bottom,0.591569676,0.005648299718240848,0.5941535,0.2
json-silo,bottom,0.340057354,0.00473124384707974,0.33979195,0.2
json-stringify-pretty-compact,middle,0.68372706,0.01428793591316118,0.6836403,0.2
json-web-crawler,bottom,0.5061446359999999,0.01840290682633262,0.508933,0.2
jsonist,middle,0.562783228,0.028050258644617156,0.55644214,0.2
jsos-util,bottom,0.6646522380000001,0.017007870427473294,0.6660509,0.2
jstransformer-markdown-it,middle,0.8163900720000001,0.016807210444060056,0.8172508,0.2
jthoober,bottom,0.242756646,0.01652030115863904,0.24306345,0.2
jwt,middle,0.40505989800000003,0.019358779877388196,0.40158713,0.2
jxt-atom,bottom,0.761463362,0.012640202688889945,0.7597749,0.2
kardia,bottom,0.347135388,0.04756118002090434,0.32993343,0.2
karma-bamboo-reporter,bottom,0.7585135940000001,0.00744551403594004,0.7597194,0.2
karma-chai-factories,bottom,0.7635189600000001,0.021463049188617137,0.7735846,0.2
karma-chai-js-factories,bottom,0.8218491739999999,0.01889320987870194,0.82887644,0.2
karma-electron,middle,0.74597609,0.02240564934476351,0.7586445,0.2
karma-gzip-preprocessor,bottom,0.8690253520000001,0.019319980602561935,0.86061394,0.2
karma-jasmine-cucumber,bottom,0.69087244,0.00931000793756912,0.69332296,0.2
karma-jasmine-jquery,middle,0.76391084,0.025331955761246524,0.7689011,0.2
karma-jenkins-reporter,middle,0.805411056,0.003178551997196202,0.8046669,0.2
karma-lodash-template-preprocessor,bottom,0.646787898,0.00909187190052848,0.64464486,0.2
karma-ng-server-side-template2js-preprocessor,bottom,0.65353652,0.0145617947629061,0.6562751,0.2
karma-nunjucks,bottom,0.672635464,0.025506304855602457,0.65931416,0.2
karma-sets,bottom,0.463190302,0.018584758205016268,0.47136664,0.2
karma-systemjs,middle,0.790214238,0.032372101909965915,0.8002093,0.2
karma-tap-reporter,middle,0.75962244,0.005294171935893236,0.76197314,0.2
karma-webpack,top,0.7318456,0.014277375754143342,0.7312521,0.2
ketch,bottom,0.5992071680000001,0.014143342897132531,0.59936225,0.2
key-remap,bottom,0.657422036,0.012230819991060678,0.6518009,0.2
keystone,bottom,0.328034714,0.00793046673903435,0.32682613,0.2
kimi,bottom,0.378964562,0.022459847807654882,0.38351125,0.2
kind-of,top,0.418377676,0.015347516049062473,0.42312378,0.2
kindle-periodical,bottom,0.448700706,0.009327334244114461,0.44695473,0.2
kiss,bottom,0.15500672399999998,0.035318822095790944,0.13594568,0.2
kmath,bottom,0.431327234,0.056506242740202425,0.4070539,0.2
kmp-matcher,bottom,0.35647759,0.017390158169101007,0.35087195,0.2
knex-schema-builder,bottom,0.842472412,0.007791710902473226,0.84251386,0.2
knockout-else,bottom,0.668209662,0.01826485704487231,0.67318887,0.2
knowhow,bottom,0.33806833,0.0069862854940125505,0.33630943,0.2
koa-barista,bottom,0.6977183140000001,0.022838440789738308,0.6944525,0.2
koa-connect,middle,0.849687934,0.02955943401484844,0.84362864,0.2
koa-helmet,middle,0.70290162,0.03032318054742939,0.7046584,0.2
koa-nunjucks,bottom,0.667935868,0.01579467995057574,0.674575,0.2
koa-passport,middle,0.819915486,0.004776264154784551,0.8197198,0.2
koala,middle,0.561649126,0.017340784249807725,0.56587523,0.2
konva,middle,0.9200465059999999,0.018194368122943415,0.9310233,0.2
krampus,bottom,0.0152351116,0.020115163188759427,0.02637805,0.2
lag,bottom,0.212723292,0.022058006785851483,0.21929598,0.2
laravel-mix,top,0.370104606,0.04552325661559572,0.36028,0.2
lark-bootstrap,bottom,0.5987419199999999,0.015104138757001341,0.6050631,0.2
lark-log,bottom,0.828892542,0.002450586118425551,0.8295359,0.2
lark-router,bottom,0.77098497,0.02367415142009952,0.77626395,0.2
lark-views,bottom,0.73959123,0.015607598817816275,0.73827136,0.2
lasercat-workshop,bottom,0.47458826,0.01867676321958649,0.47164005,0.2
latest-version,top,0.77964838,0.026089291072688228,0.784214,0.2
latex-watcher,bottom,0.695082572,0.019948293829045137,0.7013078,0.2
lazy-cache,top,0.687977918,0.06451631284697473,0.6635823,0.2
lcd-pcf8574,bottom,0.54151678,0.05065640015296981,0.5713146,0.2
lcid,top,0.7146163019999999,0.03018941662341325,0.7335578,0.2
led-canvas-fonts,bottom,0.817592676,0.00828127028928109,0.8219965,0.2
lego-client,bottom,0.6392111619999999,0.008075679936774344,0.6409428,0.2
leinwand,bottom,0.308837278,0.0907551958023149,0.2505566,0.2
leo-platform-arduino,bottom,0.687145486,0.014860533653522636,0.6915135,0.2
less-runner,bottom,0.57327247,0.0074465602627589045,0.5698149,0.2
less-stream,bottom,0.61854471,0.013087223612088252,0.61840856,0.2
level-fancy,bottom,0.514349014,0.037627401988484126,0.5162845,0.2
level-random,bottom,0.59074001,0.013657496990717213,0.5943846,0.2
level-rest,bottom,0.5134423459999999,0.010729703791406846,0.51027083,0.2
leven,top,0.70341948,0.024514438863392312,0.6975006,0.2
levenshtein-edit-distance,middle,0.81463358,0.0036692723360293514,0.81718147,0.2
libphonenumber-js,middle,0.8148220119999999,0.011507517297641608,0.81551576,0.2
license-gen,bottom,0.412167608,0.01610696477139532,0.4060161,0.2
licensify,middle,0.465755324,0.010341746395030691,0.46721357,0.2
lightbox,bottom,0.531737638,0.00474036375035928,0.53075665,0.2
line-length.js,bottom,0.52838528,0.027598050797601616,0.5223121,0.2
linerstream,middle,0.499581794,0.03269633360107642,0.4923033,0.2
lines-and-columns,middle,0.606748786,0.03863842631594851,0.61614853,0.2
lintspaces-cli,middle,0.669544536,0.0190138433004924,0.66930294,0.2
liquid-fire,middle,0.694235046,0.012706744448912967,0.69855666,0.2
load-grunt-configs,middle,0.744579684,0.013685572515351001,0.74703187,0.2
load-json-file,top,0.588239132,0.024459865552637846,0.591593,0.2
loader-runner,top,0.7687634940000001,0.022060675737335892,0.7786554,0.2
loadjs,middle,0.54930287,0.037798910356543355,0.5531812,0.2
log-symbols,top,0.639140738,0.03498950842988826,0.63112754,0.2
logbrok,bottom,0.44901381,0.04367532883492236,0.4422343,0.2
loglog-server-mongodb,bottom,0.75114404,0.013840568601865725,0.74699503,0.2
longest,top,0.753590956,0.013156528745034876,0.74612105,0.2
lookup-deps,bottom,0.30030097,0.05467696393103954,0.30298632,0.2
loopback-component-passport,middle,0.7613616280000001,0.019662428134895247,0.7642876,0.2
loopback-connector-kafka,bottom,0.7675409280000001,0.008904541458992755,0.76541984,0.2
loopback-phase,middle,0.75213667,0.060164515011776644,0.7409087,0.2
loopback-swagger,middle,0.763990794,0.01844255680268821,0.75811005,0.2
loose-envify,top,0.40940256,0.008216572212172828,0.4110389,0.2
loud-rejection,top,0.637260336,0.023793201069920833,0.64386714,0.2
lowercase-keys,top,0.8058774100000001,0.022387013227681787,0.81132627,0.2
lru-memoize,middle,0.846858346,0.003869923178950735,0.8445207,0.2
ls-fs,bottom,0.437027772,0.030157258128823132,0.43670577,0.2
m-date-picker,middle,0.566387088,0.019108030733974674,0.57337016,0.2
m-picker,middle,0.54271874,0.01811337182403652,0.5428241,0.2
m3u8downloader,bottom,0.6709214880000001,0.025233736441845435,0.6632644,0.2
machine,middle,0.290585378,0.014298313930968243,0.29427987,0.2
map-cache,top,0.70048292,0.03428580826122885,0.69866395,0.2
map-obj,top,0.6008445419999999,0.023701693022575864,0.5981422,0.2
map-props,middle,0.6088545080000001,0.009630497260386893,0.61036164,0.2
map-visit,top,0.705912404,0.021607517900104407,0.71257585,0.2
markdown-extensions,middle,0.649617306,0.023479408064835897,0.65065736,0.2
markdown-it-abbr,middle,0.852844026,0.00849486419877505,0.85257435,0.2
markdown-it-attrs,middle,0.534708528,0.021906836037382717,0.5252608,0.2
markdown-it-deflist,middle,0.7615364099999999,0.041300509866289796,0.7609441,0.2
markdown-it-mark,middle,0.71275426,0.03039719650449691,0.7113518,0.2
markdown-it-sup,middle,0.8221763940000001,0.0075969965224146115,0.8198588,0.2
markdown-it-table-of-contents,middle,0.8298908340000001,0.026712761055935046,0.83427423,0.2
marko,middle,0.320678552,0.04815279005786758,0.33444452,0.2
match-at,middle,0.258921342,0.05985830160711769,0.27903032,0.2
md5.js,top,0.6820284919999999,0.020625704655824997,0.6757484,0.2
meanio,middle,0.6843000619999999,0.01762149777805,0.6828051,0.2
media-typer,top,0.535041644,0.03090288737093881,0.5319066,0.2
mem,top,0.58085897,0.031934743998535464,0.5930465,0.2
memfs,middle,0.45849696800000006,0.019748780981926964,0.4566841,0.2
memory-fs,top,0.620193198,0.042188981763501,0.6281355,0.2
menubar,middle,0.6247902439999999,0.12991862146459793,0.63813716,0.2
meow,top,0.36418292,0.09490662210487212,0.3454224,0.2
merge2,top,0.537241114,0.0333566399862303,0.5405654,0.2
merkle-lib,middle,0.567970852,0.052069088556900754,0.5742293,0.2
method-override,top,0.5357084480000001,0.010600398198771553,0.54114294,0.2
micromatch,top,0.78930445,0.01085562635157457,0.7901753,0.2
mime-db,top,0.49758714,0.05214321575064199,0.5074092,0.2
mime-types,top,0.597319414,0.019269630447449643,0.59737074,0.2
mimic-fn,top,0.547808956,0.033522470210524145,0.54821336,0.2
minimalistic-crypto-utils,top,0.832769818,0.019066976039850213,0.8322205,0.2
mississippi,top,0.49618470400000003,0.028975946248433002,0.5057045,0.2
mixin-deep,top,0.574829592,0.020172576057791183,0.5759139,0.2
mixin-object,top,0.38452261600000004,0.023502701214992934,0.38573003,0.2
mocha-clean,middle,0.662670198,0.022647324396284,0.6655096,0.2
mocha-eslint,middle,0.8032805599999999,0.028221945313174297,0.79760396,0.2
mocha-fivemat-progress-reporter,middle,0.836673328,0.03768079081190998,0.8266488,0.2
mocha-text-cov,middle,0.7049385619999999,0.019979622252690937,0.7045513,0.2
mocha.parallel,middle,0.696520886,0.014448094358952043,0.693564,0.2
mochawesome-report-generator,middle,0.764785792,0.004740019595984818,0.7624456,0.2
modify-babel-preset,middle,0.733147212,0.003707059942328928,0.73329395,0.2
mongoose-deep-populate,middle,0.7014033399999999,0.031082796988736405,0.6971145,0.2
morgan,top,0.622070788,0.041391283595776186,0.6353743,0.2
mount-point,middle,0.5398598440000001,0.04279369001807488,0.5554584,0.2
msgpack-lite,middle,0.6909537099999999,0.026357304666379547,0.67841023,0.2
multicast-dns,top,0.709089516,0.010578050943320328,0.7074667,0.2
multicast-dns-service-types,top,0.559372494,0.01414980011525535,0.55641437,0.2
multipipe,top,0.5420527319999999,0.025063887890452465,0.54960203,0.2
multireducer,middle,0.714267352,0.03833170570174998,0.71625423,0.2
nanomatch,top,0.74688675,0.024120000782079157,0.7576404,0.2
nash,middle,0.30724470200000004,0.0720497174415776,0.28656435,0.2
nativescript-dev-webpack,middle,0.8524463560000001,0.004281758858685322,0.8525711,0.2
nativescript-hook,middle,0.8210978579999999,0.004912233433868933,0.8210683,0.2
ncname,top,0.549681728,0.02755485592462638,0.55124974,0.2
neo-async,top,0.8413329860000001,0.03700944694884917,0.83710814,0.2
ngtemplate-loader,middle,0.6982074220000001,0.009327435715131997,0.6985187,0.2
node-MarkerWithLabel,middle,0.620361382,0.021735861979045576,0.6072893,0.2
node-accept-language,bottom,0.288530868,0.009000218843298746,0.28658098,0.2
node-adif,bottom,0.45969835200000003,0.02441643924447972,0.47190067,0.2
node-ansi,bottom,0.709821558,0.01285516811629936,0.71293485,0.2
node-app-root-dir,middle,0.751924368,0.019702489120746146,0.7602335,0.2
node-app-root-path,top,0.570126782,0.01730659003636241,0.5773319,0.2
node-areacodes,bottom,0.565832932,0.023666153153990205,0.5775856,0.2
node-argx,middle,0.663824414,0.03142766937013433,0.650131,0.2
node-artstack,bottom,0.749531908,0.025737792748390848,0.75349844,0.2
node-assetmanager,middle,0.614846248,0.015106594203245205,0.6194209,0.2
node-basecontroller-core,bottom,0.558087732,0.026957696812212436,0.5469855,0.2
node-bcat,bottom,0.28653185400000003,0.04549144541597059,0.27622202,0.2
node-bcrypt-pbkdf,top,0.597184488,0.02236051188616933,0.5894011,0.2
node-benchmarks,bottom,0.8024491680000001,0.007161504707959095,0.7994603,0.2
node-cmd,middle,0.499033984,0.020214746403097172,0.5079569,0.2
node-comment-json,middle,0.65701946,0.014095686791107407,0.6531682,0.2
node-constant-contact,bottom,0.7236258760000001,0.003759005343655399,0.72406745,0.2
node-cross-spawn,top,0.717971234,0.02673583209609868,0.7105949,0.2
node-ddate,bottom,0.55397926,0.09375072426879169,0.5887907,0.2
node-directory-tree,middle,0.73848254,0.01566479490908827,0.7429409,0.2
node-dom-urls,top,0.5159471339999999,0.015015109353736953,0.51035213,0.2
node-elm-compiler,middle,0.843202934,0.011284630157531964,0.837462,0.2
node-engine-light,bottom,0.459686238,0.016312541942490752,0.46607864,0.2
node-fetch-politely,bottom,0.440860278,0.004554072829360561,0.44055194,0.2
node-file-index,bottom,0.476699734,0.009047036103676707,0.47689027,0.2
node-file-lookup,bottom,0.018209186199999998,0.011155117131528433,0.018733889,0.2
node-fixturify,middle,0.33597871,0.03230108088401532,0.31896982,0.2
node-flipr,bottom,0.38939515199999997,0.04539972976622737,0.38156265,0.2
node-fx-runner,middle,0.37896391,0.012576356459336687,0.37603083,0.2
node-gcm-cli,bottom,0.66621871,0.039858553168303765,0.6504134,0.2
node-get-all-js-files,bottom,0.867719228,0.015347754763409879,0.866734,0.2
node-google-alerts,bottom,0.828456768,0.01891120405283517,0.82576156,0.2
node-har-validator,top,0.58777592,0.0058506726674630765,0.58624744,0.2
node-hertz,bottom,0.12658955519999998,0.010076084326532059,0.12532033,0.2
node-homedir,middle,0.796995406,0.00996316448971563,0.79378617,0.2
node-html-pdf,middle,0.395629374,0.09796729111173165,0.3558852,0.2
node-http-verror,bottom,0.622975094,0.014877811721062346,0.61998516,0.2
node-ifconfig-parser,bottom,0.630538094,0.010804950424138001,0.63173574,0.2
node-inst,bottom,0.368804264,0.03210325875705813,0.3697797,0.2
node-jl,bottom,0.178794698,0.04350178439133124,0.17332795,0.2
node-jscrap,bottom,0.397541016,0.02228992104182248,0.40621892,0.2
node-json-rest-client,bottom,0.7457891520000001,0.0053350005569372146,0.7444609,0.2
node-jwks-rsa,middle,0.738558204,0.014084462626679454,0.74143493,0.2
node-klaw,top,0.56036144,0.021812739576174286,0.5648625,0.2
node-language-detect-exec,bottom,0.605167138,0.017977367391062083,0.6098728,0.2
node-language-detect-spawn,bottom,0.658116012,0.020796030217056335,0.6665096,0.2
node-language-exec,bottom,0.6743773980000001,0.005873802831217599,0.6758865,0.2
node-language-spawn,bottom,0.672697272,0.0092302718123937,0.6736127,0.2
node-lazy-api,bottom,0.41338400200000003,0.02321962912468392,0.41216636,0.2
node-lei-routes-sort,bottom,0.148689562,0.017324112958090235,0.14802617,0.2
node-lintspaces,middle,0.542329268,0.006635026010809569,0.5387471,0.2
node-local-config,bottom,0.745927848,0.011168590879594913,0.745483,0.2
node-logentries-retrieving-log,bottom,0.543271572,0.01754582174675556,0.5409643,0.2
node-logify,bottom,0.706728084,0.009495737658754078,0.70454484,0.2
node-lru-cache-cluster,bottom,0.8474434000000001,0.018018549493508097,0.8411367,0.2
node-macaddress,top,0.537955462,0.031772162615939764,0.5425772,0.2
node-manage-path,middle,0.499255958,0.0177106855003701,0.49604967,0.2
node-multispinner,middle,0.66960916,0.0165740630468226,0.67040485,0.2
node-os,middle,0.44630997800000005,0.021539587727489602,0.4385306,0.2
node-parse-numeric-range,middle,0.44255108400000004,0.010684170959322488,0.44145632,0.2
node-pn,top,0.544879034,0.03945061020906746,0.5605509,0.2
node-rand-token,middle,0.562558116,0.024989628877496995,0.5735121,0.2
node-sshpk,top,0.6295513340000001,0.012037866051741921,0.624606,0.2
node-test-runner,middle,0.542120772,0.010348724681665845,0.5397064,0.2
node-tmp-sync,middle,0.625330518,0.02180439852965961,0.61859643,0.2
node-url,top,0.666126486,0.00466713521056334,0.6661782,0.2
nodejs-depd,top,0.33188461,0.02927781134114195,0.34229457,0.2
nodejs-driver,middle,0.46969432399999994,0.005919015324784204,0.46915245,0.2
nodejs-fluent-validator,bottom,0.8311337719999999,0.012495270962004763,0.8375902,0.2
nodejs-is-writable-stream,bottom,0.615194086,0.010682321644861676,0.6171454,0.2
normalize-newline,middle,0.7322505319999999,0.002768437978376945,0.73136866,0.2
normalize-path,top,0.6526613259999999,0.014586138257927645,0.6587909,0.2
normalize-range,top,0.547688694,0.007930803397792103,0.5450309,0.2
normalize-url,top,0.7116550939999999,0.03542377915796013,0.7247839,0.2
npm-installer,middle,0.753364102,0.006593733144196073,0.75246537,0.2
npm-name,middle,0.712659808,0.017763325542175936,0.7241316,0.2
npm-prepublish,middle,0.235203812,0.005013098667832099,0.23619089,0.2
npm-run-path,top,0.517014066,0.031696730849303315,0.5088746,0.2
npm-utils,middle,0.64712076,0.021038910556414242,0.6563366,0.2
npmi,middle,0.65579319,0.030768529001408224,0.656429,0.2
nth-check,top,0.7127201839999999,0.02359572226194572,0.71725094,0.2
num2fraction,top,0.5744441979999999,0.011529904301039083,0.5754413,0.2
number-is-nan,top,0.379751482,0.023716524893730103,0.39419258,0.2
nyc,top,0.269805206,0.07584407918926354,0.23387542,0.2
object-assign,top,0.478215794,0.012283789712803635,0.47763625,0.2
object-hash,top,0.7054771040000001,0.02940130804226626,0.70299304,0.2
object-visit,top,0.24627077800000002,0.02180550847601405,0.2368717,0.2
object.assign,top,0.323102946,0.010401846079243821,0.32127428,0.2
object.defaults,top,0.379636614,0.022657975838520517,0.3754611,0.2
object.omit,top,0.482508778,0.06458869247248875,0.50152147,0.2
object.pick,top,0.749259108,0.03518244911342543,0.76468337,0.2
on-headers,top,0.6020208,0.013404470843528254,0.6050604,0.2
opt-cli,middle,0.52934599,0.01820273780439361,0.540427,0.2
opt-merger,middle,0.572985472,0.03336984634700419,0.58175135,0.2
optimize-css-assets-webpack-plugin,top,0.84571106,0.00972553305561194,0.84330964,0.2
original,top,0.211928536,0.04394042898743285,0.21827245,0.2
os-homedir,top,0.63958284,0.008270398947961952,0.6399443,0.2
os-locale,top,0.61302355,0.023642357033457944,0.6198902,0.2
output-file-sync,top,0.55978761,0.038412506898801844,0.56489885,0.2
package-deps,middle,0.32216297800000004,0.008511008850419532,0.32357866,0.2
package-json,top,0.570573004,0.019325045418312238,0.57648695,0.2
package-json-versionify,middle,0.6824549799999999,0.016011549300801516,0.6819017,0.2
pako,top,0.38175195,0.02382379888160995,0.378393,0.2
pal,middle,0.258895084,0.026859102528579194,0.2636852,0.2
parse-filepath,top,0.740355648,0.012204699821975138,0.7327963,0.2
parse-gitignore,middle,0.710157854,0.024152863030644612,0.71429557,0.2
parse-json,top,0.69396442,0.03291912433118172,0.6882144,0.2
parse-mongo-url,middle,0.7314994479999999,0.003881033507755389,0.73034614,0.2
parse-torrent,middle,0.727540512,0.030977678747906894,0.73260784,0.2
parse-unit,middle,0.5653618180000001,0.04800205059253221,0.55436176,0.2
parseurl,top,0.560080434,0.011243239279655159,0.55638397,0.2
partialify,middle,0.235190254,0.023713387774275944,0.23716144,0.2
particles.js,middle,0.774423642,0.011806686914131304,0.7767799,0.2
path-exists,top,0.669503188,0.042278492225658555,0.6957208,0.2
path-is-absolute,top,0.351153708,0.012566755373725941,0.35117573,0.2
path-key,top,0.6582822,0.02924852065498355,0.6594491,0.2
path-loader,middle,0.614726058,0.02984356588535665,0.62138206,0.2
path-parse,top,0.606846132,0.0029702365673663082,0.6073673,0.2
path-type,top,0.5882142939999999,0.025430383298540363,0.5789691,0.2
pbkdf2,top,0.5376613480000001,0.011852702037743105,0.5323651,0.2
peek-stream,middle,0.46068655,0.029518733695202786,0.46237764,0.2
perfectionist,middle,0.307649364,0.028539714155096763,0.31292874,0.2
phridge,middle,0.582030278,0.0853254513996089,0.5813425,0.2
pify,top,0.44242805799999996,0.01651778611380987,0.43792355,0.2
pkg-dir,top,0.724018658,0.027444550550934886,0.7128128,0.2
pkg-up,top,0.539263908,0.013970424267844195,0.540676,0.2
plexer,middle,0.227115632,0.015925455459077777,0.22407845,0.2
plugin-host-resize,bottom,0.484821438,0.029688541676583274,0.4965973,0.2
point-geometry,middle,0.55036061,0.01258991574378083,0.5443348,0.2
postcss-calc,top,0.825924566,0.015226351005979036,0.82836753,0.2
postcss-css-variables,middle,0.792634858,0.023269089376946373,0.7945662,0.2
postcss-custom-media,top,0.669863568,0.01403734088896895,0.677472,0.2
postcss-custom-properties,top,0.580844422,0.020606768173925805,0.58696556,0.2
postcss-custom-selectors,top,0.5826167200000001,0.015881020787586388,0.58481395,0.2
postcss-devtools,middle,0.44052556000000004,0.014485492119408644,0.44112355,0.2
postcss-easings,middle,0.823966534,0.01753691056304614,0.8350564,0.2
postcss-filter-plugins,top,0.6319744820000001,0.03833129445798981,0.62810344,0.2
postcss-font-variant,top,0.754084516,0.0221747469118563,0.75754976,0.2
postcss-functions,middle,0.751068518,0.048617899931533703,0.7760636,0.2
postcss-import,top,0.724823998,0.04544686305054531,0.70824474,0.2
postcss-initial,top,0.619692498,0.024617543711599667,0.6161274,0.2
postcss-inline-svg,middle,0.757492826,0.009531561682936885,0.7608403,0.2
postcss-media-minmax,top,0.45208239399999994,0.017979931177414997,0.4585373,0.2
postcss-message-helpers,top,0.71280422,0.006761220220858835,0.7149179,0.2
postcss-modules-local-by-default,top,0.751818028,0.00900002163304454,0.75408065,0.2
postcss-modules-scope,top,0.515194708,0.01644183813225637,0.5092565,0.2
postcss-modules-values,top,0.35907753800000003,0.023106735308580914,0.35123405,0.2
postcss-opacity,middle,0.6308657080000001,0.016191364925174454,0.62796426,0.2
postcss-parser-tests,middle,0.757161044,0.022730706549331674,0.7502968,0.2
postcss-prefix-selector,middle,0.57050532,0.013178427169672042,0.573089,0.2
postcss-selector-matches,top,0.814025862,0.016238430428853635,0.8202489,0.2
postcss-selector-not,top,0.8092410860000001,0.016575533445638467,0.8120505,0.2
postcss-selector-parser,top,0.83387408,0.008859364318448594,0.8335358,0.2
postcss-value-parser,top,0.40693816,0.029454939863893803,0.40309918,0.2
prebuild,middle,0.586514126,0.015523237624377224,0.5889437,0.2
prepend-http,top,0.6286159579999999,0.007908501816293639,0.6256949,0.2
prepush,middle,0.43884748599999995,0.02579486543544238,0.4413182,0.2
preserve,top,0.314139008,0.08651538038203539,0.27726367,0.2
prettier,top,0.887227612,0.007426710074570037,0.8851492,0.2
pretty-bytes,top,0.512746922,0.03355314179271474,0.51112294,0.2
process-nextick-args,top,0.615556232,0.0577620770310601,0.6486208,0.2
prom-client,middle,0.823176434,0.017905890949245717,0.8264266,0.2
promises-es6,middle,0.38135515999999997,0.002667619030512034,0.38145795,0.2
prompt-sync,middle,0.832467332,0.014219233054427384,0.8323561,0.2
prop-types,top,0.667364272,0.021825203524272568,0.6566744,0.2
protractor-jasmine2-screenshot-reporter,middle,0.886627644,0.011107385688443073,0.88942635,0.2
proxy-addr,top,0.5700718,0.03070369666400125,0.5531774,0.2
pseudomap,top,0.531388382,0.019097111928606414,0.5414014,0.2
publicEncrypt,top,0.549867692,0.01892656700312207,0.55416965,0.2
pug-cli,middle,0.710743166,0.020986861198087247,0.7062135,0.2
pumpify,top,0.528905798,0.0568128960592366,0.504567,0.2
purifycss,middle,0.358227342,0.04144082003424668,0.3775165,0.2
purifycss-webpack,middle,0.6065866200000001,0.01113101743292137,0.6020946,0.2
pushdata-bitcoin,middle,0.619365264,0.03395162275423115,0.6287915,0.2
python-shell,middle,0.588111212,0.03553908901496454,0.6071856,0.2
qs,top,0.431945962,0.019405799410688283,0.43427977,0.2
querystringify,top,0.727109038,0.022028012101134333,0.7299284,0.2
queue-anim,middle,0.577190102,0.010787399913307226,0.57033974,0.2
random-item,middle,0.683563458,0.021569480650303532,0.69050854,0.2
randomatic,top,0.7136443939999999,0.012835630268443431,0.70948017,0.2
randombytes,top,0.5362165959999999,0.008993419549110915,0.53330183,0.2
rc-config-loader,middle,0.5788527379999999,0.014439207092698015,0.58183753,0.2
reInterval,middle,0.53809724,0.029206877632639898,0.5443648,0.2
react-a11y,middle,0.6154582200000001,0.04280493890910258,0.6181617,0.2
react-beautiful-dnd,middle,0.73843286,0.03645186149885565,0.7441212,0.2
react-burger-menu,middle,0.47676075000000007,0.05704551071532975,0.45813176,0.2
react-click-outside,middle,0.624486734,0.012101823987055853,0.6269073,0.2
react-collapse,middle,0.756022106,0.016086582113897914,0.7546115,0.2
react-component-gulp-tasks,middle,0.8412718399999999,0.009020716501622807,0.84050363,0.2
react-dock,middle,0.684341184,0.0049516144168826135,0.68423986,0.2
react-dropdown,middle,0.72229491,0.00683471568614966,0.7217427,0.2
react-flexbox-grid,middle,0.814042934,0.0037377171595079327,0.81465185,0.2
react-flip-move,middle,0.6318159640000001,0.019713560962297778,0.63610697,0.2
react-grid-layout,middle,0.837168232,0.007548566675278135,0.8385273,0.2
react-group,middle,0.410285098,0.037877542572920725,0.41167712,0.2
react-highcharts,middle,0.838318842,0.019435807283563485,0.8455061,0.2
react-highlight,middle,0.8065293600000001,0.016571235857593753,0.8005973,0.2
react-hot-loader,top,0.611067194,0.028700449953822652,0.61147606,0.2
react-inline-css,middle,0.6336089460000001,0.013347657457298654,0.63849646,0.2
react-masonry-component,middle,0.793325862,0.009022486836660987,0.79506314,0.2
react-moment-proptypes,middle,0.8135867299999999,0.03827679230672288,0.8285289,0.2
react-mounter,middle,0.74104972,0.020291659917437758,0.7422683,0.2
react-native-collapsible,middle,0.8334065340000001,0.00944268024901457,0.8331026,0.2
react-native-modalbox,middle,0.7726987839999999,0.0018640666614904043,0.77359986,0.2
react-native-navbar,middle,0.837771004,0.011295876038018413,0.8395071,0.2
react-native-progress,middle,0.77992561,0.006838226598175893,0.78156435,0.2
react-native-side-menu,middle,0.82512182,0.009258482724075218,0.8265028,0.2
react-notification-system,middle,0.7835261819999999,0.01671181243431184,0.789432,0.2
react-paginate,middle,0.8289724460000001,0.0058889700216447054,0.82985914,0.2
react-quill,middle,0.791043918,0.010781649351802376,0.79014623,0.2
react-redux,top,0.769288228,0.012552652655750552,0.7706377,0.2
react-resizable,middle,0.7883312499999999,0.019478384886265628,0.7868856,0.2
react-responsive-carousel,middle,0.8229451720000001,0.014193532244119894,0.82803696,0.2
react-scrolllock,middle,0.381672068,0.026802192782835323,0.37855047,0.2
react-share,middle,0.74961044,0.012052748241085926,0.7546107,0.2
react-sidebar,middle,0.844249788,0.00896034744400406,0.8415157,0.2
react-static-container,middle,0.6619299160000001,0.01881523926703379,0.65532184,0.2
react-sticky,middle,0.697972052,0.010909554659724657,0.6933476,0.2
react-svg-loader,middle,0.7941477060000001,0.00979819376706137,0.795864,0.2
react-toggle,middle,0.8286965119999999,0.009623859363515272,0.8271377,0.2
react-with-styles,middle,0.68011769,0.028805850997722645,0.6973891,0.2
read-file,middle,0.42916089599999996,0.02349433521962115,0.43520933,0.2
read-pkg,top,0.5851537600000001,0.015796642333445448,0.58166254,0.2
read-pkg-up,top,0.57656817,0.040241084981531054,0.57895076,0.2
read-yaml,middle,0.849653938,0.008336047795431586,0.84815824,0.2
rechoir,top,0.28993012399999996,0.057997417955654544,0.316395,0.2
redent,top,0.40501450200000005,0.019447845096822958,0.4058649,0.2
reduce-css-calc,top,0.646550034,0.01077022513110937,0.6490144,0.2
reduce-function-call,top,0.611091376,0.013421323110365464,0.61356056,0.2
redux,top,0.626309482,0.013813989753980198,0.63078547,0.2
redux-auth-wrapper,middle,0.6729797200000001,0.008258840306423182,0.6691923,0.2
redux-devtools-themes,middle,0.74003915,0.034133479425344275,0.7433319,0.2
redux-localstorage,middle,0.7719947140000001,0.016774680890233953,0.7812974,0.2
redux-thunk,top,0.7426798480000001,0.015196784691687924,0.7468569,0.2
redux-undo,middle,0.700867808,0.038389699938490236,0.7023716,0.2
regex-cache,top,0.633691432,0.01938838383803862,0.63119626,0.2
regextras,middle,0.552302204,0.010120875555727906,0.55098784,0.2
registry-url,top,0.80962406,0.028962580585524485,0.8177864,0.2
regjsgen,top,0.722959782,0.006286383234270685,0.7230594,0.2
relateurl,top,0.42921384400000007,0.02917004779346496,0.43374318,0.2
relative,middle,0.5003976339999999,0.13936626373899147,0.56632113,0.2
remote-form,bottom,0.6425609,0.005071828349555039,0.6401489,0.2
remove-markdown,middle,0.503204874,0.014273465586698989,0.51053995,0.2
repeat-element,top,0.56558755,0.0239777161396785,0.5668206,0.2
repeat-string,top,0.642742044,0.027015488462821254,0.66055393,0.2
repeating,top,0.555639168,0.04397244230172938,0.5285553,0.2
replace-ext,top,0.5786047599999999,0.014067826519809333,0.5824577,0.2
require-from-string,top,0.466115178,0.09110829711414607,0.47012883,0.2
require-in-the-middle,middle,0.643430986,0.01719706780857362,0.6416434,0.2
requires-port,top,0.609656282,0.015514108347343791,0.61809576,0.2
resolve-cwd,top,0.533563444,0.008469765993454599,0.53010046,0.2
resolve-dir,top,0.41524433,0.029530711838132193,0.41824234,0.2
resolve-from,top,0.5958035799999999,0.05654283231437917,0.5906001,0.2
resolve-protobuf-schema,middle,0.59964438,0.01925931918336156,0.6013895,0.2
resource-loader,middle,0.568142166,0.020022057223727786,0.57266873,0.2
restore-cursor,top,0.662830038,0.015648343298915696,0.65899265,0.2
rethinkdbdash,middle,0.818510886,0.029995490837563928,0.80961907,0.2
rev-del,middle,0.276798804,0.039333195410022705,0.30062357,0.2
rework-plugin-function,middle,0.741617866,0.02914819538339861,0.7401982,0.2
rework-plugin-url,middle,0.7662224480000001,0.018016639058395945,0.76805484,0.2
right-align,top,0.6302769500000001,0.011609284854197523,0.6283109,0.2
ripple,middle,0.25927957,0.006978413133435111,0.25989902,0.2
rollup,top,0.378990212,0.023459188777150218,0.37812918,0.2
rollup-plugin-babel-minify,middle,0.8149297179999999,0.0055623965341047065,0.81517875,0.2
rollup-plugin-bundle-size,middle,0.686646322,0.00622130725193028,0.6895725,0.2
rollup-plugin-istanbul,middle,0.678654096,0.01394133494806834,0.68162113,0.2
rollup-plugin-multi-entry,middle,0.80015346,0.01138483877068313,0.8028835,0.2
rollup-plugin-node-resolve,top,0.7678848,0.02406340005583063,0.7725889,0.2
router,middle,0.5880482300000001,0.011512433014786688,0.590284,0.2
rss,bottom,0.606365382,0.022850363878582306,0.59934646,0.2
rtl-detect,middle,0.598191044,0.008783099582714497,0.5975944,0.2
run-applescript,middle,0.46619646000000003,0.016586341380467263,0.47140294,0.2
run-auto,middle,0.43135372399999994,0.04699234975992189,0.44293445,0.2
run-sequence,top,0.594198424,0.06656001398223214,0.56324816,0.2
safe-buffer,top,0.8122429239999999,0.02152234094451926,0.8165821,0.2
sane,top,0.6842378840000001,0.038194529516299605,0.69788146,0.2
sass-graph,top,0.580448144,0.03485100304907853,0.5696243,0.2
scss-tokenizer,top,0.655567158,0.02791267573849415,0.6447729,0.2
semver-diff,top,0.75690476,0.026881338774473264,0.7704899,0.2
sequence,middle,0.59004803,0.020372846982437215,0.59026456,0.2
serialize-javascript,top,0.6617348780000001,0.018309389961640422,0.66365147,0.2
serve-favicon,top,0.769354906,0.02786261854985781,0.7781482,0.2
serve-index,top,0.541946458,0.026744752944471623,0.54313064,0.2
serve-static,top,0.685610484,0.014268435040186775,0.67985433,0.2
session,top,0.5783243419999999,0.013932617447677223,0.57792604,0.2
session-file-store,middle,0.77026178,0.013562096949653504,0.77244836,0.2
set-immediate-shim,top,0.589227902,0.02581992208663732,0.5853244,0.2
set-value,top,0.552729916,0.04535945179429561,0.5607628,0.2
setprototypeof,top,0.519568692,0.009557565201206868,0.517949,0.2
shady-css-parser,middle,0.6330256999999999,0.031102711712807308,0.6236108,0.2
shallow-clone,top,0.7479755800000001,0.012258063077315699,0.7520826,0.2
shebang-command,top,0.661192926,0.017008987777720076,0.65424573,0.2
shebang-regex,top,0.624352368,0.025520762248254274,0.6375599,0.2
shiro-trie,middle,0.41630942800000004,0.015193728004458616,0.41973457,0.2
should.js,top,0.5920154799999999,0.021097796507384373,0.5932796,0.2
signal-exit,top,0.47303139200000005,0.02035803166694339,0.46748567,0.2
simctl,middle,0.748034818,0.045314416510715695,0.7542108,0.2
simple-sha1,middle,0.765587656,0.013803485205913752,0.77190614,0.2
slack-bot-api,middle,0.621778678,0.011844643629734903,0.6278249,0.2
slice-ansi,top,0.754191934,0.05289241748872784,0.71934116,0.2
snapdragon,top,0.7202486,0.029878064868512667,0.7225409,0.2
snapdragon-util,top,0.8017391759999999,0.01791491660071662,0.80750793,0.2
socket.io-adapter,top,0.6834527140000001,0.018601647568876258,0.6760229,0.2
sort-by,middle,0.727448228,0.04837141288867497,0.70942104,0.2
sort-keys,top,0.74266085,0.032362925710229744,0.75010407,0.2
source-list-map,top,0.41476135599999997,0.009239685788915129,0.41601604,0.2
source-map-resolve,top,0.63475007,0.004824985067800738,0.6346979,0.2
source-map-url,top,0.684483908,0.02770381438129631,0.6913611,0.2
spdx-correct.js,top,0.538762154,0.017196401790173472,0.5392322,0.2
spdx-expression-parse.js,top,0.688934742,0.013006743706436301,0.6868351,0.2
spdx-license-ids,top,0.7607799359999999,0.03131771697705045,0.76564157,0.2
spdx-license-list,middle,0.754150828,0.023861146079493314,0.743108,0.2
spdy-transport,top,0.74751531,0.03876356562607148,0.7660271,0.2
split-string,top,0.68217571,0.020991652624147983,0.6819271,0.2
spotify-web-api-node,middle,0.847992474,0.008703935979990855,0.8494904,0.2
stack-utils,top,0.539945646,0.024849595417329822,0.5301686,0.2
stackframe,top,0.745239338,0.03483571727029914,0.73326665,0.2
standard,top,0.645765202,0.04009065151007798,0.63436496,0.2
standard-format,middle,0.686135466,0.015856377744720884,0.6937576,0.2
statuses,top,0.667243988,0.01895618990091949,0.6718898,0.2
stdout-stream,top,0.58082117,0.010415718698534452,0.5788938,0.2
stealthy-require,top,0.5609122400000001,0.025469148108246558,0.5468096,0.2
stream-assert,middle,0.6396646300000001,0.019421764583631478,0.64216745,0.2
stream-each,top,0.5964886540000001,0.018845352851835404,0.59421515,0.2
stream-http,top,0.782473878,0.02345014649398851,0.77330893,0.2
stream-shift,top,0.483602798,0.047689692786502834,0.4888402,0.2
stream-to-promise,middle,0.688107818,0.026657467645748344,0.68760914,0.2
strict-uri-encode,top,0.65081512,0.03453263360657281,0.6530085,0.2
string-length,top,0.47945743399999996,0.03643142348280508,0.46035135,0.2
string-width,top,0.5478058800000001,0.04005237202306256,0.53711134,0.2
strip-bom,top,0.68346815,0.034955095681602724,0.6890252,0.2
strip-comments,top,0.8305077620000001,0.0438773155898321,0.8385374,0.2
strip-indent,top,0.523365772,0.019064081482461206,0.513931,0.2
strong-globalize,middle,0.79841032,0.013079239363240925,0.7985355,0.2
superagent-promise,middle,0.755155426,0.025128079338456812,0.76021516,0.2
svg4everybody,middle,0.537667688,0.05074068981692819,0.5066473,0.2
swagger-jsdoc,middle,0.818065504,0.030730509973577135,0.82289684,0.2
table,top,0.45047387,0.046110847542700305,0.46182543,0.2
tacks,middle,0.09051040288000001,0.10187123380834705,0.09935876,0.2
teamwork,middle,0.0152646042,0.009147760905760447,0.017520392,0.2
telegraf,middle,0.790003646,0.032889822717969745,0.76797396,0.2
template-html-loader,middle,0.74646828,0.0329668202522362,0.75074065,0.2
templating-resources,middle,0.431387934,0.010830525376985645,0.42983705,0.2
test-exclude,top,0.47773066999999997,0.040964977759962204,0.46195462,0.2
testing,middle,0.508532626,0.024698319808544266,0.51792943,0.2
thorJS-builder,bottom,0.6125251540000001,0.008619338186776874,0.6130364,0.2
throng,middle,0.5850896800000001,0.05090543948774777,0.58025485,0.2
time-stamp,top,0.55325371,0.046753614361404155,0.5382304,0.2
titleize,middle,0.369251964,0.006695103111041662,0.3680128,0.2
to-arraybuffer,top,0.53186406,0.024584886628505095,0.5369259,0.2
to-fast-properties,top,0.7890835540000001,0.028953921833621797,0.7825258,0.2
to-ico,middle,0.5775864860000001,0.023215944791194265,0.5884182,0.2
to-object-path,top,0.50258059,0.01676811266796293,0.5093776,0.2
to-regex-range,top,0.599483126,0.018799372005891057,0.6058428,0.2
toml-require,middle,0.86143289,0.02256602296347984,0.8599043,0.2
top-gh-contribs,middle,0.589868396,0.03328671808236476,0.6013005,0.2
topo,top,0.37939973,0.08071037442560902,0.40159455,0.2
toxic,middle,0.27021765799999997,0.03352872858565203,0.28209382,0.2
transliteration,middle,0.596369994,0.017522292768511513,0.6029184,0.2
trash-cli,middle,0.54701443,0.029202661310639987,0.5626221,0.2
trim-newlines,top,0.6584549980000001,0.028627124121452054,0.66581035,0.2
try-require,middle,0.6104827719999999,0.02732790793670309,0.6152811,0.2
tslint-ionic-rules,middle,0.72446178,0.024769053315922284,0.7161802,0.2
tween-one,middle,0.458128866,0.006680324508298981,0.45750317,0.2
tweetnacl-js,top,0.866650004,0.02368955923085806,0.8769917,0.2
uglifyjs-webpack-plugin,top,0.82600067,0.0083142172641085,0.821639,0.2
unassert,middle,0.420062814,0.026266476149521475,0.4304397,0.2
unassertify,middle,0.658778138,0.025498404432037908,0.65285087,0.2
unc-path-regex,top,0.7777818400000001,0.018359386123669864,0.7722347,0.2
underscore-template-loader,middle,0.767578128,0.008202542880590155,0.7692913,0.2
unescape-js,middle,0.73972815,0.032526713604995545,0.7489748,0.2
union-value,top,0.553984636,0.02357439783777371,0.55434316,0.2
uniqid,top,0.6452769939999999,0.020613904486151562,0.6509867,0.2
uniqs,top,0.50947111,0.03352467687123172,0.5026942,0.2
unit-coverage,middle,0.7007687459999999,0.024482033819588567,0.7025095,0.2
unit.js,middle,0.552896654,0.13544192378128195,0.5056995,0.2
universal-router,middle,0.687183872,0.015577833914858608,0.6823136,0.2
unset-value,top,0.47730130800000004,0.043813900551978584,0.47274503,0.2
url-parse,top,0.812950996,0.00744841279847121,0.81195635,0.2
url-parse-lax,top,0.62630841,0.013873123164341878,0.6314056,0.2
url-slug,middle,0.40503049999999996,0.013096892493761648,0.40128124,0.2
use,top,0.36528633,0.019177520938932636,0.3689888,0.2
utfstring,middle,0.788091556,0.0314029154686938,0.79891425,0.2
util-deprecate,top,0.748626212,0.006141305381245925,0.7498601,0.2
v8flags,top,0.776652774,0.009717463624993884,0.77363145,0.2
validate-npm-package-license.js,top,0.6663859719999999,0.008013660378124322,0.6675766,0.2
validate-npm-package-name,top,0.706555548,0.01921971667940296,0.6988901,0.2
varuint-bitcoin,middle,0.474974674,0.005430935904167879,0.4746319,0.2
vary,top,0.6691992179999999,0.030291345977145282,0.6688696,0.2
vector-tile-js,middle,0.7392994660000001,0.025267548008508476,0.7335243,0.2
verb-tag-jscomments,middle,0.8075744800000001,0.0060459267211734995,0.8079594,0.2
versionify,middle,0.463657018,0.010532283583683072,0.46263427,0.2
verup,middle,0.238549846,0.04352322406150054,0.25609946,0.2
vinyl-source-stream,top,0.6136630500000001,0.03534858272420552,0.6278951,0.2
vizion,middle,0.20766793,0.03179285061021896,0.20351338,0.2
void-elements,top,0.79159486,0.010423552272761882,0.7911983,0.2
vue-component-compiler,middle,0.721049486,0.00760510112401405,0.72256213,0.2
vue-hot-reload-api,top,0.8582132720000001,0.023341023946246868,0.85352093,0.2
vue-loader,top,0.8199857679999999,0.011368460549985176,0.82319844,0.2
vue-moment,middle,0.70895482,0.009117024954281976,0.7071801,0.2
vue-touch,middle,0.534496474,0.01157191328597309,0.5274084,0.2
vuex-i18n,middle,0.7218537780000001,0.017843810377100495,0.72486115,0.2
vuvuzela,middle,0.1954228378,0.13454336679186724,0.111578025,0.2
vux-loader,middle,0.76729372,0.015111018535155108,0.7714838,0.2
wangEditor,middle,0.86925668,0.011116867592402062,0.8681697,0.2
warning,top,0.41707935999999995,0.01581643212906755,0.41642958,0.2
watchpack,top,0.557223672,0.009436339816725562,0.55645204,0.2
web-resource-inliner,middle,0.494830322,0.02515277201157002,0.49806318,0.2
webidl-conversions,top,0.75092706,0.014177507703683333,0.7525771,0.2
webidl2js,middle,0.5937585320000001,0.013491968124336777,0.59265226,0.2
webpack-bundle-analyzer,top,0.6402464099999999,0.016087694590861977,0.64244527,0.2
webpack-cleanup-plugin,middle,0.735633246,0.0053595979260882875,0.73639417,0.2
webpack-hot-middleware,top,0.63506925,0.015321738300532397,0.6304415,0.2
webpack-manifest-plugin,top,0.791814396,0.015755390561623055,0.791187,0.2
webpack-merge,top,0.803270586,0.015531396912333092,0.8011452,0.2
webpack-middleware,middle,0.702927958,0.009452695859373635,0.7041892,0.2
webpack-sources,top,0.684509298,0.01229847316041794,0.6810605,0.2
webpack-subresource-integrity,top,0.8541859799999999,0.011150797747112102,0.8572775,0.2
websocket-extensions-node,top,0.667941922,0.02439140798129168,0.6811178,0.2
whatwg-url,top,0.851301068,0.0057474179045133005,0.85223114,0.2
widest-line,top,0.581205922,0.008649001900625257,0.5832277,0.2
wif,middle,0.455111946,0.023284726308030305,0.44495296,0.2
window-size,top,0.469676994,0.027219473656705417,0.46312764,0.2
wrap-ansi,top,0.5277733760000001,0.05950147753500351,0.51096845,0.2
wrappy,top,0.545810618,0.02843706484948161,0.533128,0.2
write,top,0.31271356,0.00916308350477339,0.31734765,0.2
write-file-atomic,top,0.576207346,0.02746768956659862,0.5747913,0.2
xdg-basedir,top,0.5887044180000001,0.050849605853139315,0.5772433,0.2
xdg-trashdir,middle,0.574035498,0.016178652893041528,0.5744577,0.2
xml-char-classes,top,0.55545937,0.015523182018510258,0.55858594,0.2
xml-name-validator,top,0.637597002,0.0263426244149291,0.6466799,0.2
y18n,top,0.5519067520000001,0.028810560401466002,0.5433241,0.2
yallist,top,0.49575812399999997,0.024420366338843695,0.50181997,0.2
yargonaut,middle,0.398576298,0.025294713847510135,0.40898928,0.2
yargs-parser,top,0.615421298,0.013137757779850365,0.6080619,0.2
yauzl,top,0.63075614,0.019011467242903715,0.6336006,0.2
yeast,top,0.53473386,0.02573498762618314,0.5446609,0.2
yn,top,0.447830756,0.0571779281535334,0.43530327,0.2
zopflipng-bin,middle,0.57857296,0.024411256166838306,0.5745505,0.2
