Lib_Name,popularity,Temp,Mean_Word_Count_Difference,Std_Word_Count_Difference,Median_Word_Count_Difference
1rm.js,bottom,0.0,25.6,7.765307463326871,24.0
2048term,bottom,0.0,32.4,3.9115214431215897,33.0
2fa,bottom,0.0,15.8,4.604345773288536,15.0
301-node,bottom,0.0,23.4,4.098780306383839,22.0
531.js,bottom,0.0,20.0,10.677078252031311,13.0
BaseCRM,bottom,0.0,24.6,1.9493588689617927,26.0
Commando,middle,0.0,30.0,6.363961030678928,29.0
CrawlerX,bottom,0.0,27.4,4.449719092257397,28.0
Cruiser,bottom,0.0,20.4,5.319774431308154,21.0
Dexie.js,middle,0.0,30.2,3.1144823004794877,29.0
ESB-node-driver,bottom,0.0,28.8,4.54972526643093,30.0
F.js,bottom,0.0,21.4,6.06630035524124,22.0
FileBufferReader,bottom,0.0,9.8,7.293833011524188,8.0
Fritbot,bottom,0.0,30.4,3.5777087639996634,30.0
IVS.js,bottom,0.0,24.4,7.334848328356899,29.0
ImageServer,bottom,0.0,13.0,6.442049363362563,15.0
Imager.jsx,bottom,0.0,19.6,7.021395872616783,21.0
Leaflet.MapboxVectorTile,bottom,0.0,26.8,2.16794833886788,27.0
Leaflet.timeline,bottom,0.0,22.2,4.266145801540309,24.0
MetaScript,middle,0.0,15.6,5.683308895353129,16.0
Node.CLI-Progress,middle,0.0,23.4,5.319774431308154,24.0
Object.values,top,0.0,22.0,1.7320508075688776,21.0
OwlCarousel2,middle,0.0,30.4,9.6591925128346,28.0
RegExp.prototype.flags,top,0.0,28.6,8.17312669668102,24.0
StackBlur,middle,0.0,32.2,4.4944410108488455,32.0
String.prototype.trimLeft,top,0.0,27.6,5.856620185738529,25.0
String.prototype.trimRight,top,0.0,25.8,2.16794833886788,25.0
Validator,middle,0.0,25.0,6.244997998398398,28.0
ab-testing,bottom,0.0,23.2,2.588435821108957,23.0
abab,top,0.0,20.0,4.47213595499958,17.0
abstract-logging,middle,0.0,30.4,2.880972058177587,32.0
absync,bottom,0.0,24.2,4.764451699828638,24.0
accessory,middle,0.0,19.0,2.345207879911715,18.0
ace,middle,0.0,26.0,8.74642784226795,29.0
acorn-globals,top,0.0,28.2,3.4205262752974144,30.0
acqua,bottom,0.0,21.4,5.770615218501404,19.0
actions-on-google-nodejs,middle,0.0,23.2,1.4832396974191326,23.0
activity-streams.js,bottom,0.0,16.4,9.528903399657276,21.0
add-func-name,bottom,0.0,23.6,7.05691150575094,22.0
afinn-96,bottom,0.0,30.4,2.7928480087537886,31.0
aflow.js,bottom,0.0,21.6,5.458937625582473,20.0
airtight-css-lint,bottom,0.0,18.0,5.385164807134504,15.0
alchemist-hsl,bottom,0.0,24.6,8.820430828479978,22.0
algolia-webcrawler,bottom,0.0,19.6,2.073644135332772,19.0
algoliasearch-helper-js,middle,0.0,26.6,3.7815340802378072,29.0
align-text,top,0.0,31.4,5.594640292279745,30.0
alphanum-sort,top,0.0,29.8,7.981227975693966,29.0
ampersand-date-view,bottom,0.0,24.0,2.0,25.0
ampersand-model-patch-mixin,bottom,0.0,25.2,6.648308055437865,27.0
ampersand-radio-view,bottom,0.0,25.8,3.420526275297414,25.0
ampersand-sync-localforage,bottom,0.0,29.4,2.880972058177587,30.0
amqp.channel,bottom,0.0,25.2,8.105553651663778,24.0
anchor,bottom,0.0,32.2,6.058052492344384,33.0
angular-chart.js,middle,0.0,19.8,5.848076606885378,16.0
angular-directive-boilerplate,bottom,0.0,24.4,2.4083189157584592,25.0
angular-integer,bottom,0.0,22.8,3.3466401061363023,22.0
angular-names,bottom,0.0,19.8,4.147288270665545,18.0
angular-nl2br,bottom,0.0,15.8,4.266145801540309,15.0
angular-router-loader,middle,0.0,25.8,3.96232255123179,26.0
angular-sockjs,bottom,0.0,26.2,3.1937438845342627,26.0
angular-text-toggle,bottom,0.0,21.4,3.361547262794322,21.0
angular-ziptastic,bottom,0.0,23.4,4.03732584763727,22.0
animator-css,middle,0.0,20.4,4.827007354458868,22.0
ansi-colors,top,0.0,-4.8,1.3038404810405297,-5.0
ansi-escapes,top,0.0,25.8,2.2803508501982757,25.0
ansi-html,top,0.0,20.8,4.266145801540309,19.0
ansi-regex,top,0.0,26.8,4.324349662087931,29.0
ansi-wrap,top,0.0,18.0,1.8708286933869707,18.0
any-promise,top,0.0,35.2,4.604345773288534,34.0
aos,middle,0.0,30.2,2.16794833886788,30.0
apimock-middleware,bottom,0.0,26.2,5.932958789676531,26.0
apostrophe-facebook,bottom,0.0,16.0,6.4031242374328485,17.0
appcache-webpack-plugin,middle,0.0,22.8,5.890670590009257,26.0
append-transform,top,0.0,35.6,6.465291950097846,38.0
aproba,top,0.0,27.6,2.7018512172212588,26.0
arangojs-extended,bottom,0.0,22.8,3.1144823004794877,24.0
arpisea,bottom,0.0,7.4,7.6681158050723255,5.0
arr-diff,top,0.0,18.2,4.08656334834051,16.0
arr-flatten,top,0.0,18.6,3.9115214431215897,19.0
array-differ,top,0.0,23.0,3.1622776601683795,24.0
array-fill,bottom,0.0,28.6,6.655824516917495,29.0
array-find-index,top,0.0,34.6,4.878524367060186,34.0
array-flatten,top,0.0,28.8,4.4944410108488455,28.0
array-slice,top,0.0,17.8,5.890670590009257,17.0
array-union,top,0.0,21.0,9.1104335791443,21.0
array-uniq,top,0.0,23.4,7.893034904268446,18.0
array-unique,top,0.0,22.8,6.610597552415364,24.0
arraybuffer.slice,top,0.0,22.2,4.147288270665544,24.0
arrayof,bottom,0.0,23.2,7.362064927722384,19.0
arrify,top,0.0,37.6,11.781341180018513,34.0
asapi,bottom,0.0,22.4,2.701851217221259,22.0
asorted,bottom,0.0,20.4,8.473488065725945,18.0
ass-to-vtt,bottom,0.0,20.0,3.391164991562634,20.0
assert-http,bottom,0.0,28.4,1.1401754250991376,28.0
asset-inliner,bottom,0.0,19.0,5.830951894845301,18.0
assetment,bottom,0.0,18.6,5.9833101206606365,16.0
assets-bower-ci,bottom,0.0,17.4,1.8165902124584954,17.0
assign-deep,middle,0.0,18.8,4.024922359499621,19.0
assign-symbols,top,0.0,-11.8,6.058052492344384,-15.0
ast-types-flow,top,0.0,31.8,8.167006795638168,32.0
async-each-series,top,0.0,35.4,3.8470768123342682,34.0
atoa,middle,0.0,17.4,5.941380311005179,15.0
atool-build,middle,0.0,26.2,4.969909455915671,28.0
attrition,bottom,0.0,18.8,5.974947698515862,17.0
auto-changelog,middle,0.0,17.6,5.594640292279746,18.0
auto-generate,bottom,0.0,18.6,7.266360849833981,15.0
autod-egg,middle,0.0,26.0,3.082207001484488,26.0
autorecordmic,bottom,0.0,21.8,5.540758070878027,21.0
avprober,bottom,0.0,30.8,5.761944116355173,33.0
aws-billing,bottom,0.0,12.4,0.547722557505166,12.0
aws-instances,bottom,0.0,19.4,6.465291950097845,21.0
axios,top,0.0,26.2,1.6431676725154984,27.0
babel-loader,top,0.0,29.2,3.834057902536163,30.0
babel-plugin-css-modules-transform,middle,0.0,25.0,3.8078865529319543,26.0
babel-plugin-dynamic-import-node,top,0.0,28.0,10.173494974687902,28.0
babel-plugin-precompile-charcodes,middle,0.0,19.0,1.0,19.0
babel-plugin-root-import,middle,0.0,26.0,3.082207001484488,26.0
babel-plugin-transform-react-remove-prop-types,top,0.0,20.6,3.7815340802378072,21.0
babel-plugin-webpack-alias,middle,0.0,20.6,7.300684899377592,18.0
babel-preset-es2015-mod,middle,0.0,31.0,4.183300132670378,32.0
babel-preset-es2015-node5,middle,0.0,16.4,2.701851217221259,16.0
babel-preset-es2015-node6,middle,0.0,24.4,2.7928480087537886,25.0
babel-preset-es2015-without-strict,middle,0.0,33.6,4.560701700396552,32.0
babel-preset-power-assert,middle,0.0,22.4,3.7815340802378077,22.0
babelify,top,0.0,25.6,5.856620185738529,27.0
babelrc-rollup,middle,0.0,27.8,1.4832396974191326,28.0
backbone-computed-properties,bottom,0.0,23.2,5.848076606885378,21.0
backbone-db-elasticsearch,bottom,0.0,24.2,3.96232255123179,23.0
backbone-db-mongodb,bottom,0.0,22.2,2.7748873851023212,23.0
backbone.declarative.views,bottom,0.0,27.8,7.429670248402684,29.0
backbone.ribs,bottom,0.0,21.6,3.8470768123342687,22.0
backpack-ht16k33,bottom,0.0,25.4,4.6690470119715,27.0
barterer,bottom,0.0,12.2,3.7682887362833544,10.0
base64-img,middle,0.0,30.0,4.06201920231798,28.0
batch-me-if-you-can,bottom,0.0,15.0,2.345207879911715,14.0
beautify-lint,middle,0.0,18.6,6.8044103344816,17.0
becklyn-gulp,bottom,0.0,16.8,5.805170109479997,14.0
beeper,top,0.0,23.6,4.03732584763727,24.0
beercalc_js,bottom,0.0,19.0,2.9154759474226504,18.0
benderjs-amd,bottom,0.0,23.0,4.183300132670378,22.0
bepacked,bottom,0.0,19.2,2.280350850198276,20.0
big-red-button,bottom,0.0,20.8,8.167006795638168,20.0
bili,middle,0.0,24.0,5.522680508593631,22.0
bin-pack,middle,0.0,21.4,2.9664793948382653,21.0
binary-extensions,top,0.0,31.6,1.341640786499874,31.0
binding,middle,0.0,20.6,6.50384501660364,19.0
bip32-wallet,bottom,0.0,28.2,2.949576240750525,29.0
bitbucket-ips,bottom,0.0,12.0,2.5495097567963922,13.0
bitcoin-ops,middle,0.0,27.6,3.361547262794322,29.0
blacklist,middle,0.0,15.8,5.167204273105526,15.0
blender,bottom,0.0,30.6,3.6469165057620936,32.0
bloggy,bottom,0.0,22.0,5.70087712549569,19.0
bloggy-marked-toc,bottom,0.0,17.8,4.604345773288535,18.0
bloggy-rss,bottom,0.0,26.2,5.540758070878027,29.0
blum,bottom,0.0,16.4,6.58027355054484,18.0
bmfont2json,bottom,0.0,20.2,3.420526275297414,19.0
bn.js,top,0.0,31.8,4.604345773288536,33.0
body-parser,top,0.0,30.2,5.167204273105525,32.0
bonjour,top,0.0,29.4,3.286335345030997,30.0
bookshelf-manager,bottom,0.0,23.0,5.338539126015656,24.0
boomcatch,bottom,0.0,23.2,5.357238094391549,25.0
bootstrap-sass-loader,middle,0.0,28.2,2.2803508501982757,28.0
bootstrapper,middle,0.0,13.2,5.805170109479997,12.0
boring-config,bottom,0.0,25.0,5.830951894845301,26.0
bossy,middle,0.0,19.8,3.7013511046643495,20.0
boundary,middle,0.0,21.6,2.701851217221259,21.0
boxen,top,0.0,27.0,4.242640687119285,28.0
bpmn-js-debug-overlay,bottom,0.0,22.4,3.209361307176242,21.0
braces,top,0.0,1.8,5.310367218940701,2.0
breadboard,bottom,0.0,27.0,6.363961030678928,25.0
breeze.js.bower,bottom,0.0,24.6,4.39317652729776,23.0
breeze.js.labs,bottom,0.0,16.8,4.08656334834051,15.0
brim,bottom,0.0,13.6,1.6733200530681511,14.0
broccoli-autoprefixer,middle,0.0,19.0,1.8708286933869704,19.0
broccoli-csssplit,bottom,0.0,28.0,7.3824115301167,24.0
broccoli-i18n-lazy-lookup,bottom,0.0,29.2,3.701351104664349,30.0
broccoli-ng-templatecache,bottom,0.0,28.4,6.308724118235001,29.0
broccoli-splitter,bottom,0.0,24.0,6.324555320336759,23.0
browser-env,middle,0.0,25.2,4.08656334834051,24.0
browser-pdf-support,bottom,0.0,33.2,8.64291617453276,34.0
browser-process-hrtime,top,0.0,24.6,4.03732584763727,25.0
browser-stdout,top,0.0,19.4,3.5777087639996643,20.0
browserify-aes,top,0.0,36.4,3.911521443121589,38.0
browserify-des,top,0.0,30.0,3.5355339059327378,29.0
browserify-dev-bundler,bottom,0.0,19.6,7.3688533707762165,16.0
browserify-hmr,middle,0.0,22.0,1.2247448713915892,22.0
browserify-sign,top,0.0,32.2,3.2710854467592245,32.0
browserslist,top,0.0,31.0,2.9999999999999996,30.0
buffer-indexof-polyfill,middle,0.0,24.2,6.942621983083913,28.0
buffer-xor,top,0.0,30.4,6.024948132556828,28.0
buffered-transform,bottom,0.0,33.4,7.092249290598857,31.0
builder-coffee,bottom,0.0,29.4,3.209361307176243,31.0
builtin-modules,top,0.0,22.2,4.024922359499621,22.0
builtin-status-codes,top,0.0,25.8,7.854934754662192,22.0
builtins,top,0.0,27.0,3.391164991562634,27.0
bump-cli,middle,0.0,23.4,2.8809720581775866,24.0
bunnydo,bottom,0.0,19.6,2.701851217221259,20.0
busylight,bottom,0.0,24.6,2.701851217221259,25.0
buzzfeed-headlines,bottom,0.0,24.0,6.745368781616021,27.0
caber,bottom,0.0,22.0,6.284902544988268,20.0
cache-base,top,0.0,28.6,7.162401831787993,30.0
cache-wrapper,bottom,0.0,15.4,3.1304951684997055,17.0
calendar-matrix,bottom,0.0,21.4,8.294576541331088,21.0
call,middle,0.0,27.8,4.324349662087931,27.0
call-me-maybe,top,0.0,28.8,7.362064927722384,27.0
callback-timer,bottom,0.0,26.0,4.123105625617661,26.0
callback-with,bottom,0.0,28.6,5.639148871948674,26.0
callback-wrapper,bottom,0.0,25.6,5.727128425310541,26.0
caller-callsite,top,0.0,37.4,5.128352561983234,38.0
caller-path,top,0.0,29.6,3.1304951684997055,29.0
callsites,top,0.0,32.2,4.024922359499621,32.0
camelcase,top,0.0,24.0,3.605551275463989,23.0
camelcase-keys,top,0.0,32.4,6.618156843109719,33.0
caniuse-lite,top,0.0,27.8,10.2810505299799,31.0
cantina-app-users,bottom,0.0,21.0,1.8708286933869704,22.0
capture-stack-trace,top,0.0,25.8,3.5637059362410923,27.0
carcass-program,bottom,0.0,17.6,3.2093613071762426,16.0
card-dealer,bottom,0.0,24.4,4.449719092257398,23.0
catbox-s3,bottom,0.0,29.4,3.0495901363953815,28.0
center-align,top,0.0,24.0,5.338539126015656,23.0
cfn-config,bottom,0.0,20.6,7.536577472566709,21.0
chai-shallow-deep-equal,middle,0.0,33.0,7.778174593052023,32.0
chain-args,bottom,0.0,29.2,2.387467277262664,29.0
changelogx,middle,0.0,13.8,5.540758070878027,12.0
charabanc,bottom,0.0,21.4,6.465291950097845,18.0
check-pages,middle,0.0,28.6,5.983310120660637,30.0
chemical-symbols,bottom,0.0,28.8,1.9235384061671343,28.0
choice,bottom,0.0,28.4,5.176871642217915,31.0
ci-info,top,0.0,38.2,4.816637831516918,41.0
cipher-base,top,0.0,32.2,3.271085446759226,33.0
circular-dependency-plugin,top,0.0,24.4,2.701851217221259,25.0
clap,top,0.0,21.6,4.277849927241488,20.0
class-utils,top,0.0,22.6,4.39317652729776,21.0
classlist-polyfill,middle,0.0,36.0,2.9154759474226504,37.0
classnames,top,0.0,27.2,1.4832396974191326,27.0
clever-tools,bottom,0.0,19.0,5.958187643906492,15.0
cli,middle,0.0,5.6,2.1908902300206643,5.0
cli-cursor,top,0.0,30.8,3.7682887362833544,30.0
cli-snow,bottom,0.0,18.8,6.016643582596529,17.0
cli-spy,bottom,0.0,24.4,3.7815340802378077,26.0
cli-width,top,0.0,24.8,7.085195833567341,27.0
cliclopts,middle,0.0,25.4,3.507135583350036,27.0
clingwrap,bottom,0.0,23.6,6.148170459575759,22.0
cliui,top,0.0,32.8,2.7748873851023212,32.0
clocker,bottom,0.0,23.8,7.362064927722384,23.0
clone-deep,top,0.0,9.4,7.092249290598858,7.0
closest,middle,0.0,30.8,5.167204273105526,32.0
clui,middle,0.0,27.2,5.215361924162119,29.0
cluster-advisor,bottom,0.0,27.8,5.167204273105526,26.0
cluster-role,bottom,0.0,4.0,7.0,3.0
clusterjs,bottom,0.0,16.2,3.96232255123179,15.0
co-event-wrap,bottom,0.0,33.6,6.6558245169174945,32.0
co-inbox,bottom,0.0,27.8,9.67987603226405,27.0
co-thrift,bottom,0.0,26.6,7.46993975879324,24.0
code-point-at,top,0.0,33.0,5.1478150704934995,35.0
code-snippets,bottom,0.0,27.0,5.431390245600108,28.0
codewars,bottom,0.0,19.8,5.540758070878027,19.0
coffee,middle,0.0,27.2,2.774887385102322,28.0
collect-callbacks,bottom,0.0,27.8,5.357238094391549,25.0
collection-visit,top,0.0,-5.2,1.3038404810405297,-5.0
color-name,top,0.0,31.0,5.291502622129181,29.0
color-support,top,0.0,24.0,1.8708286933869707,24.0
colormin,top,0.0,24.0,5.787918451395113,25.0
colorzy,bottom,0.0,20.8,6.058052492344384,22.0
colsole,bottom,0.0,23.0,2.6457513110645907,22.0
command-line-commands,middle,0.0,23.6,5.029910535983716,22.0
command-mapper,bottom,0.0,25.6,5.9833101206606365,28.0
commist,middle,0.0,29.0,3.872983346207417,28.0
common-dir,middle,0.0,33.6,3.507135583350037,33.0
commonmark-react-renderer,middle,0.0,25.2,6.220932405998316,28.0
comparative-selection,bottom,0.0,31.0,4.949747468305832,31.0
compare-versions,top,0.0,31.2,3.7013511046643495,30.0
comparray,bottom,0.0,20.4,1.6733200530681511,20.0
complexion-time-map,bottom,0.0,25.2,6.534523701081816,26.0
compose-function,middle,0.0,37.6,2.8809720581775866,38.0
composition,middle,0.0,32.2,3.271085446759225,32.0
compression,top,0.0,25.0,3.605551275463989,26.0
concat,middle,0.0,31.2,4.764451699828638,30.0
concat-image,bottom,0.0,30.6,0.8944271909999155,30.0
config-lite,middle,0.0,23.2,7.726577508832744,24.0
configurable-http-proxy,bottom,0.0,34.0,3.3166247903554007,35.0
confy-node,bottom,0.0,29.6,3.286335345030997,28.0
connect-weinre-injector,bottom,0.0,20.2,1.3038404810405297,20.0
consign,middle,0.0,33.8,8.258329128825032,30.0
console.table,middle,0.0,14.4,1.9493588689617927,15.0
contact-form,bottom,0.0,20.0,2.91547594742265,19.0
contains-path,top,0.0,25.0,3.5355339059327373,24.0
content,middle,0.0,27.8,4.381780460041329,30.0
content-disposition,top,0.0,26.8,1.7888543819998317,27.0
content-type,top,0.0,30.8,3.492849839314596,31.0
contentful-sdk-core,middle,0.0,28.0,1.732050807568877,29.0
contentstream,middle,0.0,18.2,12.029131306956458,13.0
contra,middle,0.0,25.4,2.4083189157584592,26.0
contractual,bottom,0.0,18.6,4.878524367060187,20.0
cookie-parser,top,0.0,29.4,6.107372593840989,31.0
cool-ascii-faces,middle,0.0,26.6,2.4083189157584592,26.0
copy,middle,0.0,22.4,5.128352561983235,22.0
copy-webpack-plugin,top,0.0,30.2,1.9235384061671346,30.0
cordova-lib,middle,0.0,24.8,5.118593556827891,25.0
core,bottom,0.0,23.8,7.758865896508329,20.0
coreos-cluster,bottom,0.0,19.0,3.0,19.0
corq,bottom,0.0,13.4,1.9493588689617927,14.0
correcthorse,bottom,0.0,19.4,2.3021728866442674,19.0
cors,middle,0.0,32.0,5.958187643906492,31.0
cosmiconfig,top,0.0,28.8,1.9235384061671346,29.0
couchdb-fauxton,bottom,0.0,22.4,4.9295030175464944,20.0
couchdb-user-account,bottom,0.0,22.8,3.5637059362410923,23.0
countdown.js,bottom,0.0,26.8,3.9623225512317894,28.0
countn,bottom,0.0,25.4,5.8991524815010505,27.0
cpa.js,bottom,0.0,16.8,6.648308055437865,13.0
create-cipher,bottom,0.0,26.0,8.514693182963201,29.0
createECDH,top,0.0,31.4,6.06630035524124,30.0
createHash,top,0.0,14.8,4.764451699828638,12.0
createHmac,top,0.0,21.0,7.280109889280518,18.0
crop-rotate-and-sample-in-browser,bottom,0.0,32.4,5.89915248150105,34.0
cross-env,top,0.0,28.2,5.215361924162119,32.0
crossbar-nodejs,bottom,0.0,26.2,7.362064927722384,26.0
crossvent,middle,0.0,31.8,5.118593556827891,32.0
css-declaration-sorter,top,0.0,22.8,8.043631020876083,22.0
css-driven,bottom,0.0,27.4,7.05691150575094,30.0
css-selector-tokenizer,top,0.0,27.8,1.3038404810405297,28.0
css-url-versioner,bottom,0.0,24.0,6.442049363362563,20.0
csstree,top,0.0,14.6,3.0495901363953815,14.0
csv-join,bottom,0.0,33.6,4.827007354458868,34.0
ctrllr,bottom,0.0,26.2,4.658325879540846,28.0
currently-unhandled,top,0.0,24.6,5.504543577809154,26.0
custom-event,top,0.0,29.0,7.681145747868608,30.0
cyclon.p2p-rtc-client,bottom,0.0,24.4,6.9498201415576215,27.0
d3-sankey,middle,0.0,23.4,3.7815340802378072,21.0
d3-star-plot,bottom,0.0,35.4,8.17312669668102,39.0
d6,bottom,0.0,32.4,7.987490219086343,29.0
daily-comic.js,bottom,0.0,14.4,3.9115214431215897,15.0
dailymotion-sdk-node,bottom,0.0,26.6,5.029910535983717,29.0
danfe,bottom,0.0,29.8,4.324349662087931,29.0
date-fns,top,0.0,28.2,4.08656334834051,27.0
date-math,middle,0.0,28.2,4.969909455915671,26.0
dbcsv,bottom,0.0,20.8,3.7682887362833544,20.0
decamelize,top,0.0,20.8,3.4205262752974144,20.0
decompress-response,top,0.0,30.8,5.6302753041037,32.0
default-require-extensions,top,0.0,28.6,7.3688533707762165,28.0
defaults-deep,middle,0.0,21.2,8.700574693662482,24.0
deferred-interval,bottom,0.0,15.8,9.934787365615835,11.0
define-exceptions,bottom,0.0,31.2,2.7748873851023212,30.0
define-properties,top,0.0,20.0,4.0,21.0
define-property,top,0.0,31.0,4.636809247747853,30.0
del,top,0.0,28.2,2.2803508501982757,28.0
delighted-node,bottom,0.0,26.0,4.743416490252569,28.0
denodeify,top,0.0,12.0,1.224744871391589,12.0
dependency-injection,middle,0.0,24.8,8.526429498916883,23.0
derequire-transform,bottom,0.0,37.2,2.387467277262664,36.0
des.js,top,0.0,28.6,6.913754406977442,26.0
detect-browser,middle,0.0,29.6,6.877499545619759,28.0
detect-data-stream,bottom,0.0,19.8,6.760177512462229,20.0
detect-file,top,0.0,-2.6,1.140175425099138,-3.0
detect-newline,top,0.0,31.4,1.9493588689617933,32.0
detect-node,top,0.0,30.4,1.9493588689617931,31.0
detect-port,top,0.0,30.2,1.6431676725154982,29.0
detect-rename,bottom,0.0,29.2,6.534523701081817,31.0
deuces,bottom,0.0,10.0,2.5495097567963922,10.0
dev-web-server,bottom,0.0,24.2,2.3874672772626644,24.0
devs,bottom,0.0,15.8,2.4899799195977463,14.0
df,middle,0.0,25.8,3.6331804249169903,27.0
dial-roller,bottom,0.0,23.8,6.457553716385176,22.0
dialog,bottom,0.0,34.6,4.09878030638384,35.0
diffie-hellman,top,0.0,34.0,4.636809247747852,36.0
dir-glob,top,0.0,31.4,4.39317652729776,31.0
directory-path,bottom,0.0,16.6,3.6469165057620945,17.0
dirtybit,bottom,0.0,34.2,6.97853852894716,32.0
discord.js-musicbot-addon,middle,0.0,8.8,3.420526275297414,8.0
displayer-api-client,bottom,0.0,23.8,2.489979919597746,24.0
dns-packet,top,0.0,23.0,2.23606797749979,23.0
dns-txt,top,0.0,27.6,5.412947441089743,30.0
docker-pull,bottom,0.0,23.4,3.3615472627943217,24.0
dockerify,bottom,0.0,15.4,6.4265076052238514,18.0
dockerspaniel,bottom,0.0,20.0,1.0,20.0
docooment,bottom,0.0,25.2,6.016643582596529,21.0
dogedc,bottom,0.0,22.4,4.159326868617084,22.0
dom-replace-html-stream,bottom,0.0,24.0,2.345207879911715,23.0
dom-serialize,top,0.0,25.6,3.2863353450309964,24.0
dominator,bottom,0.0,27.8,5.167204273105526,29.0
dot-prop,top,0.0,15.6,4.505552130427524,13.0
dotignore,bottom,0.0,28.2,3.3466401061363023,29.0
dotpath-compile,bottom,0.0,24.4,5.856620185738529,23.0
download-email-attachments,bottom,0.0,25.6,5.727128425310542,23.0
draftjs-to-html,middle,0.0,28.6,1.140175425099138,29.0
drool,middle,0.0,21.2,3.96232255123179,23.0
droonga-http-server,bottom,0.0,32.8,5.21536192416212,36.0
drop-while,bottom,0.0,21.2,5.449770637375485,20.0
dropbox-auth-cli,bottom,0.0,16.6,9.044335243676011,15.0
dropbox-mock.js,bottom,0.0,32.6,3.7815340802378077,33.0
dropbox-sdk-js,middle,0.0,26.4,2.302172886644268,26.0
dsigner,bottom,0.0,24.2,6.099180272790763,23.0
dtree,bottom,0.0,19.4,4.774934554525329,19.0
duplexify,top,0.0,22.4,2.6076809620810595,22.0
dustjacket,bottom,0.0,29.6,9.813256340277675,31.0
dynamo-converters,bottom,0.0,14.2,5.805170109479997,14.0
e3x-cs3a,bottom,0.0,21.4,1.5165750888103102,22.0
earl-grey,middle,0.0,23.2,4.868264577855235,22.0
edp-bcs,bottom,0.0,37.2,13.103434664239755,36.0
edx-modulestore-node,bottom,0.0,22.4,2.5099800796022262,21.0
eightbyeight,bottom,0.0,25.6,6.2289646009589745,29.0
ejs,top,0.0,31.0,3.3166247903554003,31.0
electron-json-storage,middle,0.0,26.0,6.59545297913646,28.0
electron-reload,middle,0.0,23.6,6.6932802122726045,25.0
electron-squirrel-startup,middle,0.0,26.0,4.847679857416329,27.0
electron-store,middle,0.0,18.0,4.301162633521313,16.0
electron-window-state,middle,0.0,19.6,7.021395872616783,18.0
element-resize-event,middle,0.0,28.0,1.732050807568877,27.0
elixir,top,0.0,29.4,7.76530746332687,30.0
elliptic,top,0.0,32.0,4.795831523312719,31.0
email-obfuscator,bottom,0.0,30.4,6.107372593840988,27.0
ember-assign-polyfill,middle,0.0,30.0,5.744562646538029,29.0
ember-browserify,middle,0.0,19.0,6.519202405202649,16.0
ember-cli-admin-languages,bottom,0.0,21.8,5.718391382198319,21.0
ember-cli-array-slice,bottom,0.0,28.6,6.985699678629192,25.0
ember-cli-autoprefixer,middle,0.0,20.4,2.5099800796022262,19.0
ember-cli-deploy,middle,0.0,25.8,2.7748873851023212,26.0
ember-cli-github-pages,middle,0.0,22.8,7.661592523751182,27.0
ember-cli-jsx,bottom,0.0,26.4,6.87749954561976,30.0
ember-cli-typescript,middle,0.0,22.8,3.768288736283355,22.0
ember-dropkick,bottom,0.0,19.6,3.3615472627943217,19.0
ember-lodash,middle,0.0,20.4,4.6690470119715,17.0
ember-pdfjs,bottom,0.0,21.0,1.8708286933869709,21.0
ember-power-select,middle,0.0,25.8,4.207136793592526,27.0
ember-sinon,middle,0.0,18.8,2.16794833886788,20.0
ember-test-helpers,middle,0.0,28.4,5.594640292279746,27.0
emic2,bottom,0.0,30.4,13.315404612703288,29.0
emoji-regex,top,0.0,22.2,3.5637059362410923,20.0
emoney,bottom,0.0,21.2,4.381780460041329,19.0
enable,middle,0.0,26.8,4.494441010848846,29.0
enb-browserify,bottom,0.0,25.0,1.8708286933869704,25.0
enb-y-i18n,bottom,0.0,29.2,3.420526275297414,28.0
encodeurl,top,0.0,29.4,1.1401754250991378,29.0
encoding-down,middle,0.0,22.4,1.51657508881031,22.0
ends-with,middle,0.0,22.8,2.588435821108957,22.0
engine.io-parser,top,0.0,26.2,4.8166378315169185,25.0
epinfer,bottom,0.0,22.2,4.868264577855235,24.0
eris,middle,0.0,35.4,2.509980079602227,35.0
errorhandler,top,0.0,28.4,7.231873892705818,31.0
erroz,bottom,0.0,19.0,6.2048368229954285,21.0
es-abstract,top,0.0,29.8,1.6431676725154984,30.0
es-tar,bottom,0.0,24.0,4.301162633521313,26.0
es-to-primitive,top,0.0,27.4,3.5777087639996634,28.0
es6-project-starter-kit,bottom,0.0,18.0,4.527692569068709,18.0
esbeautifier,middle,0.0,7.8,3.420526275297414,6.0
escallmatch,middle,0.0,22.2,7.259476565152615,21.0
escape-string-regexp,top,0.0,27.2,5.630275304103699,26.0
esformatter-quotes,middle,0.0,8.8,2.949576240750525,7.0
eslint-config-kentcdodds,middle,0.0,15.6,5.029910535983717,16.0
eslint-config-node-style-guide,middle,0.0,29.4,3.577708763999664,30.0
eslint-config-peerigon,middle,0.0,21.8,2.7748873851023212,23.0
eslint-config-react,middle,0.0,24.6,2.5099800796022262,25.0
eslint-config-standard,top,0.0,31.2,7.463243262818116,33.0
eslint-loader,top,0.0,19.4,1.140175425099138,19.0
eslint-plugin,middle,0.0,20.4,4.39317652729776,19.0
eslint-plugin-css-modules,middle,0.0,20.8,2.6832815729997477,21.0
eslint-plugin-github,middle,0.0,17.4,1.9493588689617927,18.0
eslint-plugin-import,top,0.0,29.8,0.8366600265340757,30.0
eslint-plugin-lodash,middle,0.0,26.4,6.6932802122726045,23.0
eslint-plugin-node,top,0.0,28.8,6.016643582596529,29.0
eslint-plugin-react,top,0.0,27.4,3.0495901363953806,28.0
eslint-plugin-standard,top,0.0,24.0,6.164414002968976,23.0
espial,bottom,0.0,19.2,3.7682887362833544,20.0
espower-source,middle,0.0,25.0,4.301162633521313,23.0
espree,top,0.0,28.4,2.966479394838265,27.0
esri-dump,bottom,0.0,19.4,5.9413803110051795,19.0
esri-gnip,bottom,0.0,19.2,3.03315017762062,18.0
estktap,bottom,0.0,29.4,7.402702209328699,26.0
etag,top,0.0,35.2,2.9495762407505257,37.0
event-aggregator,middle,0.0,25.2,6.418722614352485,25.0
event-source-emitter,bottom,0.0,33.4,4.159326868617084,35.0
excuses,bottom,0.0,22.0,2.121320343559643,22.0
exec-sh,top,0.0,31.2,1.3038404810405297,31.0
execa,top,0.0,33.0,2.0,32.0
exit-hook,top,0.0,34.6,2.3021728866442683,35.0
exp-asynccache,bottom,0.0,28.0,8.602325267042627,31.0
expand-brackets,top,0.0,30.2,4.08656334834051,29.0
expand-range,top,0.0,23.8,4.764451699828639,25.0
exposify,middle,0.0,13.8,2.5884358211089573,13.0
express-batch,bottom,0.0,23.8,6.300793600809346,24.0
express-boot,bottom,0.0,20.4,4.159326868617084,21.0
express-fluent-logger,bottom,0.0,25.6,3.2863353450309964,25.0
express-orm-mvc,bottom,0.0,32.8,3.96232255123179,33.0
express-qrcode,bottom,0.0,20.4,6.6932802122726045,17.0
express-react-views,middle,0.0,12.0,2.7386127875258306,12.0
express-request-proxy,middle,0.0,16.4,2.607680962081059,17.0
express-sanitizer,middle,0.0,33.6,7.569676347110226,38.0
express-wrangler,bottom,0.0,26.2,6.870225614927067,29.0
extend-shallow,top,0.0,24.6,4.219004621945797,26.0
extglob,top,0.0,26.8,5.06951674225463,26.0
extract-gettext,bottom,0.0,17.2,6.978538528947161,17.0
extract-text-webpack-plugin,top,0.0,22.8,9.121403400793104,20.0
extract-zip,top,0.0,18.8,3.4928498393145966,19.0
fancy-log,top,0.0,27.6,5.412947441089743,27.0
fast-json-stringify,middle,0.0,32.0,2.8284271247461903,30.0
fastfall,middle,0.0,25.0,7.810249675906655,24.0
fastft-api-client,bottom,0.0,20.0,2.9154759474226504,19.0
fastparse,top,0.0,20.6,5.9413803110051795,19.0
fb-node,bottom,0.0,19.0,4.847679857416329,20.0
fb-xmpp-connector,bottom,0.0,25.0,3.9370039370059056,25.0
fetch,top,0.0,33.0,7.24568837309472,32.0
fetch-client,middle,0.0,24.8,7.1203932475671605,26.0
fetch-ponyfill,middle,0.0,39.0,4.415880433163924,37.0
fetchr,middle,0.0,27.6,7.402702209328699,28.0
figures,top,0.0,35.4,7.700649323271382,37.0
file-type,top,0.0,33.8,3.768288736283355,33.0
filename-regex,top,0.0,20.2,5.630275304103699,19.0
filetobase64,bottom,0.0,23.2,3.5637059362410923,24.0
fill-range,top,0.0,23.2,3.271085446759225,23.0
finalhandler,top,0.0,37.2,2.16794833886788,37.0
find-cache-dir,top,0.0,37.6,4.669047011971501,37.0
find-file-up,middle,0.0,15.8,4.764451699828638,14.0
find-process,middle,0.0,33.4,6.8044103344816005,31.0
find-up,top,0.0,38.2,4.08656334834051,39.0
fined,top,0.0,24.2,2.3874672772626644,24.0
first-chunk-stream,top,0.0,41.8,2.1679483388678804,43.0
firstline,middle,0.0,21.4,7.266360849833981,20.0
fist-fistlabs_unit_serial,bottom,0.0,26.8,7.259476565152615,28.0
flagged-respawn,top,0.0,24.4,6.348228099241551,22.0
flickity,middle,0.0,25.0,6.48074069840786,28.0
flow-view,bottom,0.0,23.2,9.85900603509299,16.0
flush-write-stream,top,0.0,24.4,2.6076809620810595,24.0
fluxer,bottom,0.0,22.4,4.8270073544588685,23.0
fluxxor-autobind,bottom,0.0,25.6,5.319774431308154,26.0
fn-args,middle,0.0,18.4,5.029910535983716,18.0
fontpath,bottom,0.0,20.6,2.966479394838265,22.0
for-in,top,0.0,12.2,5.630275304103699,13.0
for-own,top,0.0,5.4,5.727128425310541,8.0
format-url,bottom,0.0,23.4,3.577708763999663,23.0
forwarded,top,0.0,31.2,4.147288270665544,31.0
framework,middle,0.0,17.8,8.87130204648675,20.0
fredApi,bottom,0.0,25.4,3.646916505762094,25.0
freeloader-stream,bottom,0.0,29.0,9.9498743710662,30.0
friendly-errors-webpack-plugin,top,0.0,22.4,4.159326868617084,24.0
from2,top,0.0,28.6,2.7928480087537886,28.0
from2-string,middle,0.0,24.8,3.1937438845342623,24.0
frozen-express,bottom,0.0,26.0,6.082762530298219,27.0
fruit,bottom,0.0,17.0,8.860022573334675,21.0
fs-temp,middle,0.0,24.4,4.33589667773576,25.0
fs-write-stream-atomic,top,0.0,34.2,4.868264577855235,34.0
fsm2dot,bottom,0.0,16.8,0.44721359549995815,17.0
ftp-generate-response,bottom,0.0,23.8,3.7682887362833544,24.0
fuzzy-search,middle,0.0,37.6,3.209361307176243,38.0
fxos-simulators,bottom,0.0,17.6,2.3021728866442674,18.0
ga-localstorage,bottom,0.0,24.8,4.381780460041329,25.0
gaffa-frame,bottom,0.0,24.6,7.503332592921628,29.0
gardr-plugin-ext-burt,bottom,0.0,18.4,2.1908902300206647,19.0
garnish,middle,0.0,20.6,5.813776741499453,20.0
gcr,bottom,0.0,26.4,3.714835124201342,27.0
gearsloth,bottom,0.0,21.0,6.819090848492928,21.0
gedcomx-date-js,bottom,0.0,28.0,2.5495097567963922,28.0
generate-function,top,0.0,25.4,2.7018512172212588,25.0
generator-appsngen-web-widget,bottom,0.0,19.6,2.190890230020664,19.0
generator-bangular,bottom,0.0,22.8,6.610597552415364,19.0
generator-lib-java,bottom,0.0,22.6,4.774934554525329,22.0
generator-meshblu-connector,bottom,0.0,26.0,1.0,26.0
generator-npm-module,bottom,0.0,31.8,2.949576240750525,32.0
generator-react-gulp-browserify,bottom,0.0,16.2,1.0954451150103324,17.0
generator-readme,bottom,0.0,17.2,6.685805860178712,14.0
generator-utils,bottom,0.0,23.2,9.093954035511725,18.0
generator-videojs-plugin,bottom,0.0,27.2,2.3874672772626644,26.0
geo-tree,bottom,0.0,18.2,2.387467277262664,17.0
geohash-poly,bottom,0.0,19.6,7.829431652425353,22.0
geojson-summary,bottom,0.0,20.8,3.271085446759225,21.0
geojson-vt,middle,0.0,26.0,5.0990195135927845,26.0
get-stdin,top,0.0,27.0,5.787918451395113,27.0
get-stream,top,0.0,30.0,2.73861278752583,30.0
get-value,top,0.0,23.6,4.219004621945797,25.0
getpackages,bottom,0.0,24.4,5.89915248150105,24.0
ghost-export,bottom,0.0,22.8,3.271085446759225,24.0
ghost-render,bottom,0.0,19.6,8.473488065725943,15.0
ghpages,middle,0.0,17.8,4.658325879540846,17.0
ghusers,bottom,0.0,16.8,3.5637059362410923,17.0
giphy-api,middle,0.0,22.8,4.207136793592526,24.0
git-clone,middle,0.0,34.0,5.1478150704935,34.0
git-latest-semver-tag,middle,0.0,29.4,5.941380311005179,33.0
git-repository,middle,0.0,20.6,4.09878030638384,22.0
gitbook,middle,0.0,24.6,5.029910535983716,25.0
gitbook-grvis,bottom,0.0,6.8,4.08656334834051,8.0
gitbook-plugin-comments,bottom,0.0,17.0,1.0,17.0
gitbook-plugin-lexicon,bottom,0.0,28.8,2.9495762407505257,30.0
gitbook-plugin-piwik,bottom,0.0,20.2,0.8366600265340757,20.0
github-changes,middle,0.0,18.0,4.949747468305833,19.0
github-jobs,bottom,0.0,27.2,7.949842765740716,25.0
github-language,bottom,0.0,19.0,6.519202405202649,18.0
github-todos,bottom,0.0,21.2,4.43846820423443,23.0
gitignoreensure,bottom,0.0,24.0,5.385164807134504,27.0
gl-mat4,middle,0.0,29.2,5.357238094391549,32.0
gl-vec3,middle,0.0,31.8,3.1144823004794873,32.0
glob-parent,top,0.0,31.6,5.412947441089743,31.0
global-modules,top,0.0,25.6,4.878524367060187,27.0
global-prefix,top,0.0,22.8,6.058052492344384,23.0
globby,top,0.0,31.2,4.207136793592526,33.0
globo,middle,0.0,12.8,7.5960516059331775,10.0
globstar,middle,0.0,22.8,4.324349662087931,23.0
glogg,top,0.0,23.8,3.9623225512317894,23.0
glry,bottom,0.0,19.6,3.2093613071762426,18.0
glue,middle,0.0,29.0,6.8190908484929285,27.0
gnar,bottom,0.0,20.2,6.760177512462229,23.0
gocd-api,bottom,0.0,27.4,2.408318915758459,28.0
goodscloud-node,bottom,0.0,21.6,5.683308895353129,20.0
google-cloud-storage,bottom,0.0,18.0,2.9154759474226504,17.0
google-fonts-downloader,bottom,0.0,29.8,4.207136793592526,30.0
google-libphonenumber,middle,0.0,24.8,2.863564212655271,25.0
google-maps-react,middle,0.0,21.8,1.6431676725154984,23.0
google-maps-services-js,middle,0.0,27.8,4.08656334834051,27.0
googlefonts,bottom,0.0,25.8,4.868264577855234,25.0
got,top,0.0,27.8,5.06951674225463,26.0
governor,bottom,0.0,26.8,3.271085446759226,27.0
gp-js-client,middle,0.0,26.8,3.1144823004794877,27.0
grunt-api-meta,bottom,0.0,25.4,8.502940667792526,29.0
grunt-blogbuilder,bottom,0.0,19.6,2.5099800796022267,19.0
grunt-caveman,bottom,0.0,30.4,4.39317652729776,29.0
grunt-check-pages,middle,0.0,20.6,5.639148871948674,24.0
grunt-crowdin,bottom,0.0,22.4,3.4351128074635335,21.0
grunt-date-suffix,bottom,0.0,18.8,3.271085446759225,17.0
grunt-gulp,middle,0.0,20.4,3.0495901363953815,20.0
grunt-htmllint-http,bottom,0.0,22.2,1.30384048104053,22.0
grunt-jscpd-reporter,bottom,0.0,19.0,5.196152422706632,19.0
grunt-knex-schema,bottom,0.0,27.2,6.300793600809346,30.0
grunt-metascript,bottom,0.0,24.2,6.833739825307955,23.0
grunt-neo4j,bottom,0.0,24.2,4.08656334834051,26.0
grunt-nexe,bottom,0.0,20.8,7.463243262818116,18.0
grunt-npm-helper,bottom,0.0,23.8,1.0954451150103324,24.0
grunt-potomo,middle,0.0,19.4,6.985699678629192,20.0
grunt-protractor-coverage,middle,0.0,25.6,2.9664793948382653,25.0
grunt-sass-lint,middle,0.0,25.2,6.457553716385176,28.0
grunt-serve,middle,0.0,14.8,6.572670690061994,13.0
grunt-slm,bottom,0.0,21.8,2.588435821108957,21.0
grunt-stylus-base-files,bottom,0.0,18.4,3.974921382870358,19.0
grunt-svgstore,middle,0.0,26.2,3.1144823004794873,25.0
grunt-template-jasmine-dojo,bottom,0.0,23.6,1.949358868961793,23.0
grunt-xunit,bottom,0.0,27.0,3.6742346141747673,27.0
gulp-atom-electron,middle,0.0,25.8,2.588435821108957,26.0
gulp-autoprefixer,top,0.0,21.8,2.6832815729997477,22.0
gulp-ava,middle,0.0,28.6,5.683308895353129,31.0
gulp-base64,middle,0.0,13.0,4.183300132670378,14.0
gulp-cdn-ref,bottom,0.0,27.4,5.813776741499453,26.0
gulp-changed-in-place,middle,0.0,24.8,5.805170109479997,22.0
gulp-connect-php,middle,0.0,28.4,7.127411872482185,24.0
gulp-coverage,bottom,0.0,18.6,5.5497747702046425,16.0
gulp-css-inline-images,middle,0.0,26.6,3.2863353450309964,26.0
gulp-cssbeautify,middle,0.0,23.6,2.073644135332772,23.0
gulp-develop-server,middle,0.0,29.6,3.9749213828703582,29.0
gulp-dotjs-packer,bottom,0.0,25.6,6.985699678629192,25.0
gulp-es6-module-jstransform,bottom,0.0,20.6,3.7815340802378077,20.0
gulp-espower,middle,0.0,26.2,3.7682887362833544,26.0
gulp-exemplary,bottom,0.0,18.8,3.3466401061363014,20.0
gulp-framework-dep,bottom,0.0,25.8,3.1937438845342623,25.0
gulp-haste,bottom,0.0,30.4,5.727128425310541,30.0
gulp-html-extract,middle,0.0,28.0,4.358898943540674,29.0
gulp-html5-lint,middle,0.0,26.8,2.9495762407505253,28.0
gulp-hub,middle,0.0,29.6,4.979959839195493,31.0
gulp-imacss,bottom,0.0,17.4,6.228964600958975,16.0
gulp-inline-css,middle,0.0,22.8,4.266145801540309,23.0
gulp-istanbul-enforcer,middle,0.0,23.4,5.029910535983716,23.0
gulp-jsdoc,middle,0.0,26.0,5.049752469181039,23.0
gulp-jsonminify,middle,0.0,8.2,1.6431676725154984,8.0
gulp-mock,bottom,0.0,27.8,3.420526275297414,28.0
gulp-mustache,middle,0.0,29.0,4.58257569495584,30.0
gulp-natural-sort,middle,0.0,26.2,1.30384048104053,26.0
gulp-p4,bottom,0.0,29.2,2.949576240750525,30.0
gulp-pleeease,middle,0.0,23.2,2.2803508501982757,23.0
gulp-plumber,top,0.0,33.2,4.438468204234429,34.0
gulp-processhtml,middle,0.0,21.2,6.942621983083914,23.0
gulp-reduce-file,middle,0.0,27.4,1.9493588689617924,28.0
gulp-remote-src,middle,0.0,37.2,3.7682887362833535,38.0
gulp-serve,bottom,0.0,35.8,4.32434966208793,33.0
gulp-sloc,bottom,0.0,19.4,3.9749213828703582,20.0
gulp-sourcemaps,top,0.0,30.0,1.732050807568877,29.0
gulp-standard,middle,0.0,29.4,2.5099800796022262,29.0
gulp-strip-comments,middle,0.0,33.2,6.379655163094632,36.0
gulp-strip-css-comments,middle,0.0,29.8,3.271085446759225,30.0
gulp-stylint,middle,0.0,23.4,8.203657720797475,19.0
gulp-subtree,middle,0.0,21.2,2.7748873851023212,22.0
gulp-tape,middle,0.0,32.2,3.1144823004794886,31.0
gulp-use-asset,bottom,0.0,31.0,4.636809247747852,29.0
gulp-wrapper,middle,0.0,13.4,1.949358868961793,12.0
gulplog,top,0.0,28.2,7.328028384224504,28.0
gunzip-maybe,middle,0.0,19.0,6.284902544988268,19.0
gzip-size,top,0.0,27.8,1.9235384061671346,27.0
gzip-size-cli,middle,0.0,22.8,2.8635642126552705,23.0
hammer-draggables,bottom,0.0,23.6,6.348228099241551,24.0
handle-callback,bottom,0.0,11.2,3.1144823004794873,11.0
handpipe.js,bottom,0.0,26.2,4.604345773288535,25.0
hapi-auth-jwt2,middle,0.0,16.4,3.5071355833500366,16.0
hapi-bookshelf,bottom,0.0,19.2,4.919349550499537,17.0
hapi-boom-jsend,bottom,0.0,33.2,3.1937438845342636,34.0
hapi-cors-headers,middle,0.0,26.2,3.96232255123179,27.0
hapi-jwt,bottom,0.0,23.8,4.764451699828639,24.0
hapi-magic-filter,bottom,0.0,27.4,5.366563145999495,30.0
hapi-monit,bottom,0.0,19.8,2.7748873851023212,20.0
hapi-route-directory,bottom,0.0,33.0,5.744562646538029,34.0
harmony,bottom,0.0,23.0,6.519202405202649,20.0
has-ansi,top,0.0,26.4,6.465291950097845,29.0
has-flag,top,0.0,28.0,3.464101615137755,27.0
has-gulplog,top,0.0,23.6,2.3021728866442674,24.0
has-key-deep,bottom,0.0,14.2,0.8366600265340757,14.0
has-require,middle,0.0,20.4,1.6733200530681511,20.0
has-unicode,top,0.0,25.6,2.6076809620810595,26.0
has-value,top,0.0,23.0,2.6457513110645903,24.0
hash-base,top,0.0,33.0,1.224744871391589,33.0
hash-sum,top,0.0,29.6,2.0736441353327724,30.0
hash.js,top,0.0,35.4,3.2093613071762435,37.0
haypeaeye,bottom,0.0,20.8,6.978538528947161,23.0
hbars,bottom,0.0,21.4,4.159326868617084,21.0
heartbleed.js,bottom,0.0,25.0,9.695359714832659,27.0
help-me,middle,0.0,22.4,7.503332592921628,22.0
helper-coverage,middle,0.0,21.6,7.765307463326871,17.0
heroku-cli-util,middle,0.0,32.8,1.3038404810405295,32.0
heroku-proxy,bottom,0.0,25.6,5.224940191045253,25.0
hershey,bottom,0.0,18.6,9.762171889492626,16.0
hexo-cli,middle,0.0,30.4,6.348228099241551,34.0
hexo-generator-json-content,middle,0.0,15.8,4.604345773288536,18.0
hexo-migrator-joomla,bottom,0.0,25.8,3.271085446759225,27.0
hexo-renderer-haml,bottom,0.0,27.8,2.16794833886788,29.0
hexo-renderer-jade,middle,0.0,22.8,4.207136793592526,24.0
hideout,bottom,0.0,25.0,1.224744871391589,25.0
high5,bottom,0.0,26.0,6.284902544988268,23.0
hipku,bottom,0.0,20.4,4.159326868617084,22.0
hmks,bottom,0.0,24.8,6.058052492344384,27.0
hogan-brisket,bottom,0.0,20.4,1.673320053068151,20.0
hoist-non-react-statics,top,0.0,27.6,6.542170893518451,29.0
homedir-polyfill,top,0.0,28.6,7.300684899377592,25.0
hotkeys,middle,0.0,19.2,3.4205262752974135,21.0
hotpath,bottom,0.0,26.0,7.0,25.0
html-comment-regex,top,0.0,26.0,1.8708286933869707,26.0
html-pipe,bottom,0.0,32.2,5.215361924162119,31.0
html-webpack-harddisk-plugin,middle,0.0,29.6,3.361547262794322,29.0
htmlizer,bottom,0.0,23.6,3.911521443121589,23.0
http,middle,0.0,27.4,3.361547262794322,28.0
http-errors,top,0.0,40.4,4.8270073544588685,38.0
http-proxy-middleware,top,0.0,22.0,8.306623862918075,22.0
http-request-builder,bottom,0.0,30.8,1.9235384061671343,31.0
hugo-bin,middle,0.0,34.4,3.1304951684997055,35.0
humanb,bottom,0.0,24.6,5.176871642217913,22.0
humanize-string,middle,0.0,16.4,5.727128425310541,15.0
husky,top,0.0,28.4,0.5477225575051664,28.0
i18next-sprintf-postProcessor,middle,0.0,26.8,6.340346993658944,27.0
i18next-xhr-backend,middle,0.0,29.2,1.643167672515498,29.0
ice-cap,middle,0.0,21.0,7.245688373094719,22.0
iconify,bottom,0.0,28.4,5.9833101206606365,31.0
icss-utils,top,0.0,27.0,2.5495097567963922,27.0
iframe-api,bottom,0.0,28.0,2.345207879911715,29.0
ify,bottom,0.0,35.2,3.563705936241093,36.0
imagemin-cli,middle,0.0,32.4,5.319774431308154,31.0
imagemin-jpeg-recompress,middle,0.0,32.2,2.683281572999747,32.0
imapseagull,bottom,0.0,13.2,2.6832815729997477,12.0
immer,top,0.0,34.0,4.183300132670378,35.0
impersonate,bottom,0.0,20.6,3.0495901363953815,22.0
import-cwd,top,0.0,31.4,2.6076809620810595,32.0
import-from,top,0.0,31.4,7.765307463326871,31.0
import-glob-loader,middle,0.0,34.8,3.834057902536163,33.0
import-lazy,top,0.0,30.0,4.183300132670378,29.0
in-publish,top,0.0,27.2,6.610597552415364,27.0
indent-string,top,0.0,31.2,3.193743884534262,31.0
indexeddb-mock,bottom,0.0,28.6,3.7815340802378072,29.0
infer,bottom,0.0,25.4,4.929503017546495,26.0
inflight,top,0.0,27.2,5.890670590009257,24.0
inject-lr-script,middle,0.0,22.2,2.8635642126552705,22.0
injectify-view,bottom,0.0,22.6,3.361547262794322,22.0
innkeeper-storememory,bottom,0.0,27.8,3.420526275297414,27.0
int64-buffer,middle,0.0,32.8,6.1400325732035,29.0
internal-ip,top,0.0,32.6,3.7815340802378072,33.0
interpret,top,0.0,34.2,5.890670590009257,34.0
invariant,top,0.0,37.4,7.162401831787994,37.0
invert-kv,top,0.0,20.4,3.974921382870358,19.0
ioBroker.js-controller,bottom,0.0,28.2,2.774887385102322,29.0
ios-icon-resize,bottom,0.0,19.6,4.979959839195493,18.0
ios-splash-generate,bottom,0.0,21.6,4.61519230368573,23.0
iostreams,bottom,0.0,22.8,7.293833011524188,26.0
ip-regex,top,0.0,28.2,4.658325879540846,31.0
ipod,bottom,0.0,27.0,2.91547594742265,26.0
iputil,bottom,0.0,25.6,4.61519230368573,23.0
is-absolute,top,0.0,25.0,3.1622776601683795,25.0
is-absolute-url,top,0.0,29.8,6.685805860178712,26.0
is-accessor-descriptor,top,0.0,22.0,5.656854249492381,24.0
is-async-supported,middle,0.0,32.4,4.669047011971501,33.0
is-binary-path,top,0.0,33.0,4.301162633521314,31.0
is-buffer,top,0.0,27.4,3.2863353450309964,28.0
is-builtin-module,top,0.0,23.2,5.805170109479997,26.0
is-ci,top,0.0,34.2,2.863564212655271,34.0
is-class,middle,0.0,30.0,2.7386127875258306,30.0
is-data-descriptor,top,0.0,24.2,7.259476565152615,23.0
is-descriptor,top,0.0,17.4,4.33589667773576,17.0
is-directory,top,0.0,23.6,3.209361307176242,25.0
is-dotfile,top,0.0,21.4,3.209361307176243,21.0
is-equal-shallow,top,0.0,22.4,6.4265076052238514,23.0
is-extendable,top,0.0,0.2,9.909591313469996,-6.0
is-finite,top,0.0,28.2,4.919349550499538,26.0
is-fullwidth-code-point,top,0.0,25.8,2.7748873851023217,25.0
is-generator-fn,top,0.0,30.0,1.7320508075688776,31.0
is-glob,top,0.0,-20.2,4.868264577855235,-21.0
is-invalid-path,middle,0.0,25.2,4.658325879540846,26.0
is-it-purple,bottom,0.0,30.4,2.5099800796022262,29.0
is-keyword,bottom,0.0,27.6,2.6076809620810595,29.0
is-localhost,bottom,0.0,34.6,4.159326868617084,34.0
is-my-json-valid,top,0.0,24.6,2.408318915758459,24.0
is-npm,top,0.0,24.0,5.916079783099616,23.0
is-number,top,0.0,13.6,4.505552130427524,13.0
is-obj,top,0.0,26.8,3.701351104664349,28.0
is-odd,top,0.0,4.0,2.7386127875258306,4.0
is-online,middle,0.0,37.4,2.9664793948382653,36.0
is-path-cwd,top,0.0,22.2,7.12039324756716,26.0
is-path-in-cwd,top,0.0,28.0,3.391164991562634,28.0
is-path-inside,top,0.0,27.4,7.162401831787993,25.0
is-plain-obj,top,0.0,29.0,0.7071067811865472,29.0
is-primitive,top,0.0,26.6,5.639148871948674,30.0
is-regexp,top,0.0,25.4,0.8944271909999161,26.0
is-relative,top,0.0,19.2,2.04939015319192,20.0
is-root,top,0.0,21.8,2.683281572999748,23.0
is-stream,top,0.0,29.4,4.159326868617084,31.0
is-svg,top,0.0,25.2,2.280350850198276,26.0
is-travis,middle,0.0,28.8,1.7888543819998317,30.0
is-type-of,middle,0.0,34.8,6.534523701081817,37.0
is-typedarray,top,0.0,25.4,0.8944271909999163,25.0
is-valid-path,middle,0.0,21.8,3.96232255123179,22.0
is-windows,top,0.0,17.8,3.4205262752974144,18.0
isModule,bottom,0.0,26.6,4.827007354458868,25.0
isexe,top,0.0,27.0,4.527692569068709,26.0
iso-http,bottom,0.0,25.4,7.6681158050723255,31.0
isobject,top,0.0,24.0,3.5355339059327378,25.0
isomorphic-form-data,middle,0.0,22.6,6.308724118235001,18.0
isstream,top,0.0,23.0,2.5495097567963922,24.0
issuemd,bottom,0.0,21.6,3.361547262794322,21.0
istanbul-instrumenter-loader,top,0.0,29.0,5.5677643628300215,28.0
istanbul-threshold-checker,middle,0.0,29.4,4.159326868617085,29.0
itbit,bottom,0.0,23.4,4.505552130427524,21.0
jQuerySimpleMask,bottom,0.0,30.6,7.021395872616784,31.0
jasmine-jsonpath,bottom,0.0,23.2,4.919349550499537,23.0
jasmine-n-matchers,bottom,0.0,16.6,4.449719092257398,16.0
javascript-sdk,middle,0.0,29.8,3.3466401061363023,29.0
jekyll-meta-from-markdown,bottom,0.0,30.0,2.345207879911715,29.0
jenny,bottom,0.0,16.2,5.06951674225463,15.0
jhipster-core,middle,0.0,20.6,7.700649323271382,17.0
jisonify,bottom,0.0,24.8,3.96232255123179,23.0
joi-assert,middle,0.0,26.2,2.6832815729997477,26.0
joi-machine,bottom,0.0,20.8,5.540758070878027,21.0
join-path,middle,0.0,22.2,2.8635642126552705,22.0
jpeg-recompress-bin,middle,0.0,29.4,5.813776741499453,28.0
jpegoptim-bin,middle,0.0,19.2,5.761944116355173,19.0
jqueue,bottom,0.0,23.6,7.92464510246358,24.0
js-commons,bottom,0.0,23.2,3.0331501776206204,23.0
js-ipld-dag-cbor,middle,0.0,30.0,3.872983346207417,29.0
js-libp2p-crypto,middle,0.0,25.8,3.1144823004794877,25.0
js-m4,bottom,0.0,20.4,4.277849927241488,19.0
js-multiaddr,middle,0.0,34.0,1.5811388300841898,34.0
js-multihash,middle,0.0,31.0,2.9154759474226504,31.0
js-peer-id,middle,0.0,25.8,6.3796551630946325,24.0
js-peer-info,middle,0.0,27.8,7.395944834840238,28.0
js-sha256,middle,0.0,23.2,2.949576240750525,23.0
js-symbol-tree,top,0.0,21.2,4.969909455915671,22.0
jsdelta,bottom,0.0,28.0,2.9154759474226504,28.0
jsdoccer,bottom,0.0,14.8,5.019960159204453,13.0
jshint-reporter-bamboo,bottom,0.0,12.4,1.5165750888103104,13.0
json-fling,bottom,0.0,20.2,3.4928498393145957,18.0
json-readdir-stream,bottom,0.0,30.4,5.224940191045253,32.0
json-schema-view,bottom,0.0,26.8,6.099180272790763,28.0
json-silo,bottom,0.0,16.6,4.929503017546495,16.0
json-stringify-pretty-compact,middle,0.0,36.8,8.04363102087608,39.0
json-web-crawler,bottom,0.0,17.4,3.209361307176242,19.0
jsonist,middle,0.0,18.2,3.2710854467592254,17.0
jsos-util,bottom,0.0,18.0,2.345207879911715,19.0
jstransformer-markdown-it,middle,0.0,25.0,4.847679857416329,26.0
jthoober,bottom,0.0,11.8,4.08656334834051,11.0
jwt,middle,0.0,20.6,2.6076809620810595,21.0
jxt-atom,bottom,0.0,27.2,5.805170109479997,27.0
kardia,bottom,0.0,6.2,7.886697661252142,6.0
karma-bamboo-reporter,bottom,0.0,16.6,3.7815340802378077,15.0
karma-chai-factories,bottom,0.0,30.2,5.263078946776307,33.0
karma-chai-js-factories,bottom,0.0,31.0,6.041522986797286,31.0
karma-electron,middle,0.0,32.4,1.949358868961792,33.0
karma-gzip-preprocessor,bottom,0.0,21.2,2.5884358211089573,21.0
karma-jasmine-cucumber,bottom,0.0,27.2,6.220932405998316,28.0
karma-jasmine-jquery,middle,0.0,23.6,5.549774770204643,23.0
karma-jenkins-reporter,middle,0.0,24.6,5.366563145999495,22.0
karma-lodash-template-preprocessor,bottom,0.0,18.6,5.128352561983234,19.0
karma-ng-server-side-template2js-preprocessor,bottom,0.0,20.8,6.457553716385176,23.0
karma-nunjucks,bottom,0.0,23.2,2.0493901531919194,23.0
karma-sets,bottom,0.0,26.6,9.071934744033381,21.0
karma-systemjs,middle,0.0,24.2,6.978538528947161,22.0
karma-tap-reporter,middle,0.0,23.0,3.0000000000000004,22.0
karma-webpack,top,0.0,36.8,2.0493901531919194,37.0
ketch,bottom,0.0,21.0,5.656854249492381,19.0
key-remap,bottom,0.0,21.0,6.59545297913646,21.0
keystone,bottom,0.0,34.6,4.03732584763727,35.0
kimi,bottom,0.0,17.0,8.426149773176359,12.0
kind-of,top,0.0,23.0,4.898979485566356,23.0
kindle-periodical,bottom,0.0,19.2,2.9495762407505253,18.0
kiss,bottom,0.0,30.8,2.16794833886788,30.0
kmath,bottom,0.0,26.6,9.071934744033381,27.0
kmp-matcher,bottom,0.0,30.8,2.863564212655271,31.0
knex-schema-builder,bottom,0.0,26.0,3.807886552931954,25.0
knockout-else,bottom,0.0,29.4,9.555103348473002,26.0
knowhow,bottom,0.0,21.6,5.128352561983234,24.0
koa-barista,bottom,0.0,22.2,2.7748873851023217,21.0
koa-connect,middle,0.0,25.2,4.604345773288535,27.0
koa-helmet,middle,0.0,34.4,5.079370039680119,35.0
koa-nunjucks,bottom,0.0,22.6,4.722287581247038,21.0
koa-passport,middle,0.0,27.6,6.54217089351845,28.0
koala,middle,0.0,22.6,7.26636084983398,25.0
konva,middle,0.0,12.6,4.8270073544588685,14.0
krampus,bottom,0.0,25.0,5.385164807134505,26.0
lag,bottom,0.0,30.4,5.128352561983234,31.0
laravel-mix,top,0.0,24.0,1.8708286933869707,23.0
lark-bootstrap,bottom,0.0,25.2,2.1679483388678804,26.0
lark-log,bottom,0.0,18.6,0.8944271909999161,18.0
lark-router,bottom,0.0,36.2,5.848076606885377,37.0
lark-views,bottom,0.0,21.4,2.302172886644268,22.0
lasercat-workshop,bottom,0.0,9.4,3.2093613071762426,11.0
latest-version,top,0.0,24.8,3.1937438845342627,24.0
latex-watcher,bottom,0.0,20.8,7.661592523751182,19.0
lazy-cache,top,0.0,18.8,2.16794833886788,20.0
lcd-pcf8574,bottom,0.0,34.2,6.833739825307955,33.0
lcid,top,0.0,25.0,4.183300132670378,26.0
led-canvas-fonts,bottom,0.0,22.8,5.805170109479997,20.0
lego-client,bottom,0.0,28.2,2.6832815729997472,27.0
leinwand,bottom,0.0,21.6,7.436396977031283,20.0
leo-platform-arduino,bottom,0.0,23.6,6.4265076052238514,21.0
less-runner,bottom,0.0,25.8,4.658325879540846,23.0
less-stream,bottom,0.0,20.6,7.602631123499285,18.0
level-fancy,bottom,0.0,11.8,6.534523701081817,9.0
level-random,bottom,0.0,25.2,8.105553651663778,22.0
level-rest,bottom,0.0,23.6,2.701851217221259,23.0
leven,top,0.0,24.6,2.1908902300206643,24.0
levenshtein-edit-distance,middle,0.0,38.6,1.6733200530681513,39.0
libphonenumber-js,middle,0.0,26.8,4.8166378315169185,25.0
license-gen,bottom,0.0,22.0,4.123105625617661,23.0
licensify,middle,0.0,20.8,4.764451699828638,22.0
lightbox,bottom,0.0,26.0,3.9370039370059056,24.0
line-length.js,bottom,0.0,29.0,5.385164807134504,30.0
linerstream,middle,0.0,24.8,4.024922359499622,27.0
lines-and-columns,middle,0.0,29.4,3.7815340802378072,28.0
lintspaces-cli,middle,0.0,33.6,7.635443667528429,37.0
liquid-fire,middle,0.0,26.0,5.0,26.0
load-grunt-configs,middle,0.0,22.8,6.260990336999411,19.0
load-json-file,top,0.0,24.2,5.540758070878027,25.0
loader-runner,top,0.0,30.8,2.7748873851023212,32.0
loadjs,middle,0.0,24.4,4.159326868617084,25.0
log-symbols,top,0.0,30.6,7.92464510246358,33.0
logbrok,bottom,0.0,14.4,1.9493588689617927,15.0
loglog-server-mongodb,bottom,0.0,21.8,8.5848704125339,17.0
longest,top,0.0,20.0,3.1622776601683795,19.0
lookup-deps,bottom,0.0,15.6,4.219004621945797,14.0
loopback-component-passport,middle,0.0,22.4,7.829431652425353,19.0
loopback-connector-kafka,bottom,0.0,29.6,4.159326868617084,29.0
loopback-phase,middle,0.0,26.8,3.7013511046643495,26.0
loopback-swagger,middle,0.0,26.4,5.813776741499454,27.0
loose-envify,top,0.0,30.8,7.52994023880668,30.0
loud-rejection,top,0.0,16.8,2.6832815729997477,17.0
lowercase-keys,top,0.0,23.0,2.738612787525831,21.0
lru-memoize,middle,0.0,28.4,3.209361307176242,27.0
ls-fs,bottom,0.0,31.6,7.231873892705818,32.0
m-date-picker,middle,0.0,25.0,4.847679857416329,26.0
m-picker,middle,0.0,25.6,5.727128425310542,23.0
m3u8downloader,bottom,0.0,14.4,4.03732584763727,14.0
machine,middle,0.0,21.8,3.420526275297414,20.0
map-cache,top,0.0,18.8,5.019960159204453,21.0
map-obj,top,0.0,29.0,5.787918451395113,27.0
map-props,middle,0.0,12.4,4.03732584763727,14.0
map-visit,top,0.0,32.2,4.764451699828639,31.0
markdown-extensions,middle,0.0,26.2,3.5637059362410923,26.0
markdown-it-abbr,middle,0.0,24.6,3.049590136395381,24.0
markdown-it-attrs,middle,0.0,19.6,4.03732584763727,20.0
markdown-it-deflist,middle,0.0,23.2,5.449770637375485,21.0
markdown-it-mark,middle,0.0,18.8,4.969909455915671,16.0
markdown-it-sup,middle,0.0,18.8,5.761944116355173,18.0
markdown-it-table-of-contents,middle,0.0,30.0,3.5355339059327378,31.0
marko,middle,0.0,22.4,2.6076809620810595,23.0
match-at,middle,0.0,32.6,5.272570530585627,36.0
md5.js,top,0.0,28.2,3.0331501776206204,26.0
meanio,middle,0.0,32.0,6.519202405202649,33.0
media-typer,top,0.0,28.4,3.286335345030997,29.0
mem,top,0.0,6.8,3.420526275297414,6.0
memfs,middle,0.0,35.2,5.540758070878027,37.0
memory-fs,top,0.0,20.0,7.905694150420948,24.0
menubar,middle,0.0,25.2,6.610597552415364,29.0
meow,top,0.0,26.4,3.2863353450309964,27.0
merge2,top,0.0,21.2,5.06951674225463,20.0
merkle-lib,middle,0.0,31.0,1.8708286933869707,32.0
method-override,top,0.0,40.6,4.8270073544588685,39.0
micromatch,top,0.0,1.8,3.03315017762062,0.0
mime-db,top,0.0,37.6,3.4351128074635335,37.0
mime-types,top,0.0,46.0,7.615773105863909,51.0
mimic-fn,top,0.0,35.4,4.277849927241486,33.0
minimalistic-crypto-utils,top,0.0,28.8,5.718391382198319,25.0
mississippi,top,0.0,21.6,2.966479394838265,22.0
mixin-deep,top,0.0,20.6,4.774934554525329,24.0
mixin-object,top,0.0,10.4,4.61519230368573,10.0
mocha-clean,middle,0.0,25.8,3.1937438845342623,25.0
mocha-eslint,middle,0.0,30.6,2.073644135332772,31.0
mocha-fivemat-progress-reporter,middle,0.0,23.4,5.5497747702046425,25.0
mocha-text-cov,middle,0.0,26.6,0.547722557505166,27.0
mocha.parallel,middle,0.0,25.4,7.162401831787993,23.0
mochawesome-report-generator,middle,0.0,24.4,5.549774770204643,26.0
modify-babel-preset,middle,0.0,31.2,3.7013511046643495,32.0
mongoose-deep-populate,middle,0.0,24.0,6.2048368229954285,26.0
morgan,top,0.0,27.6,4.219004621945798,30.0
mount-point,middle,0.0,24.0,3.605551275463989,25.0
msgpack-lite,middle,0.0,29.0,3.082207001484488,29.0
multicast-dns,top,0.0,30.0,3.5355339059327378,31.0
multicast-dns-service-types,top,0.0,35.0,4.847679857416329,34.0
multipipe,top,0.0,17.0,4.123105625617661,17.0
multireducer,middle,0.0,19.8,8.408329203831164,22.0
nanomatch,top,0.0,-2.6,3.2093613071762426,-1.0
nash,middle,0.0,24.4,5.770615218501403,23.0
nativescript-dev-webpack,middle,0.0,24.2,5.215361924162119,26.0
nativescript-hook,middle,0.0,26.2,4.969909455915671,27.0
ncname,top,0.0,26.8,9.284395510748128,26.0
neo-async,top,0.0,14.0,3.6742346141747673,15.0
ngtemplate-loader,middle,0.0,21.8,4.43846820423443,25.0
node-MarkerWithLabel,middle,0.0,25.4,5.128352561983235,24.0
node-accept-language,bottom,0.0,32.0,3.391164991562634,33.0
node-adif,bottom,0.0,20.8,7.563068160475615,19.0
node-ansi,bottom,0.0,9.6,1.6733200530681507,10.0
node-app-root-dir,middle,0.0,25.6,3.9749213828703582,27.0
node-app-root-path,top,0.0,38.8,1.923538406167135,39.0
node-areacodes,bottom,0.0,-2.2,2.588435821108957,-3.0
node-argx,middle,0.0,19.8,4.266145801540309,18.0
node-artstack,bottom,0.0,23.0,5.385164807134504,20.0
node-assetmanager,middle,0.0,-4.2,2.5884358211089573,-5.0
node-basecontroller-core,bottom,0.0,24.6,5.128352561983235,25.0
node-bcat,bottom,0.0,21.6,2.408318915758459,23.0
node-bcrypt-pbkdf,top,0.0,24.0,4.847679857416329,23.0
node-benchmarks,bottom,0.0,26.6,1.341640786499874,26.0
node-cmd,middle,0.0,18.8,2.9495762407505253,19.0
node-comment-json,middle,0.0,14.8,4.324349662087931,12.0
node-constant-contact,bottom,0.0,19.2,3.5637059362410923,20.0
node-cross-spawn,top,0.0,27.6,4.159326868617084,28.0
node-ddate,bottom,0.0,21.4,5.319774431308154,21.0
node-directory-tree,middle,0.0,27.6,2.0736441353327724,27.0
node-dom-urls,top,0.0,21.8,4.381780460041329,22.0
node-elm-compiler,middle,0.0,23.0,6.892024376045111,22.0
node-engine-light,bottom,0.0,27.2,5.718391382198319,31.0
node-fetch-politely,bottom,0.0,17.6,5.029910535983717,18.0
node-file-index,bottom,0.0,16.8,8.318653737234168,14.0
node-file-lookup,bottom,0.0,33.8,3.2710854467592245,35.0
node-fixturify,middle,0.0,23.8,1.3038404810405295,24.0
node-flipr,bottom,0.0,23.0,4.949747468305833,23.0
node-fx-runner,middle,0.0,27.4,4.219004621945797,28.0
node-gcm-cli,bottom,0.0,22.8,2.2803508501982757,23.0
node-get-all-js-files,bottom,0.0,23.8,2.949576240750525,23.0
node-google-alerts,bottom,0.0,25.4,5.770615218501403,23.0
node-har-validator,top,0.0,26.2,5.263078946776307,25.0
node-hertz,bottom,0.0,22.8,6.457553716385176,20.0
node-homedir,middle,0.0,19.2,5.974947698515862,19.0
node-html-pdf,middle,0.0,18.6,4.560701700396552,16.0
node-http-verror,bottom,0.0,30.4,3.7815340802378077,29.0
node-ifconfig-parser,bottom,0.0,25.6,4.669047011971501,27.0
node-inst,bottom,0.0,18.6,2.1908902300206647,17.0
node-jl,bottom,0.0,31.4,22.842942017174586,22.0
node-jscrap,bottom,0.0,21.8,5.263078946776306,24.0
node-json-rest-client,bottom,0.0,27.8,3.03315017762062,28.0
node-jwks-rsa,middle,0.0,22.2,9.011104260855047,24.0
node-klaw,top,0.0,25.0,4.301162633521313,25.0
node-language-detect-exec,bottom,0.0,27.4,2.408318915758459,26.0
node-language-detect-spawn,bottom,0.0,23.4,4.878524367060187,22.0
node-language-exec,bottom,0.0,28.8,6.1400325732035,31.0
node-language-spawn,bottom,0.0,20.6,6.024948132556828,19.0
node-lazy-api,bottom,0.0,14.0,5.656854249492381,11.0
node-lei-routes-sort,bottom,0.0,33.0,6.819090848492928,35.0
node-lintspaces,middle,0.0,30.4,5.5497747702046425,33.0
node-local-config,bottom,0.0,19.0,8.18535277187245,20.0
node-logentries-retrieving-log,bottom,0.0,25.4,3.4351128074635335,26.0
node-logify,bottom,0.0,29.6,1.8165902124584947,30.0
node-lru-cache-cluster,bottom,0.0,31.6,1.949358868961793,31.0
node-macaddress,top,0.0,20.8,4.147288270665544,20.0
node-manage-path,middle,0.0,20.0,6.041522986797286,18.0
node-multispinner,middle,0.0,19.0,4.183300132670377,21.0
node-os,middle,0.0,27.0,8.093207028119323,31.0
node-parse-numeric-range,middle,0.0,33.2,2.6832815729997472,32.0
node-pn,top,0.0,24.8,8.228000972289685,26.0
node-rand-token,middle,0.0,24.0,5.0990195135927845,22.0
node-sshpk,top,0.0,25.0,4.949747468305833,24.0
node-test-runner,middle,0.0,16.6,4.33589667773576,16.0
node-tmp-sync,middle,0.0,20.4,3.2093613071762426,20.0
node-url,top,0.0,20.4,6.4265076052238514,17.0
nodejs-depd,top,0.0,35.2,1.095445115010333,35.0
nodejs-driver,middle,0.0,28.2,7.293833011524188,28.0
nodejs-fluent-validator,bottom,0.0,33.2,5.06951674225463,34.0
nodejs-is-writable-stream,bottom,0.0,28.0,5.787918451395113,28.0
normalize-newline,middle,0.0,24.0,5.147815070493501,25.0
normalize-path,top,0.0,26.4,0.5477225575051665,26.0
normalize-range,top,0.0,19.0,5.244044240850758,19.0
normalize-url,top,0.0,39.2,5.761944116355173,42.0
npm-installer,middle,0.0,26.6,5.029910535983717,29.0
npm-name,middle,0.0,22.2,1.0954451150103321,22.0
npm-prepublish,middle,0.0,24.6,3.8470768123342687,26.0
npm-run-path,top,0.0,26.0,6.6332495807108,29.0
npm-utils,middle,0.0,26.2,6.300793600809346,24.0
npmi,middle,0.0,21.0,1.4142135623730951,21.0
nth-check,top,0.0,27.8,4.54972526643093,29.0
num2fraction,top,0.0,30.0,3.741657386773941,32.0
number-is-nan,top,0.0,28.8,4.08656334834051,28.0
nyc,top,0.0,29.8,2.0493901531919194,30.0
object-assign,top,0.0,38.4,1.673320053068151,38.0
object-hash,top,0.0,28.4,1.1401754250991378,28.0
object-visit,top,0.0,28.0,4.301162633521313,26.0
object.assign,top,0.0,34.0,5.70087712549569,37.0
object.defaults,top,0.0,20.4,2.8809720581775866,20.0
object.omit,top,0.0,23.6,4.277849927241488,21.0
object.pick,top,0.0,21.8,4.969909455915671,19.0
on-headers,top,0.0,29.6,6.308724118235002,27.0
opt-cli,middle,0.0,21.6,7.436396977031283,18.0
opt-merger,middle,0.0,22.8,3.492849839314596,23.0
optimize-css-assets-webpack-plugin,top,0.0,19.4,4.61519230368573,20.0
original,top,0.0,14.6,6.8044103344816005,12.0
os-homedir,top,0.0,31.0,7.0710678118654755,30.0
os-locale,top,0.0,28.2,2.5884358211089573,29.0
output-file-sync,top,0.0,24.2,2.2803508501982757,24.0
package-deps,middle,0.0,18.8,7.362064927722384,18.0
package-json,top,0.0,26.6,3.361547262794322,26.0
package-json-versionify,middle,0.0,13.2,4.324349662087931,13.0
pako,top,0.0,23.4,1.3416407864998738,24.0
pal,middle,0.0,19.0,3.4641016151377544,17.0
parse-filepath,top,0.0,22.2,1.4832396974191326,22.0
parse-gitignore,middle,0.0,15.6,3.2093613071762426,14.0
parse-json,top,0.0,28.2,3.1144823004794873,28.0
parse-mongo-url,middle,0.0,32.0,3.0000000000000004,31.0
parse-torrent,middle,0.0,32.6,2.302172886644267,32.0
parse-unit,middle,0.0,35.6,1.6733200530681507,36.0
parseurl,top,0.0,34.0,5.0,33.0
partialify,middle,0.0,20.0,2.345207879911715,19.0
particles.js,middle,0.0,26.0,2.345207879911715,27.0
path-exists,top,0.0,27.8,5.718391382198319,29.0
path-is-absolute,top,0.0,30.6,3.361547262794322,31.0
path-key,top,0.0,26.4,6.50384501660364,24.0
path-loader,middle,0.0,20.2,3.1144823004794877,21.0
path-parse,top,0.0,35.0,1.58113883008419,35.0
path-type,top,0.0,20.8,3.96232255123179,23.0
pbkdf2,top,0.0,26.8,3.492849839314596,27.0
peek-stream,middle,0.0,26.6,4.615192303685731,27.0
perfectionist,middle,0.0,33.4,8.648699324175862,33.0
phridge,middle,0.0,31.0,7.106335201775948,33.0
pify,top,0.0,22.2,3.271085446759225,22.0
pkg-dir,top,0.0,26.2,3.1144823004794873,27.0
pkg-up,top,0.0,30.2,1.6431676725154987,30.0
plexer,middle,0.0,22.6,2.5099800796022267,23.0
plugin-host-resize,bottom,0.0,19.6,2.4083189157584592,21.0
point-geometry,middle,0.0,22.4,4.219004621945797,21.0
postcss-calc,top,0.0,29.0,5.744562646538029,29.0
postcss-css-variables,middle,0.0,23.8,3.0331501776206204,24.0
postcss-custom-media,top,0.0,22.6,5.941380311005179,24.0
postcss-custom-properties,top,0.0,36.2,3.0331501776206204,35.0
postcss-custom-selectors,top,0.0,31.6,3.6469165057620936,33.0
postcss-devtools,middle,0.0,23.4,6.985699678629192,24.0
postcss-easings,middle,0.0,23.4,5.594640292279746,26.0
postcss-filter-plugins,top,0.0,31.2,2.6832815729997472,31.0
postcss-font-variant,top,0.0,12.6,2.8809720581775866,14.0
postcss-functions,middle,0.0,28.0,2.0,27.0
postcss-import,top,0.0,28.8,7.259476565152615,30.0
postcss-initial,top,0.0,27.8,5.974947698515863,29.0
postcss-inline-svg,middle,0.0,25.2,3.7682887362833544,26.0
postcss-media-minmax,top,0.0,30.0,5.0990195135927845,29.0
postcss-message-helpers,top,0.0,23.6,4.77493455452533,26.0
postcss-modules-local-by-default,top,0.0,29.8,2.7748873851023212,31.0
postcss-modules-scope,top,0.0,23.8,3.9623225512317903,23.0
postcss-modules-values,top,0.0,26.6,5.176871642217914,28.0
postcss-opacity,middle,0.0,23.0,1.5811388300841898,23.0
postcss-parser-tests,middle,0.0,23.2,3.4205262752974144,24.0
postcss-prefix-selector,middle,0.0,25.6,2.4083189157584592,25.0
postcss-selector-matches,top,0.0,10.4,3.646916505762094,12.0
postcss-selector-not,top,0.0,7.0,3.7416573867739413,5.0
postcss-selector-parser,top,0.0,18.6,2.1908902300206647,20.0
postcss-value-parser,top,0.0,33.8,5.06951674225463,35.0
prebuild,middle,0.0,15.2,7.854934754662192,17.0
prepend-http,top,0.0,22.6,7.3688533707762165,23.0
prepush,middle,0.0,22.0,3.5355339059327378,23.0
preserve,top,0.0,13.8,7.463243262818116,12.0
prettier,top,0.0,24.8,2.5884358211089573,24.0
pretty-bytes,top,0.0,26.6,2.5099800796022267,28.0
process-nextick-args,top,0.0,31.2,5.718391382198319,31.0
prom-client,middle,0.0,31.6,3.3615472627943217,31.0
promises-es6,middle,0.0,18.0,2.345207879911715,17.0
prompt-sync,middle,0.0,30.6,2.8809720581775866,31.0
prop-types,top,0.0,28.2,1.9235384061671341,28.0
protractor-jasmine2-screenshot-reporter,middle,0.0,20.8,1.30384048104053,21.0
proxy-addr,top,0.0,37.2,4.919349550499538,39.0
pseudomap,top,0.0,35.0,4.183300132670378,34.0
publicEncrypt,top,0.0,31.6,6.3874877690685254,29.0
pug-cli,middle,0.0,29.6,1.5165750888103098,30.0
pumpify,top,0.0,19.6,4.159326868617084,20.0
purifycss,middle,0.0,28.0,4.527692569068709,29.0
purifycss-webpack,middle,0.0,26.8,5.540758070878027,27.0
pushdata-bitcoin,middle,0.0,29.6,2.966479394838265,30.0
python-shell,middle,0.0,29.2,2.16794833886788,28.0
qs,top,0.0,31.2,5.630275304103699,30.0
querystringify,top,0.0,27.2,0.8366600265340753,27.0
queue-anim,middle,0.0,25.8,7.496665925596525,22.0
random-item,middle,0.0,26.8,3.03315017762062,27.0
randomatic,top,0.0,6.0,2.1213203435596424,6.0
randombytes,top,0.0,25.8,3.4205262752974135,25.0
rc-config-loader,middle,0.0,27.8,5.540758070878027,31.0
reInterval,middle,0.0,32.2,2.7748873851023212,32.0
react-a11y,middle,0.0,18.8,2.387467277262664,20.0
react-beautiful-dnd,middle,0.0,15.8,5.263078946776307,16.0
react-burger-menu,middle,0.0,11.0,3.391164991562634,10.0
react-click-outside,middle,0.0,30.0,4.69041575982343,31.0
react-collapse,middle,0.0,20.2,3.701351104664349,20.0
react-component-gulp-tasks,middle,0.0,24.0,5.099019513592785,23.0
react-dock,middle,0.0,28.2,2.588435821108957,29.0
react-dropdown,middle,0.0,24.6,2.302172886644268,25.0
react-flexbox-grid,middle,0.0,19.6,1.816590212458495,20.0
react-flip-move,middle,0.0,21.4,7.26636084983398,25.0
react-grid-layout,middle,0.0,20.4,2.701851217221259,20.0
react-group,middle,0.0,23.6,7.46993975879324,21.0
react-highcharts,middle,0.0,20.2,6.260990336999411,19.0
react-highlight,middle,0.0,27.4,2.3021728866442674,29.0
react-hot-loader,top,0.0,14.2,2.1679483388678804,13.0
react-inline-css,middle,0.0,22.6,5.504543577809153,21.0
react-masonry-component,middle,0.0,23.8,7.981227975693966,24.0
react-moment-proptypes,middle,0.0,28.8,3.7013511046643495,30.0
react-mounter,middle,0.0,25.6,6.268971207462991,22.0
react-native-collapsible,middle,0.0,20.2,7.854934754662192,17.0
react-native-modalbox,middle,0.0,33.0,5.999999999999999,30.0
react-native-navbar,middle,0.0,30.0,2.9154759474226504,29.0
react-native-progress,middle,0.0,24.8,6.220932405998316,26.0
react-native-side-menu,middle,0.0,31.0,2.8284271247461903,30.0
react-notification-system,middle,0.0,22.2,4.54972526643093,22.0
react-paginate,middle,0.0,26.0,2.5495097567963922,26.0
react-quill,middle,0.0,23.6,7.092249290598858,19.0
react-redux,top,0.0,27.8,2.9495762407505257,28.0
react-resizable,middle,0.0,25.2,2.588435821108957,25.0
react-responsive-carousel,middle,0.0,27.6,3.0495901363953806,27.0
react-scrolllock,middle,0.0,21.4,4.03732584763727,24.0
react-share,middle,0.0,30.0,3.7416573867739413,29.0
react-sidebar,middle,0.0,28.0,3.8078865529319543,29.0
react-static-container,middle,0.0,20.8,7.155417527999327,25.0
react-sticky,middle,0.0,26.6,4.722287581247038,29.0
react-svg-loader,middle,0.0,18.0,3.464101615137755,19.0
react-toggle,middle,0.0,24.2,6.058052492344385,25.0
react-with-styles,middle,0.0,25.4,6.58027355054484,25.0
read-file,middle,0.0,6.4,1.140175425099138,6.0
read-pkg,top,0.0,34.0,4.898979485566356,35.0
read-pkg-up,top,0.0,33.6,2.7018512172212596,33.0
read-yaml,middle,0.0,17.0,2.23606797749979,16.0
rechoir,top,0.0,32.8,3.8987177379235862,34.0
redent,top,0.0,29.0,1.8708286933869707,29.0
reduce-css-calc,top,0.0,29.8,1.9235384061671346,30.0
reduce-function-call,top,0.0,23.6,8.502940667792526,18.0
redux,top,0.0,32.0,1.2247448713915887,32.0
redux-auth-wrapper,middle,0.0,26.0,4.74341649025257,26.0
redux-devtools-themes,middle,0.0,21.2,2.7748873851023212,20.0
redux-localstorage,middle,0.0,20.8,7.8230428862431785,22.0
redux-thunk,top,0.0,30.4,3.646916505762094,29.0
redux-undo,middle,0.0,26.6,2.073644135332772,27.0
regex-cache,top,0.0,9.8,2.3874672772626644,10.0
regextras,middle,0.0,26.4,7.765307463326871,24.0
registry-url,top,0.0,31.6,6.9498201415576215,34.0
regjsgen,top,0.0,25.8,2.0493901531919203,25.0
relateurl,top,0.0,28.6,3.361547262794322,30.0
relative,middle,0.0,-4.2,7.429670248402684,-7.0
remote-form,bottom,0.0,28.4,5.412947441089743,26.0
remove-markdown,middle,0.0,27.2,2.16794833886788,26.0
repeat-element,top,0.0,29.2,3.0331501776206204,30.0
repeat-string,top,0.0,19.0,3.24037034920393,19.0
repeating,top,0.0,29.4,5.549774770204643,32.0
replace-ext,top,0.0,28.4,3.0495901363953815,28.0
require-from-string,top,0.0,35.0,2.9154759474226504,34.0
require-in-the-middle,middle,0.0,28.8,1.4832396974191324,29.0
requires-port,top,0.0,25.6,5.319774431308154,29.0
resolve-cwd,top,0.0,29.0,3.6742346141747677,30.0
resolve-dir,top,0.0,17.4,4.393176527297759,17.0
resolve-from,top,0.0,29.4,4.722287581247038,29.0
resolve-protobuf-schema,middle,0.0,19.2,5.890670590009257,17.0
resource-loader,middle,0.0,27.4,3.847076812334269,28.0
restore-cursor,top,0.0,31.0,7.0,30.0
rethinkdbdash,middle,0.0,17.6,5.683308895353129,18.0
rev-del,middle,0.0,23.0,4.0,22.0
rework-plugin-function,middle,0.0,23.0,6.892024376045111,22.0
rework-plugin-url,middle,0.0,19.2,5.540758070878027,18.0
right-align,top,0.0,19.2,1.3038404810405297,19.0
ripple,middle,0.0,20.2,7.52994023880668,24.0
rollup,top,0.0,35.2,2.387467277262665,34.0
rollup-plugin-babel-minify,middle,0.0,22.4,4.037325847637271,23.0
rollup-plugin-bundle-size,middle,0.0,16.2,2.7748873851023212,17.0
rollup-plugin-istanbul,middle,0.0,21.6,5.319774431308154,20.0
rollup-plugin-multi-entry,middle,0.0,26.6,2.8809720581775866,26.0
rollup-plugin-node-resolve,top,0.0,22.2,4.969909455915671,20.0
router,middle,0.0,30.8,8.228000972289685,28.0
rss,bottom,0.0,29.8,2.7748873851023212,31.0
rtl-detect,middle,0.0,30.0,2.23606797749979,30.0
run-applescript,middle,0.0,26.6,2.3021728866442674,27.0
run-auto,middle,0.0,31.0,2.5495097567963922,31.0
run-sequence,top,0.0,22.4,3.646916505762094,22.0
safe-buffer,top,0.0,34.0,8.06225774829855,37.0
sane,top,0.0,19.2,3.3466401061363023,20.0
sass-graph,top,0.0,29.6,3.2093613071762426,31.0
scss-tokenizer,top,0.0,27.4,9.071934744033381,29.0
semver-diff,top,0.0,22.0,7.615773105863909,20.0
sequence,middle,0.0,21.8,7.854934754662192,24.0
serialize-javascript,top,0.0,34.2,6.379655163094633,36.0
serve-favicon,top,0.0,27.6,2.302172886644268,27.0
serve-index,top,0.0,29.8,4.54972526643093,31.0
serve-static,top,0.0,34.0,7.905694150420948,38.0
session,top,0.0,23.4,4.505552130427524,21.0
session-file-store,middle,0.0,27.6,4.037325847637271,28.0
set-immediate-shim,top,0.0,34.0,6.442049363362563,36.0
set-value,top,0.0,27.4,5.727128425310542,30.0
setprototypeof,top,0.0,32.8,3.1937438845342614,32.0
shady-css-parser,middle,0.0,31.4,2.1908902300206643,31.0
shallow-clone,top,0.0,26.2,3.1144823004794873,26.0
shebang-command,top,0.0,30.4,2.60768096208106,30.0
shebang-regex,top,0.0,32.2,2.588435821108957,33.0
shiro-trie,middle,0.0,20.4,6.54217089351845,17.0
should.js,top,0.0,26.2,2.5884358211089573,26.0
signal-exit,top,0.0,29.8,5.974947698515863,30.0
simctl,middle,0.0,29.6,4.33589667773576,28.0
simple-sha1,middle,0.0,25.4,4.722287581247038,25.0
slack-bot-api,middle,0.0,23.2,0.44721359549995765,23.0
slice-ansi,top,0.0,28.2,6.496152707564686,28.0
snapdragon,top,0.0,23.0,4.636809247747852,23.0
snapdragon-util,top,0.0,27.6,6.348228099241551,26.0
socket.io-adapter,top,0.0,42.0,5.244044240850757,40.0
sort-by,middle,0.0,21.0,5.1478150704935,21.0
sort-keys,top,0.0,25.6,3.6469165057620936,26.0
source-list-map,top,0.0,32.8,4.08656334834051,32.0
source-map-resolve,top,0.0,30.0,2.5495097567963922,30.0
source-map-url,top,0.0,30.4,4.669047011971501,32.0
spdx-correct.js,top,0.0,24.2,5.263078946776307,22.0
spdx-expression-parse.js,top,0.0,33.2,3.193743884534262,34.0
spdx-license-ids,top,0.0,29.2,2.16794833886788,29.0
spdx-license-list,middle,0.0,32.0,3.391164991562634,31.0
spdy-transport,top,0.0,21.4,3.847076812334269,21.0
split-string,top,0.0,23.4,2.073644135332772,23.0
spotify-web-api-node,middle,0.0,30.6,1.5165750888103098,31.0
stack-utils,top,0.0,31.0,4.47213595499958,32.0
stackframe,top,0.0,31.0,4.847679857416329,32.0
standard,top,0.0,25.6,1.1401754250991385,26.0
standard-format,middle,0.0,18.6,3.6469165057620936,17.0
statuses,top,0.0,39.2,1.4832396974191326,39.0
stdout-stream,top,0.0,28.0,7.211102550927978,26.0
stealthy-require,top,0.0,28.0,2.1213203435596424,28.0
stream-assert,middle,0.0,24.4,5.683308895353129,22.0
stream-each,top,0.0,30.0,1.5811388300841898,30.0
stream-http,top,0.0,33.6,6.228964600958975,37.0
stream-shift,top,0.0,30.0,2.345207879911715,31.0
stream-to-promise,middle,0.0,23.4,7.26636084983398,20.0
strict-uri-encode,top,0.0,27.2,7.259476565152615,28.0
string-length,top,0.0,19.8,7.5960516059331775,25.0
string-width,top,0.0,22.4,2.6076809620810595,22.0
strip-bom,top,0.0,26.8,2.5884358211089564,26.0
strip-comments,top,0.0,30.0,3.8078865529319543,29.0
strip-indent,top,0.0,26.2,3.1144823004794873,27.0
strong-globalize,middle,0.0,-10.8,2.280350850198276,-11.0
superagent-promise,middle,0.0,23.0,3.0822070014844885,23.0
svg4everybody,middle,0.0,28.0,7.176350047203662,26.0
swagger-jsdoc,middle,0.0,31.0,4.358898943540674,32.0
table,top,0.0,25.2,5.761944116355173,28.0
tacks,middle,0.0,30.0,4.242640687119285,31.0
teamwork,middle,0.0,24.0,8.455767262643882,20.0
telegraf,middle,0.0,29.4,4.03732584763727,30.0
template-html-loader,middle,0.0,27.4,4.9295030175464944,29.0
templating-resources,middle,0.0,17.2,4.868264577855234,19.0
test-exclude,top,0.0,32.8,1.4832396974191326,33.0
testing,middle,0.0,1.8,4.8166378315169185,0.0
thorJS-builder,bottom,0.0,18.0,3.082207001484488,16.0
throng,middle,0.0,25.0,4.636809247747852,25.0
time-stamp,top,0.0,17.2,4.147288270665544,16.0
titleize,middle,0.0,23.4,3.646916505762093,22.0
to-arraybuffer,top,0.0,27.8,2.588435821108957,27.0
to-fast-properties,top,0.0,25.0,7.516648189186454,27.0
to-ico,middle,0.0,26.8,2.7748873851023212,26.0
to-object-path,top,0.0,23.0,4.527692569068709,25.0
to-regex-range,top,0.0,4.6,3.7815340802378077,7.0
toml-require,middle,0.0,21.0,4.0,20.0
top-gh-contribs,middle,0.0,14.8,7.1203932475671605,12.0
topo,top,0.0,28.4,6.87749954561976,28.0
toxic,middle,0.0,25.0,3.0,26.0
transliteration,middle,0.0,21.4,1.8165902124584954,21.0
trash-cli,middle,0.0,28.0,5.291502622129181,27.0
trim-newlines,top,0.0,27.0,2.345207879911715,26.0
try-require,middle,0.0,26.4,3.7815340802378072,28.0
tslint-ionic-rules,middle,0.0,18.6,3.1304951684997055,18.0
tween-one,middle,0.0,26.4,4.03732584763727,28.0
tweetnacl-js,top,0.0,34.0,6.2048368229954285,33.0
uglifyjs-webpack-plugin,top,0.0,21.8,4.43846820423443,20.0
unassert,middle,0.0,17.6,4.560701700396552,15.0
unassertify,middle,0.0,16.0,3.9370039370059056,14.0
unc-path-regex,top,0.0,8.8,5.118593556827891,11.0
underscore-template-loader,middle,0.0,27.8,5.585696017507576,26.0
unescape-js,middle,0.0,30.2,4.969909455915672,30.0
union-value,top,0.0,18.4,2.5099800796022267,18.0
uniqid,top,0.0,30.0,3.391164991562634,32.0
uniqs,top,0.0,26.0,7.842193570679061,22.0
unit-coverage,middle,0.0,30.6,3.3615472627943226,32.0
unit.js,middle,0.0,5.2,7.8230428862431785,7.0
universal-router,middle,0.0,23.8,2.683281572999748,24.0
unset-value,top,0.0,23.8,6.833739825307955,25.0
url-parse,top,0.0,29.0,3.9370039370059056,27.0
url-parse-lax,top,0.0,32.8,5.215361924162119,33.0
url-slug,middle,0.0,22.0,6.244997998398399,21.0
use,top,0.0,24.8,5.403702434442518,27.0
utfstring,middle,0.0,19.2,2.2803508501982757,20.0
util-deprecate,top,0.0,32.2,2.7748873851023217,33.0
v8flags,top,0.0,29.2,2.5884358211089573,28.0
validate-npm-package-license.js,top,0.0,21.2,2.949576240750525,23.0
validate-npm-package-name,top,0.0,28.2,3.7013511046643495,29.0
varuint-bitcoin,middle,0.0,23.2,1.9235384061671343,24.0
vary,top,0.0,24.6,6.4265076052238514,24.0
vector-tile-js,middle,0.0,33.4,2.3021728866442683,33.0
verb-tag-jscomments,middle,0.0,17.2,4.43846820423443,19.0
versionify,middle,0.0,21.8,4.868264577855235,21.0
verup,middle,0.0,16.8,2.9495762407505257,16.0
vinyl-source-stream,top,0.0,26.8,11.278297743897348,20.0
vizion,middle,0.0,30.8,9.833615815151617,30.0
void-elements,top,0.0,33.4,2.6076809620810595,33.0
vue-component-compiler,middle,0.0,19.8,5.263078946776307,19.0
vue-hot-reload-api,top,0.0,24.4,2.701851217221259,25.0
vue-loader,top,0.0,29.2,2.489979919597747,29.0
vue-moment,middle,0.0,19.6,1.1401754250991376,20.0
vue-touch,middle,0.0,28.2,2.04939015319192,29.0
vuex-i18n,middle,0.0,24.0,2.7386127875258306,24.0
vuvuzela,middle,0.0,24.8,6.906518659932803,27.0
vux-loader,middle,0.0,37.2,2.6832815729997477,36.0
wangEditor,middle,0.0,32.2,1.6431676725154982,33.0
warning,top,0.0,24.2,6.3796551630946325,20.0
watchpack,top,0.0,31.6,3.049590136395382,33.0
web-resource-inliner,middle,0.0,32.0,4.636809247747852,32.0
webidl-conversions,top,0.0,21.4,6.148170459575759,19.0
webidl2js,middle,0.0,25.2,2.6832815729997477,25.0
webpack-bundle-analyzer,top,0.0,19.6,4.827007354458868,20.0
webpack-cleanup-plugin,middle,0.0,28.8,5.848076606885378,27.0
webpack-hot-middleware,top,0.0,26.2,6.760177512462228,27.0
webpack-manifest-plugin,top,0.0,31.4,4.277849927241488,30.0
webpack-merge,top,0.0,29.6,2.509980079602227,30.0
webpack-middleware,middle,0.0,25.2,9.628083921528727,23.0
webpack-sources,top,0.0,33.4,5.727128425310542,34.0
webpack-subresource-integrity,top,0.0,21.8,2.1679483388678795,21.0
websocket-extensions-node,top,0.0,28.6,4.722287581247038,27.0
whatwg-url,top,0.0,24.8,6.3796551630946325,29.0
widest-line,top,0.0,16.0,4.795831523312719,13.0
wif,middle,0.0,29.8,2.949576240750525,31.0
window-size,top,0.0,17.0,4.582575694955841,17.0
wrap-ansi,top,0.0,25.0,4.636809247747852,23.0
wrappy,top,0.0,33.8,5.11859355682789,33.0
write,top,0.0,10.4,3.5071355833500366,11.0
write-file-atomic,top,0.0,30.8,4.207136793592526,32.0
xdg-basedir,top,0.0,36.2,1.9235384061671355,37.0
xdg-trashdir,middle,0.0,28.4,3.7815340802378077,30.0
xml-char-classes,top,0.0,25.6,7.602631123499285,27.0
xml-name-validator,top,0.0,25.8,2.16794833886788,26.0
y18n,top,0.0,25.0,6.6332495807108,24.0
yallist,top,0.0,31.4,3.209361307176242,33.0
yargonaut,middle,0.0,19.0,4.527692569068709,17.0
yargs-parser,top,0.0,29.0,4.242640687119285,30.0
yauzl,top,0.0,25.8,3.271085446759225,26.0
yeast,top,0.0,24.0,3.807886552931954,25.0
yn,top,0.0,32.8,2.8635642126552705,33.0
zopflipng-bin,middle,0.0,21.6,5.727128425310541,21.0
1rm.js,bottom,0.2,15.4,3.9115214431215892,17.0
2048term,bottom,0.2,36.0,3.3911649915626345,35.0
2fa,bottom,0.2,20.4,5.458937625582472,19.0
301-node,bottom,0.2,29.6,5.029910535983717,31.0
531.js,bottom,0.2,13.4,4.449719092257398,11.0
BaseCRM,bottom,0.2,30.8,9.884331034521255,28.0
Commando,middle,0.2,29.2,5.403702434442518,31.0
CrawlerX,bottom,0.2,23.4,3.847076812334269,24.0
Cruiser,bottom,0.2,21.8,4.604345773288536,23.0
Dexie.js,middle,0.2,30.6,7.3006848993775915,33.0
ESB-node-driver,bottom,0.2,26.4,5.813776741499453,25.0
F.js,bottom,0.2,17.8,6.3796551630946325,18.0
FileBufferReader,bottom,0.2,17.6,4.979959839195493,19.0
Fritbot,bottom,0.2,19.6,1.3416407864998734,19.0
IVS.js,bottom,0.2,23.0,8.455767262643882,22.0
ImageServer,bottom,0.2,10.4,5.89915248150105,14.0
Imager.jsx,bottom,0.2,16.6,6.06630035524124,14.0
Leaflet.MapboxVectorTile,bottom,0.2,27.0,2.6457513110645907,28.0
Leaflet.timeline,bottom,0.2,24.8,3.70135110466435,25.0
MetaScript,middle,0.2,14.0,6.96419413859206,14.0
Node.CLI-Progress,middle,0.2,24.2,4.658325879540846,25.0
Object.values,top,0.2,21.4,1.6733200530681516,21.0
OwlCarousel2,middle,0.2,23.8,7.12039324756716,21.0
RegExp.prototype.flags,top,0.2,33.8,5.890670590009257,36.0
StackBlur,middle,0.2,33.2,10.207840124139876,37.0
String.prototype.trimLeft,top,0.2,28.0,2.5495097567963922,28.0
String.prototype.trimRight,top,0.2,29.8,4.8166378315169185,28.0
Validator,middle,0.2,28.6,3.5777087639996634,28.0
ab-testing,bottom,0.2,24.0,2.3452078799117144,25.0
abab,top,0.2,20.0,1.8708286933869707,20.0
abstract-logging,middle,0.2,33.2,7.5960516059331775,34.0
absync,bottom,0.2,26.6,5.8991524815010505,30.0
accessory,middle,0.2,23.0,4.301162633521313,23.0
ace,middle,0.2,27.2,3.8340579025361627,28.0
acorn-globals,top,0.2,28.6,2.8809720581775866,28.0
acqua,bottom,0.2,20.6,5.594640292279745,19.0
actions-on-google-nodejs,middle,0.2,25.2,1.6431676725154984,26.0
activity-streams.js,bottom,0.2,22.6,3.0495901363953815,22.0
add-func-name,bottom,0.2,23.0,3.8078865529319543,21.0
afinn-96,bottom,0.2,26.6,6.6558245169174945,29.0
aflow.js,bottom,0.2,35.0,7.681145747868609,34.0
airtight-css-lint,bottom,0.2,19.4,4.449719092257398,20.0
alchemist-hsl,bottom,0.2,23.0,5.244044240850758,23.0
algolia-webcrawler,bottom,0.2,20.2,3.1937438845342627,20.0
algoliasearch-helper-js,middle,0.2,26.8,3.701351104664349,26.0
align-text,top,0.2,28.0,4.8476798574163285,27.0
alphanum-sort,top,0.2,30.4,5.272570530585627,31.0
ampersand-date-view,bottom,0.2,22.0,5.049752469181039,21.0
ampersand-model-patch-mixin,bottom,0.2,20.2,4.324349662087931,21.0
ampersand-radio-view,bottom,0.2,27.0,3.0,28.0
ampersand-sync-localforage,bottom,0.2,29.6,6.58027355054484,30.0
amqp.channel,bottom,0.2,28.4,6.6558245169174945,31.0
anchor,bottom,0.2,29.0,6.2048368229954285,31.0
angular-chart.js,middle,0.2,20.2,9.121403400793104,15.0
angular-directive-boilerplate,bottom,0.2,23.2,5.357238094391549,26.0
angular-integer,bottom,0.2,28.0,6.123724356957945,26.0
angular-names,bottom,0.2,22.8,5.585696017507577,25.0
angular-nl2br,bottom,0.2,14.2,2.588435821108957,14.0
angular-router-loader,middle,0.2,26.0,3.391164991562634,27.0
angular-sockjs,bottom,0.2,28.2,4.207136793592526,27.0
angular-text-toggle,bottom,0.2,21.0,2.0,21.0
angular-ziptastic,bottom,0.2,22.2,6.572670690061994,21.0
animator-css,middle,0.2,18.4,5.176871642217914,18.0
ansi-colors,top,0.2,-7.2,3.271085446759225,-9.0
ansi-escapes,top,0.2,28.4,4.722287581247038,26.0
ansi-html,top,0.2,24.2,9.17605579756357,26.0
ansi-regex,top,0.2,25.6,4.39317652729776,24.0
ansi-wrap,top,0.2,18.4,1.8165902124584954,18.0
any-promise,top,0.2,37.0,2.9154759474226495,36.0
aos,middle,0.2,30.2,3.768288736283355,31.0
apimock-middleware,bottom,0.2,29.8,4.764451699828638,31.0
apostrophe-facebook,bottom,0.2,13.4,1.949358868961793,12.0
appcache-webpack-plugin,middle,0.2,19.2,2.7748873851023212,18.0
append-transform,top,0.2,31.0,10.0,29.0
aproba,top,0.2,27.8,4.868264577855234,29.0
arangojs-extended,bottom,0.2,22.4,6.877499545619759,22.0
arpisea,bottom,0.2,11.2,9.984988733093292,11.0
arr-diff,top,0.2,22.6,4.277849927241487,23.0
arr-flatten,top,0.2,15.2,2.16794833886788,14.0
array-differ,top,0.2,21.0,1.9999999999999998,20.0
array-fill,bottom,0.2,24.8,2.7748873851023212,26.0
array-find-index,top,0.2,37.2,7.918333157931661,35.0
array-flatten,top,0.2,25.0,1.5811388300841898,25.0
array-slice,top,0.2,20.8,6.685805860178712,18.0
array-union,top,0.2,19.6,5.89915248150105,23.0
array-uniq,top,0.2,20.0,5.04975246918104,18.0
array-unique,top,0.2,25.4,2.408318915758459,24.0
arraybuffer.slice,top,0.2,22.4,6.54217089351845,20.0
arrayof,bottom,0.2,21.0,6.164414002968976,18.0
arrify,top,0.2,34.8,12.437845472588894,28.0
asapi,bottom,0.2,25.8,3.96232255123179,27.0
asorted,bottom,0.2,19.0,6.041522986797286,18.0
ass-to-vtt,bottom,0.2,15.0,4.0,14.0
assert-http,bottom,0.2,23.6,2.0736441353327715,24.0
asset-inliner,bottom,0.2,25.2,6.572670690061994,24.0
assetment,bottom,0.2,15.2,4.324349662087931,16.0
assets-bower-ci,bottom,0.2,23.0,5.049752469181039,20.0
assign-deep,middle,0.2,23.8,7.918333157931662,27.0
assign-symbols,top,0.2,-4.6,5.412947441089743,-2.0
ast-types-flow,top,0.2,29.8,4.764451699828639,30.0
async-each-series,top,0.2,36.2,4.494441010848846,36.0
atoa,middle,0.2,20.0,7.3824115301167,18.0
atool-build,middle,0.2,29.4,4.9295030175464944,30.0
attrition,bottom,0.2,21.6,9.235799911215054,24.0
auto-changelog,middle,0.2,18.4,2.3021728866442683,18.0
auto-generate,bottom,0.2,18.2,1.7888543819998322,17.0
autod-egg,middle,0.2,26.4,7.334848328356899,28.0
autorecordmic,bottom,0.2,17.6,3.9115214431215892,19.0
avprober,bottom,0.2,26.0,8.916277250063503,30.0
aws-billing,bottom,0.2,13.4,1.5165750888103104,13.0
aws-instances,bottom,0.2,15.0,1.8708286933869709,15.0
axios,top,0.2,32.0,3.24037034920393,34.0
babel-loader,top,0.2,29.6,4.277849927241487,31.0
babel-plugin-css-modules-transform,middle,0.2,24.8,8.105553651663778,23.0
babel-plugin-dynamic-import-node,top,0.2,27.6,2.7018512172212596,28.0
babel-plugin-precompile-charcodes,middle,0.2,23.8,3.4205262752974144,22.0
babel-plugin-root-import,middle,0.2,31.6,3.5071355833500366,31.0
babel-plugin-transform-react-remove-prop-types,top,0.2,19.8,5.630275304103699,19.0
babel-plugin-webpack-alias,middle,0.2,23.4,4.277849927241488,23.0
babel-preset-es2015-mod,middle,0.2,27.8,6.418722614352485,27.0
babel-preset-es2015-node5,middle,0.2,25.4,7.436396977031283,28.0
babel-preset-es2015-node6,middle,0.2,27.4,3.1304951684997055,26.0
babel-preset-es2015-without-strict,middle,0.2,34.6,4.9295030175464944,34.0
babel-preset-power-assert,middle,0.2,22.8,4.147288270665544,22.0
babelify,top,0.2,21.8,3.271085446759225,21.0
babelrc-rollup,middle,0.2,24.2,3.7013511046643495,25.0
backbone-computed-properties,bottom,0.2,23.8,6.457553716385176,21.0
backbone-db-elasticsearch,bottom,0.2,21.8,4.024922359499621,22.0
backbone-db-mongodb,bottom,0.2,27.6,3.7815340802378077,26.0
backbone.declarative.views,bottom,0.2,23.8,6.760177512462229,24.0
backbone.ribs,bottom,0.2,24.8,7.463243262818116,20.0
backpack-ht16k33,bottom,0.2,26.8,4.8166378315169185,27.0
barterer,bottom,0.2,9.2,4.024922359499621,9.0
base64-img,middle,0.2,30.0,3.3911649915626336,29.0
batch-me-if-you-can,bottom,0.2,17.0,7.280109889280518,14.0
beautify-lint,middle,0.2,11.6,2.8809720581775866,11.0
becklyn-gulp,bottom,0.2,12.8,2.588435821108957,13.0
beeper,top,0.2,24.4,5.412947441089743,24.0
beercalc_js,bottom,0.2,19.0,4.527692569068709,21.0
benderjs-amd,bottom,0.2,21.6,1.9493588689617927,23.0
bepacked,bottom,0.2,22.2,4.324349662087931,20.0
big-red-button,bottom,0.2,14.8,2.4899799195977463,15.0
bili,middle,0.2,20.6,4.929503017546495,19.0
bin-pack,middle,0.2,14.4,7.092249290598858,15.0
binary-extensions,top,0.2,32.8,2.387467277262664,33.0
binding,middle,0.2,22.8,4.969909455915671,25.0
bip32-wallet,bottom,0.2,27.2,5.540758070878027,28.0
bitbucket-ips,bottom,0.2,14.6,2.701851217221259,14.0
bitcoin-ops,middle,0.2,31.8,7.328028384224504,34.0
blacklist,middle,0.2,19.0,4.183300132670378,17.0
blender,bottom,0.2,25.4,7.021395872616784,26.0
bloggy,bottom,0.2,19.4,3.7815340802378072,18.0
bloggy-marked-toc,bottom,0.2,16.2,5.263078946776307,16.0
bloggy-rss,bottom,0.2,21.8,6.379655163094632,20.0
blum,bottom,0.2,17.0,8.24621125123532,20.0
bmfont2json,bottom,0.2,22.4,6.50384501660364,20.0
bn.js,top,0.2,40.4,6.87749954561976,38.0
body-parser,top,0.2,32.2,2.3874672772626644,32.0
bonjour,top,0.2,29.6,3.7815340802378072,31.0
bookshelf-manager,bottom,0.2,23.4,3.8470768123342687,22.0
boomcatch,bottom,0.2,19.4,4.929503017546495,18.0
bootstrap-sass-loader,middle,0.2,30.2,1.9235384061671346,31.0
bootstrapper,middle,0.2,11.8,2.489979919597747,12.0
boring-config,bottom,0.2,18.4,7.05691150575094,15.0
bossy,middle,0.2,25.2,3.4205262752974135,25.0
boundary,middle,0.2,23.2,4.969909455915671,21.0
boxen,top,0.2,29.0,1.4142135623730954,29.0
bpmn-js-debug-overlay,bottom,0.2,21.4,5.272570530585627,20.0
braces,top,0.2,4.6,1.3416407864998738,4.0
breadboard,bottom,0.2,27.0,4.847679857416329,27.0
breeze.js.bower,bottom,0.2,31.0,4.795831523312719,32.0
breeze.js.labs,bottom,0.2,20.0,8.916277250063503,15.0
brim,bottom,0.2,22.0,7.176350047203662,23.0
broccoli-autoprefixer,middle,0.2,23.4,5.319774431308154,21.0
broccoli-csssplit,bottom,0.2,24.6,6.50384501660364,22.0
broccoli-i18n-lazy-lookup,bottom,0.2,23.2,5.0199601592044525,21.0
broccoli-ng-templatecache,bottom,0.2,29.6,4.9295030175464944,31.0
broccoli-splitter,bottom,0.2,25.2,4.8166378315169185,27.0
browser-env,middle,0.2,23.4,1.1401754250991385,23.0
browser-pdf-support,bottom,0.2,37.8,6.220932405998317,41.0
browser-process-hrtime,top,0.2,26.4,2.880972058177586,26.0
browser-stdout,top,0.2,23.4,2.60768096208106,23.0
browserify-aes,top,0.2,29.4,6.06630035524124,30.0
browserify-des,top,0.2,30.2,4.8166378315169185,29.0
browserify-dev-bundler,bottom,0.2,22.6,7.197221686178632,20.0
browserify-hmr,middle,0.2,23.0,0.7071067811865476,23.0
browserify-sign,top,0.2,32.0,6.000000000000001,35.0
browserslist,top,0.2,34.4,5.079370039680119,35.0
buffer-indexof-polyfill,middle,0.2,17.4,4.979959839195493,17.0
buffer-xor,top,0.2,26.2,5.167204273105526,27.0
buffered-transform,bottom,0.2,27.0,6.284902544988268,30.0
builder-coffee,bottom,0.2,26.8,4.969909455915671,29.0
builtin-modules,top,0.2,23.8,1.6431676725154984,23.0
builtin-status-codes,top,0.2,23.0,4.242640687119285,24.0
builtins,top,0.2,26.8,6.797058187186572,31.0
bump-cli,middle,0.2,20.2,2.04939015319192,21.0
bunnydo,bottom,0.2,18.8,4.147288270665544,17.0
busylight,bottom,0.2,22.8,2.588435821108957,22.0
buzzfeed-headlines,bottom,0.2,23.4,3.6469165057620936,23.0
caber,bottom,0.2,23.2,6.870225614927067,21.0
cache-base,top,0.2,31.0,4.949747468305833,30.0
cache-wrapper,bottom,0.2,12.8,5.06951674225463,14.0
calendar-matrix,bottom,0.2,18.4,1.51657508881031,19.0
call,middle,0.2,27.6,4.878524367060187,27.0
call-me-maybe,top,0.2,25.8,7.823042886243178,26.0
callback-timer,bottom,0.2,26.4,2.509980079602227,27.0
callback-with,bottom,0.2,27.4,3.577708763999663,26.0
callback-wrapper,bottom,0.2,26.0,2.7386127875258306,26.0
caller-callsite,top,0.2,35.6,3.286335345030996,36.0
caller-path,top,0.2,26.6,4.669047011971501,28.0
callsites,top,0.2,32.4,2.792848008753788,31.0
camelcase,top,0.2,26.2,3.03315017762062,24.0
camelcase-keys,top,0.2,31.6,2.966479394838265,32.0
caniuse-lite,top,0.2,30.8,4.207136793592525,29.0
cantina-app-users,bottom,0.2,23.0,5.5677643628300215,20.0
capture-stack-trace,top,0.2,31.8,7.463243262818116,32.0
carcass-program,bottom,0.2,14.2,5.449770637375485,13.0
card-dealer,bottom,0.2,19.0,2.5495097567963922,19.0
catbox-s3,bottom,0.2,32.0,4.636809247747852,33.0
center-align,top,0.2,29.8,4.32434966208793,32.0
cfn-config,bottom,0.2,21.6,6.949820141557622,24.0
chai-shallow-deep-equal,middle,0.2,34.4,6.348228099241551,36.0
chain-args,bottom,0.2,29.0,1.4142135623730951,28.0
changelogx,middle,0.2,12.2,5.263078946776307,14.0
charabanc,bottom,0.2,19.4,2.880972058177586,19.0
check-pages,middle,0.2,31.2,3.492849839314596,33.0
chemical-symbols,bottom,0.2,24.4,2.701851217221259,26.0
choice,bottom,0.2,24.2,4.969909455915671,26.0
ci-info,top,0.2,39.2,4.604345773288535,40.0
cipher-base,top,0.2,29.4,1.1401754250991376,29.0
circular-dependency-plugin,top,0.2,24.6,3.361547262794322,25.0
clap,top,0.2,22.2,3.8340579025361627,23.0
class-utils,top,0.2,18.4,0.8944271909999155,19.0
classlist-polyfill,middle,0.2,36.2,6.140032573203501,37.0
classnames,top,0.2,28.8,3.1144823004794877,29.0
clever-tools,bottom,0.2,19.0,3.7416573867739418,18.0
cli,middle,0.2,6.0,2.5495097567963922,5.0
cli-cursor,top,0.2,31.6,5.128352561983234,32.0
cli-snow,bottom,0.2,15.0,3.8078865529319548,14.0
cli-spy,bottom,0.2,22.8,4.207136793592526,24.0
cli-width,top,0.2,27.6,3.1304951684997055,27.0
cliclopts,middle,0.2,26.0,2.5495097567963922,26.0
clingwrap,bottom,0.2,18.8,3.492849839314596,17.0
cliui,top,0.2,28.8,1.0954451150103326,29.0
clocker,bottom,0.2,23.0,4.743416490252569,25.0
clone-deep,top,0.2,9.0,7.681145747868608,8.0
closest,middle,0.2,26.6,5.504543577809154,29.0
clui,middle,0.2,27.6,2.0736441353327724,27.0
cluster-advisor,bottom,0.2,28.4,4.774934554525328,29.0
cluster-role,bottom,0.2,11.4,5.683308895353129,15.0
clusterjs,bottom,0.2,14.6,2.4083189157584592,14.0
co-event-wrap,bottom,0.2,33.6,5.813776741499453,35.0
co-inbox,bottom,0.2,25.8,7.726577508832744,23.0
co-thrift,bottom,0.2,28.4,8.648699324175862,30.0
code-point-at,top,0.2,36.2,6.534523701081818,39.0
code-snippets,bottom,0.2,30.6,8.988882021697693,35.0
codewars,bottom,0.2,20.6,4.33589667773576,20.0
coffee,middle,0.2,27.4,5.856620185738529,29.0
collect-callbacks,bottom,0.2,28.8,6.610597552415364,31.0
collection-visit,top,0.2,-2.2,5.848076606885378,0.0
color-name,top,0.2,35.0,2.5495097567963922,35.0
color-support,top,0.2,24.0,2.0000000000000004,23.0
colormin,top,0.2,27.8,6.870225614927067,28.0
colorzy,bottom,0.2,17.0,5.385164807134504,18.0
colsole,bottom,0.2,22.6,6.580273550544841,22.0
command-line-commands,middle,0.2,25.0,1.5811388300841898,25.0
command-mapper,bottom,0.2,22.2,6.760177512462229,24.0
commist,middle,0.2,28.4,5.412947441089743,26.0
common-dir,middle,0.2,31.8,4.658325879540846,31.0
commonmark-react-renderer,middle,0.2,24.2,3.420526275297414,25.0
comparative-selection,bottom,0.2,26.6,4.979959839195494,27.0
compare-versions,top,0.2,31.4,3.130495168499706,30.0
comparray,bottom,0.2,24.0,6.123724356957945,21.0
complexion-time-map,bottom,0.2,23.8,2.774887385102322,24.0
compose-function,middle,0.2,34.0,2.23606797749979,33.0
composition,middle,0.2,31.0,4.636809247747852,30.0
compression,top,0.2,26.6,6.06630035524124,28.0
concat,middle,0.2,32.0,3.391164991562634,31.0
concat-image,bottom,0.2,31.0,1.224744871391589,31.0
config-lite,middle,0.2,21.6,4.277849927241488,20.0
configurable-http-proxy,bottom,0.2,32.2,4.764451699828638,35.0
confy-node,bottom,0.2,24.4,7.092249290598858,27.0
connect-weinre-injector,bottom,0.2,19.2,4.08656334834051,20.0
consign,middle,0.2,32.8,4.324349662087931,30.0
console.table,middle,0.2,13.2,3.492849839314596,11.0
contact-form,bottom,0.2,20.4,1.6733200530681513,20.0
contains-path,top,0.2,23.6,5.594640292279745,27.0
content,middle,0.2,25.2,3.3466401061363023,25.0
content-disposition,top,0.2,27.6,3.577708763999663,28.0
content-type,top,0.2,29.2,3.7013511046643495,30.0
contentful-sdk-core,middle,0.2,28.0,3.7416573867739413,28.0
contentstream,middle,0.2,15.4,9.813256340277675,11.0
contra,middle,0.2,21.8,5.630275304103699,23.0
contractual,bottom,0.2,18.4,4.560701700396552,21.0
cookie-parser,top,0.2,26.6,2.6076809620810595,27.0
cool-ascii-faces,middle,0.2,30.8,5.974947698515863,28.0
copy,middle,0.2,16.8,5.263078946776307,16.0
copy-webpack-plugin,top,0.2,32.0,3.674234614174767,32.0
cordova-lib,middle,0.2,30.2,5.357238094391549,31.0
core,bottom,0.2,27.2,5.630275304103699,28.0
coreos-cluster,bottom,0.2,16.2,2.7748873851023212,17.0
corq,bottom,0.2,14.6,3.5071355833500366,13.0
correcthorse,bottom,0.2,21.6,8.23407554009556,17.0
cors,middle,0.2,30.6,6.024948132556827,32.0
cosmiconfig,top,0.2,26.4,4.277849927241487,26.0
couchdb-fauxton,bottom,0.2,26.4,5.683308895353129,28.0
couchdb-user-account,bottom,0.2,27.8,5.585696017507576,26.0
countdown.js,bottom,0.2,29.8,3.492849839314596,30.0
countn,bottom,0.2,23.0,5.385164807134504,22.0
cpa.js,bottom,0.2,15.6,2.1908902300206643,15.0
create-cipher,bottom,0.2,22.0,7.035623639735144,18.0
createECDH,top,0.2,29.8,2.6832815729997477,31.0
createHash,top,0.2,18.6,1.8165902124584947,19.0
createHmac,top,0.2,20.8,3.898717737923586,19.0
crop-rotate-and-sample-in-browser,bottom,0.2,34.0,6.745368781616021,36.0
cross-env,top,0.2,28.2,4.919349550499537,30.0
crossbar-nodejs,bottom,0.2,25.4,5.856620185738529,25.0
crossvent,middle,0.2,27.6,3.0495901363953815,29.0
css-declaration-sorter,top,0.2,23.4,3.130495168499706,24.0
css-driven,bottom,0.2,25.2,7.8230428862431785,21.0
css-selector-tokenizer,top,0.2,27.8,2.387467277262665,28.0
css-url-versioner,bottom,0.2,28.8,7.496665925596525,29.0
csstree,top,0.2,15.4,2.701851217221259,15.0
csv-join,bottom,0.2,26.0,4.06201920231798,26.0
ctrllr,bottom,0.2,24.6,4.979959839195493,25.0
currently-unhandled,top,0.2,28.8,1.9235384061671346,28.0
custom-event,top,0.2,31.2,6.760177512462229,33.0
cyclon.p2p-rtc-client,bottom,0.2,25.0,5.1478150704935,26.0
d3-sankey,middle,0.2,24.6,5.85662018573853,23.0
d3-star-plot,bottom,0.2,34.8,4.604345773288536,37.0
d6,bottom,0.2,25.6,4.277849927241488,27.0
daily-comic.js,bottom,0.2,14.0,5.522680508593631,14.0
dailymotion-sdk-node,bottom,0.2,26.4,3.7815340802378077,27.0
danfe,bottom,0.2,29.8,3.70135110466435,29.0
date-fns,top,0.2,40.2,30.111459612579395,27.0
date-math,middle,0.2,28.4,2.5099800796022262,28.0
dbcsv,bottom,0.2,26.0,15.668439615992398,19.0
decamelize,top,0.2,16.2,4.54972526643093,18.0
decompress-response,top,0.2,31.2,4.024922359499622,31.0
default-require-extensions,top,0.2,26.2,7.5960516059331775,24.0
defaults-deep,middle,0.2,24.0,1.5811388300841898,24.0
deferred-interval,bottom,0.2,18.0,8.514693182963201,23.0
define-exceptions,bottom,0.2,32.8,2.7748873851023212,32.0
define-properties,top,0.2,14.4,5.272570530585627,16.0
define-property,top,0.2,32.0,3.6742346141747673,32.0
del,top,0.2,31.0,0.7071067811865476,31.0
delighted-node,bottom,0.2,28.6,2.7018512172212596,28.0
denodeify,top,0.2,12.2,3.5637059362410923,13.0
dependency-injection,middle,0.2,18.2,5.932958789676531,16.0
derequire-transform,bottom,0.2,37.0,5.787918451395113,37.0
des.js,top,0.2,30.6,6.8044103344816,27.0
detect-browser,middle,0.2,31.0,4.898979485566357,30.0
detect-data-stream,bottom,0.2,25.0,2.5495097567963927,25.0
detect-file,top,0.2,-2.4,3.0495901363953815,-4.0
detect-newline,top,0.2,32.0,2.5495097567963922,32.0
detect-node,top,0.2,27.8,3.5637059362410923,28.0
detect-port,top,0.2,30.6,1.8165902124584952,31.0
detect-rename,bottom,0.2,26.6,9.126883367283709,21.0
deuces,bottom,0.2,20.0,2.0,20.0
dev-web-server,bottom,0.2,21.0,1.5811388300841898,21.0
devs,bottom,0.2,21.8,5.718391382198319,22.0
df,middle,0.2,19.8,4.08656334834051,19.0
dial-roller,bottom,0.2,28.0,5.1478150704935,25.0
dialog,bottom,0.2,28.6,7.127411872482185,33.0
diffie-hellman,top,0.2,33.0,4.0,34.0
dir-glob,top,0.2,31.2,3.1144823004794873,31.0
directory-path,bottom,0.2,16.8,3.7013511046643495,17.0
dirtybit,bottom,0.2,26.8,8.497058314499201,27.0
discord.js-musicbot-addon,middle,0.2,7.0,5.049752469181039,5.0
displayer-api-client,bottom,0.2,24.2,2.1679483388678795,23.0
dns-packet,top,0.2,24.2,2.280350850198276,25.0
dns-txt,top,0.2,29.4,3.974921382870358,30.0
docker-pull,bottom,0.2,22.2,4.024922359499621,20.0
dockerify,bottom,0.2,12.8,6.496152707564686,13.0
dockerspaniel,bottom,0.2,18.4,1.949358868961793,19.0
docooment,bottom,0.2,31.4,3.646916505762094,33.0
dogedc,bottom,0.2,30.4,4.722287581247038,30.0
dom-replace-html-stream,bottom,0.2,24.2,7.19027120489902,26.0
dom-serialize,top,0.2,24.6,2.5099800796022262,26.0
dominator,bottom,0.2,28.4,3.4351128074635335,27.0
dot-prop,top,0.2,20.2,5.449770637375485,21.0
dotignore,bottom,0.2,28.4,7.436396977031283,27.0
dotpath-compile,bottom,0.2,21.8,1.6431676725154984,22.0
download-email-attachments,bottom,0.2,29.6,5.9413803110051795,32.0
draftjs-to-html,middle,0.2,29.0,2.3452078799117144,30.0
drool,middle,0.2,19.0,5.612486080160912,19.0
droonga-http-server,bottom,0.2,36.0,4.415880433163924,38.0
drop-while,bottom,0.2,17.6,6.3874877690685254,17.0
dropbox-auth-cli,bottom,0.2,13.4,2.5099800796022267,12.0
dropbox-mock.js,bottom,0.2,33.4,6.58027355054484,37.0
dropbox-sdk-js,middle,0.2,27.6,3.6469165057620936,29.0
dsigner,bottom,0.2,21.2,2.8635642126552705,21.0
dtree,bottom,0.2,19.2,5.761944116355173,19.0
duplexify,top,0.2,22.8,6.610597552415364,19.0
dustjacket,bottom,0.2,25.2,5.06951674225463,24.0
dynamo-converters,bottom,0.2,15.0,1.224744871391589,15.0
e3x-cs3a,bottom,0.2,23.8,3.70135110466435,25.0
earl-grey,middle,0.2,31.4,2.3021728866442683,31.0
edp-bcs,bottom,0.2,31.8,8.613942186943211,36.0
edx-modulestore-node,bottom,0.2,23.0,6.59545297913646,21.0
eightbyeight,bottom,0.2,23.4,8.142481194328912,23.0
ejs,top,0.2,28.2,3.2710854467592254,27.0
electron-json-storage,middle,0.2,28.8,2.4899799195977463,28.0
electron-reload,middle,0.2,21.6,7.092249290598858,26.0
electron-squirrel-startup,middle,0.2,27.2,6.534523701081816,30.0
electron-store,middle,0.2,20.4,4.6690470119715,22.0
electron-window-state,middle,0.2,22.2,3.6331804249169894,24.0
element-resize-event,middle,0.2,31.8,3.4205262752974135,31.0
elixir,top,0.2,25.2,9.121403400793104,23.0
elliptic,top,0.2,30.6,2.701851217221259,30.0
email-obfuscator,bottom,0.2,34.4,4.61519230368573,36.0
ember-assign-polyfill,middle,0.2,25.6,2.701851217221259,26.0
ember-browserify,middle,0.2,19.4,4.722287581247039,17.0
ember-cli-admin-languages,bottom,0.2,20.6,4.61519230368573,19.0
ember-cli-array-slice,bottom,0.2,23.8,3.0331501776206204,24.0
ember-cli-autoprefixer,middle,0.2,21.0,5.1478150704935,19.0
ember-cli-deploy,middle,0.2,20.2,4.54972526643093,22.0
ember-cli-github-pages,middle,0.2,25.2,9.17605579756357,21.0
ember-cli-jsx,bottom,0.2,19.0,2.2360679774997902,18.0
ember-cli-typescript,middle,0.2,24.2,2.588435821108957,23.0
ember-dropkick,bottom,0.2,19.2,2.7748873851023217,20.0
ember-lodash,middle,0.2,20.8,6.978538528947161,19.0
ember-pdfjs,bottom,0.2,19.6,2.073644135332772,20.0
ember-power-select,middle,0.2,25.6,4.03732584763727,27.0
ember-sinon,middle,0.2,18.4,3.4351128074635335,17.0
ember-test-helpers,middle,0.2,28.0,4.415880433163924,27.0
emic2,bottom,0.2,19.0,6.0,17.0
emoji-regex,top,0.2,23.0,4.795831523312719,22.0
emoney,bottom,0.2,23.8,6.1400325732035,24.0
enable,middle,0.2,29.8,4.08656334834051,32.0
enb-browserify,bottom,0.2,27.8,4.604345773288535,26.0
enb-y-i18n,bottom,0.2,28.8,5.215361924162119,28.0
encodeurl,top,0.2,26.0,5.385164807134504,27.0
encoding-down,middle,0.2,23.2,3.2710854467592254,22.0
ends-with,middle,0.2,22.4,2.302172886644268,22.0
engine.io-parser,top,0.2,22.4,4.03732584763727,23.0
epinfer,bottom,0.2,20.0,4.06201920231798,18.0
eris,middle,0.2,31.6,5.412947441089744,32.0
errorhandler,top,0.2,31.2,6.978538528947161,34.0
erroz,bottom,0.2,16.0,5.612486080160912,14.0
es-abstract,top,0.2,31.6,6.348228099241551,32.0
es-tar,bottom,0.2,21.4,1.8165902124584945,21.0
es-to-primitive,top,0.2,30.0,4.123105625617661,30.0
es6-project-starter-kit,bottom,0.2,18.0,5.5677643628300215,19.0
esbeautifier,middle,0.2,11.6,8.35463942968217,9.0
escallmatch,middle,0.2,22.8,6.058052492344384,20.0
escape-string-regexp,top,0.2,26.2,5.403702434442518,25.0
esformatter-quotes,middle,0.2,9.0,2.7386127875258306,9.0
eslint-config-kentcdodds,middle,0.2,17.6,7.05691150575094,16.0
eslint-config-node-style-guide,middle,0.2,28.2,4.969909455915671,25.0
eslint-config-peerigon,middle,0.2,22.6,8.561541917201597,20.0
eslint-config-react,middle,0.2,23.6,2.302172886644268,23.0
eslint-config-standard,top,0.2,28.0,3.7416573867739413,28.0
eslint-loader,top,0.2,19.2,1.30384048104053,20.0
eslint-plugin,middle,0.2,24.4,5.128352561983235,26.0
eslint-plugin-css-modules,middle,0.2,19.2,2.3874672772626644,19.0
eslint-plugin-github,middle,0.2,16.4,2.6076809620810595,15.0
eslint-plugin-import,top,0.2,30.6,1.8165902124584952,31.0
eslint-plugin-lodash,middle,0.2,29.2,4.266145801540308,31.0
eslint-plugin-node,top,0.2,26.0,5.3385391260156565,28.0
eslint-plugin-react,top,0.2,24.8,6.220932405998316,24.0
eslint-plugin-standard,top,0.2,25.4,4.39317652729776,25.0
espial,bottom,0.2,21.4,6.268971207462992,25.0
espower-source,middle,0.2,30.0,8.631338250816034,31.0
espree,top,0.2,24.6,5.504543577809153,22.0
esri-dump,bottom,0.2,19.6,4.33589667773576,20.0
esri-gnip,bottom,0.2,20.4,6.06630035524124,19.0
estktap,bottom,0.2,20.4,5.319774431308154,19.0
etag,top,0.2,29.4,5.9833101206606365,32.0
event-aggregator,middle,0.2,22.2,3.1144823004794873,22.0
event-source-emitter,bottom,0.2,37.4,3.6469165057620945,37.0
excuses,bottom,0.2,28.6,4.335896677735761,30.0
exec-sh,top,0.2,24.4,7.92464510246358,27.0
execa,top,0.2,34.6,0.8944271909999157,34.0
exit-hook,top,0.2,35.8,1.4832396974191338,36.0
exp-asynccache,bottom,0.2,20.8,5.403702434442518,20.0
expand-brackets,top,0.2,29.6,2.6076809620810595,28.0
expand-range,top,0.2,24.4,6.50384501660364,24.0
exposify,middle,0.2,18.8,7.758865896508329,15.0
express-batch,bottom,0.2,22.0,1.2247448713915894,22.0
express-boot,bottom,0.2,23.0,6.6332495807108005,24.0
express-fluent-logger,bottom,0.2,31.0,3.082207001484488,31.0
express-orm-mvc,bottom,0.2,36.0,3.3166247903554003,35.0
express-qrcode,bottom,0.2,24.8,6.3796551630946325,26.0
express-react-views,middle,0.2,13.4,4.33589667773576,11.0
express-request-proxy,middle,0.2,16.6,3.911521443121589,17.0
express-sanitizer,middle,0.2,36.4,3.361547262794322,36.0
express-wrangler,bottom,0.2,21.0,4.358898943540674,20.0
extend-shallow,top,0.2,26.0,4.358898943540673,27.0
extglob,top,0.2,22.8,2.7748873851023212,22.0
extract-gettext,bottom,0.2,14.2,6.3796551630946325,13.0
extract-text-webpack-plugin,top,0.2,22.6,6.58027355054484,27.0
extract-zip,top,0.2,17.8,4.764451699828638,17.0
fancy-log,top,0.2,25.0,2.23606797749979,24.0
fast-json-stringify,middle,0.2,32.2,4.324349662087931,33.0
fastfall,middle,0.2,28.6,5.941380311005179,28.0
fastft-api-client,bottom,0.2,23.8,3.6331804249169903,24.0
fastparse,top,0.2,22.0,4.47213595499958,23.0
fb-node,bottom,0.2,17.8,2.0493901531919194,17.0
fb-xmpp-connector,bottom,0.2,27.2,3.7013511046643495,27.0
fetch,top,0.2,34.6,6.06630035524124,34.0
fetch-client,middle,0.2,28.0,7.713624310270756,26.0
fetch-ponyfill,middle,0.2,42.2,3.2710854467592245,42.0
fetchr,middle,0.2,29.6,2.190890230020664,31.0
figures,top,0.2,32.4,6.580273550544841,35.0
file-type,top,0.2,33.8,3.96232255123179,34.0
filename-regex,top,0.2,22.2,5.890670590009257,22.0
filetobase64,bottom,0.2,23.4,2.7018512172212588,23.0
fill-range,top,0.2,18.6,1.9493588689617924,18.0
finalhandler,top,0.2,34.6,7.668115805072325,32.0
find-cache-dir,top,0.2,38.6,5.029910535983716,37.0
find-file-up,middle,0.2,15.0,3.605551275463989,15.0
find-process,middle,0.2,31.0,3.391164991562634,31.0
find-up,top,0.2,32.0,5.049752469181039,35.0
fined,top,0.2,21.2,3.63318042491699,20.0
first-chunk-stream,top,0.2,41.2,3.6331804249169903,40.0
firstline,middle,0.2,20.0,5.70087712549569,20.0
fist-fistlabs_unit_serial,bottom,0.2,29.0,4.0620192023179795,28.0
flagged-respawn,top,0.2,22.4,6.985699678629192,18.0
flickity,middle,0.2,24.4,1.5165750888103102,25.0
flow-view,bottom,0.2,20.4,4.774934554525329,18.0
flush-write-stream,top,0.2,22.0,7.516648189186454,22.0
fluxer,bottom,0.2,19.4,5.079370039680118,20.0
fluxxor-autobind,bottom,0.2,23.6,3.577708763999664,24.0
fn-args,middle,0.2,22.8,2.387467277262664,22.0
fontpath,bottom,0.2,22.8,1.9235384061671346,23.0
for-in,top,0.2,5.4,0.8944271909999157,6.0
for-own,top,0.2,9.6,9.476286192385706,9.0
format-url,bottom,0.2,25.4,4.219004621945798,26.0
forwarded,top,0.2,32.2,7.259476565152615,29.0
framework,middle,0.2,12.4,6.4265076052238514,16.0
fredApi,bottom,0.2,27.4,1.51657508881031,27.0
freeloader-stream,bottom,0.2,26.0,7.681145747868609,22.0
friendly-errors-webpack-plugin,top,0.2,21.6,4.159326868617085,21.0
from2,top,0.2,27.2,3.6331804249169903,26.0
from2-string,middle,0.2,24.6,2.408318915758459,26.0
frozen-express,bottom,0.2,26.8,4.08656334834051,28.0
fruit,bottom,0.2,23.4,1.341640786499874,24.0
fs-temp,middle,0.2,27.2,3.7682887362833544,25.0
fs-write-stream-atomic,top,0.2,37.2,4.147288270665544,37.0
fsm2dot,bottom,0.2,16.8,0.44721359549995787,17.0
ftp-generate-response,bottom,0.2,21.8,6.058052492344385,24.0
fuzzy-search,middle,0.2,34.6,5.458937625582472,36.0
fxos-simulators,bottom,0.2,16.0,3.0,15.0
ga-localstorage,bottom,0.2,25.4,4.722287581247038,27.0
gaffa-frame,bottom,0.2,22.0,4.69041575982343,23.0
gardr-plugin-ext-burt,bottom,0.2,18.4,3.361547262794322,19.0
garnish,middle,0.2,26.2,13.42385935563987,20.0
gcr,bottom,0.2,29.2,5.974947698515862,26.0
gearsloth,bottom,0.2,25.0,6.892024376045111,26.0
gedcomx-date-js,bottom,0.2,28.8,3.9623225512317903,28.0
generate-function,top,0.2,29.6,3.209361307176243,28.0
generator-appsngen-web-widget,bottom,0.2,20.0,1.870828693386971,21.0
generator-bangular,bottom,0.2,24.8,4.969909455915671,25.0
generator-lib-java,bottom,0.2,24.2,6.220932405998316,20.0
generator-meshblu-connector,bottom,0.2,27.2,2.16794833886788,26.0
generator-npm-module,bottom,0.2,27.0,2.345207879911715,28.0
generator-react-gulp-browserify,bottom,0.2,17.8,2.3874672772626644,18.0
generator-readme,bottom,0.2,19.0,3.2403703492039297,19.0
generator-utils,bottom,0.2,21.0,1.8708286933869707,21.0
generator-videojs-plugin,bottom,0.2,26.6,1.341640786499874,26.0
geo-tree,bottom,0.2,22.0,6.782329983125268,19.0
geohash-poly,bottom,0.2,19.8,7.395944834840239,23.0
geojson-summary,bottom,0.2,23.8,7.463243262818116,26.0
geojson-vt,middle,0.2,25.2,3.5637059362410928,27.0
get-stdin,top,0.2,24.4,5.770615218501403,22.0
get-stream,top,0.2,26.4,3.9115214431215892,25.0
get-value,top,0.2,21.6,5.128352561983235,21.0
getpackages,bottom,0.2,19.4,2.3021728866442674,19.0
ghost-export,bottom,0.2,23.4,4.39317652729776,23.0
ghost-render,bottom,0.2,19.8,7.463243262818116,17.0
ghpages,middle,0.2,15.0,5.787918451395113,15.0
ghusers,bottom,0.2,16.2,3.492849839314596,14.0
giphy-api,middle,0.2,22.4,3.7815340802378077,24.0
git-clone,middle,0.2,33.6,5.458937625582473,32.0
git-latest-semver-tag,middle,0.2,28.8,4.43846820423443,27.0
git-repository,middle,0.2,20.4,7.05691150575094,23.0
gitbook,middle,0.2,23.0,9.027735042633894,19.0
gitbook-grvis,bottom,0.2,10.4,3.2093613071762426,10.0
gitbook-plugin-comments,bottom,0.2,16.8,1.095445115010332,16.0
gitbook-plugin-lexicon,bottom,0.2,30.2,3.1937438845342623,31.0
gitbook-plugin-piwik,bottom,0.2,18.4,0.5477225575051664,18.0
github-changes,middle,0.2,22.8,4.658325879540847,23.0
github-jobs,bottom,0.2,23.8,2.683281572999748,25.0
github-language,bottom,0.2,19.4,6.730527468185536,15.0
github-todos,bottom,0.2,18.8,5.11859355682789,19.0
gitignoreensure,bottom,0.2,21.8,7.463243262818116,23.0
gl-mat4,middle,0.2,22.4,0.5477225575051664,22.0
gl-vec3,middle,0.2,30.4,8.08084154033477,34.0
glob-parent,top,0.2,30.0,7.874007874011811,28.0
global-modules,top,0.2,27.4,9.044335243676011,30.0
global-prefix,top,0.2,26.2,2.16794833886788,25.0
globby,top,0.2,35.6,3.6469165057620936,36.0
globo,middle,0.2,12.8,8.927485648266257,8.0
globstar,middle,0.2,22.4,4.8270073544588685,24.0
glogg,top,0.2,25.2,6.300793600809346,23.0
glry,bottom,0.2,19.4,3.577708763999663,19.0
glue,middle,0.2,25.8,6.906518659932803,28.0
gnar,bottom,0.2,18.8,6.496152707564686,19.0
gocd-api,bottom,0.2,25.8,4.08656334834051,27.0
goodscloud-node,bottom,0.2,21.0,3.1622776601683795,20.0
google-cloud-storage,bottom,0.2,19.4,3.361547262794322,19.0
google-fonts-downloader,bottom,0.2,30.4,6.024948132556827,30.0
google-libphonenumber,middle,0.2,22.4,5.029910535983716,22.0
google-maps-react,middle,0.2,21.8,4.324349662087931,21.0
google-maps-services-js,middle,0.2,29.8,4.207136793592525,31.0
googlefonts,bottom,0.2,23.4,4.6690470119715,22.0
got,top,0.2,26.8,4.969909455915671,24.0
governor,bottom,0.2,28.8,4.604345773288536,27.0
gp-js-client,middle,0.2,29.6,2.302172886644268,30.0
grunt-api-meta,bottom,0.2,23.0,7.176350047203662,23.0
grunt-blogbuilder,bottom,0.2,23.2,5.890670590009256,24.0
grunt-caveman,bottom,0.2,20.2,3.2710854467592254,20.0
grunt-check-pages,middle,0.2,23.6,5.770615218501403,24.0
grunt-crowdin,bottom,0.2,22.8,5.263078946776307,23.0
grunt-date-suffix,bottom,0.2,14.8,2.16794833886788,16.0
grunt-gulp,middle,0.2,21.0,2.345207879911715,20.0
grunt-htmllint-http,bottom,0.2,25.6,4.722287581247038,27.0
grunt-jscpd-reporter,bottom,0.2,18.0,3.6742346141747673,18.0
grunt-knex-schema,bottom,0.2,27.6,3.361547262794322,28.0
grunt-metascript,bottom,0.2,21.0,1.2247448713915887,21.0
grunt-neo4j,bottom,0.2,23.0,2.9154759474226504,24.0
grunt-nexe,bottom,0.2,18.4,1.8165902124584945,18.0
grunt-npm-helper,bottom,0.2,23.0,4.183300132670378,22.0
grunt-potomo,middle,0.2,14.2,5.357238094391549,13.0
grunt-protractor-coverage,middle,0.2,26.6,6.985699678629192,26.0
grunt-sass-lint,middle,0.2,28.2,5.449770637375485,29.0
grunt-serve,middle,0.2,16.6,5.366563145999495,18.0
grunt-slm,bottom,0.2,21.6,2.9664793948382653,22.0
grunt-stylus-base-files,bottom,0.2,18.2,6.220932405998316,21.0
grunt-svgstore,middle,0.2,25.6,4.277849927241488,23.0
grunt-template-jasmine-dojo,bottom,0.2,21.6,6.6932802122726045,25.0
grunt-xunit,bottom,0.2,29.6,3.974921382870358,29.0
gulp-atom-electron,middle,0.2,24.6,4.33589667773576,27.0
gulp-autoprefixer,top,0.2,22.8,3.5637059362410923,22.0
gulp-ava,middle,0.2,32.8,3.96232255123179,33.0
gulp-base64,middle,0.2,13.2,6.572670690061994,15.0
gulp-cdn-ref,bottom,0.2,21.8,5.495452665613635,20.0
gulp-changed-in-place,middle,0.2,25.4,5.856620185738529,24.0
gulp-connect-php,middle,0.2,23.6,6.024948132556827,22.0
gulp-coverage,bottom,0.2,17.2,6.418722614352485,18.0
gulp-css-inline-images,middle,0.2,25.0,4.183300132670377,23.0
gulp-cssbeautify,middle,0.2,22.4,4.722287581247038,20.0
gulp-develop-server,middle,0.2,28.0,2.345207879911715,29.0
gulp-dotjs-packer,bottom,0.2,21.6,2.6076809620810595,22.0
gulp-es6-module-jstransform,bottom,0.2,25.4,6.6932802122726045,25.0
gulp-espower,middle,0.2,26.0,5.916079783099617,25.0
gulp-exemplary,bottom,0.2,26.4,7.829431652425353,24.0
gulp-framework-dep,bottom,0.2,25.0,2.9154759474226504,24.0
gulp-haste,bottom,0.2,26.2,7.463243262818116,24.0
gulp-html-extract,middle,0.2,28.4,6.4265076052238514,27.0
gulp-html5-lint,middle,0.2,25.4,3.2863353450309964,26.0
gulp-hub,middle,0.2,32.2,5.540758070878028,35.0
gulp-imacss,bottom,0.2,13.8,2.7748873851023217,13.0
gulp-inline-css,middle,0.2,23.6,8.203657720797473,18.0
gulp-istanbul-enforcer,middle,0.2,27.0,2.449489742783178,26.0
gulp-jsdoc,middle,0.2,27.0,6.782329983125268,29.0
gulp-jsonminify,middle,0.2,8.6,1.1401754250991376,9.0
gulp-mock,bottom,0.2,32.6,1.1401754250991383,33.0
gulp-mustache,middle,0.2,28.0,4.47213595499958,29.0
gulp-natural-sort,middle,0.2,21.2,6.220932405998316,23.0
gulp-p4,bottom,0.2,26.4,4.159326868617084,26.0
gulp-pleeease,middle,0.2,25.6,2.1908902300206647,25.0
gulp-plumber,top,0.2,32.4,1.9493588689617927,33.0
gulp-processhtml,middle,0.2,18.2,4.324349662087931,19.0
gulp-reduce-file,middle,0.2,23.0,4.898979485566356,23.0
gulp-remote-src,middle,0.2,30.8,4.08656334834051,29.0
gulp-serve,bottom,0.2,34.6,5.856620185738529,35.0
gulp-sloc,bottom,0.2,23.4,7.197221686178632,25.0
gulp-sourcemaps,top,0.2,33.2,4.604345773288534,32.0
gulp-standard,middle,0.2,30.0,2.9999999999999996,31.0
gulp-strip-comments,middle,0.2,33.0,6.59545297913646,34.0
gulp-strip-css-comments,middle,0.2,25.0,6.123724356957945,22.0
gulp-stylint,middle,0.2,18.2,0.8366600265340756,18.0
gulp-subtree,middle,0.2,22.0,1.224744871391589,22.0
gulp-tape,middle,0.2,29.0,2.9154759474226504,30.0
gulp-use-asset,bottom,0.2,24.0,5.873670062235365,26.0
gulp-wrapper,middle,0.2,20.4,6.308724118235001,18.0
gulplog,top,0.2,28.6,7.893034904268446,27.0
gunzip-maybe,middle,0.2,19.0,3.0000000000000004,18.0
gzip-size,top,0.2,26.2,3.271085446759225,26.0
gzip-size-cli,middle,0.2,26.8,2.1679483388678804,26.0
hammer-draggables,bottom,0.2,26.4,4.722287581247039,25.0
handle-callback,bottom,0.2,11.8,4.494441010848846,12.0
handpipe.js,bottom,0.2,26.4,5.683308895353129,28.0
hapi-auth-jwt2,middle,0.2,16.8,3.1937438845342627,16.0
hapi-bookshelf,bottom,0.2,16.4,3.9749213828703582,17.0
hapi-boom-jsend,bottom,0.2,23.0,4.636809247747852,22.0
hapi-cors-headers,middle,0.2,22.6,3.7815340802378072,25.0
hapi-jwt,bottom,0.2,23.6,1.3416407864998734,23.0
hapi-magic-filter,bottom,0.2,27.6,4.979959839195493,25.0
hapi-monit,bottom,0.2,20.2,4.43846820423443,20.0
hapi-route-directory,bottom,0.2,34.0,6.670832032063167,36.0
harmony,bottom,0.2,21.4,4.929503017546495,22.0
has-ansi,top,0.2,24.8,6.978538528947161,28.0
has-flag,top,0.2,29.0,3.0,30.0
has-gulplog,top,0.2,25.0,2.23606797749979,25.0
has-key-deep,bottom,0.2,11.4,2.302172886644268,11.0
has-require,middle,0.2,22.0,4.636809247747852,22.0
has-unicode,top,0.2,25.6,3.7815340802378077,24.0
has-value,top,0.2,22.0,7.416198487095663,23.0
hash-base,top,0.2,32.6,2.190890230020665,34.0
hash-sum,top,0.2,29.2,3.1144823004794873,30.0
hash.js,top,0.2,35.0,6.6332495807108005,37.0
haypeaeye,bottom,0.2,19.8,7.259476565152615,23.0
hbars,bottom,0.2,20.2,4.147288270665545,18.0
heartbleed.js,bottom,0.2,26.6,6.8044103344816,28.0
help-me,middle,0.2,27.6,8.35463942968217,27.0
helper-coverage,middle,0.2,26.4,4.33589667773576,29.0
heroku-cli-util,middle,0.2,30.4,4.8270073544588685,29.0
heroku-proxy,bottom,0.2,19.4,1.5165750888103098,20.0
hershey,bottom,0.2,22.8,10.134100848126586,17.0
hexo-cli,middle,0.2,25.6,5.272570530585627,23.0
hexo-generator-json-content,middle,0.2,16.0,5.049752469181039,16.0
hexo-migrator-joomla,bottom,0.2,27.4,5.319774431308155,27.0
hexo-renderer-haml,bottom,0.2,28.4,5.549774770204643,29.0
hexo-renderer-jade,middle,0.2,26.8,7.12039324756716,25.0
hideout,bottom,0.2,29.0,7.713624310270756,31.0
high5,bottom,0.2,24.0,6.928203230275509,22.0
hipku,bottom,0.2,22.0,6.08276253029822,25.0
hmks,bottom,0.2,24.0,7.516648189186454,20.0
hogan-brisket,bottom,0.2,22.2,2.280350850198276,23.0
hoist-non-react-statics,top,0.2,26.6,4.827007354458868,29.0
homedir-polyfill,top,0.2,23.0,1.4142135623730951,22.0
hotkeys,middle,0.2,21.6,2.60768096208106,23.0
hotpath,bottom,0.2,20.4,6.6932802122726045,19.0
html-comment-regex,top,0.2,23.6,2.073644135332772,23.0
html-pipe,bottom,0.2,33.6,2.880972058177587,32.0
html-webpack-harddisk-plugin,middle,0.2,17.6,7.266360849833981,13.0
htmlizer,bottom,0.2,28.0,5.522680508593631,28.0
http,middle,0.2,28.0,1.8708286933869709,27.0
http-errors,top,0.2,36.6,4.39317652729776,36.0
http-proxy-middleware,top,0.2,23.2,3.193743884534262,24.0
http-request-builder,bottom,0.2,32.4,0.8944271909999163,32.0
hugo-bin,middle,0.2,38.0,3.8078865529319543,37.0
humanb,bottom,0.2,22.4,4.77493455452533,21.0
humanize-string,middle,0.2,19.6,4.277849927241487,21.0
husky,top,0.2,27.2,3.834057902536163,28.0
i18next-sprintf-postProcessor,middle,0.2,26.0,5.196152422706631,26.0
i18next-xhr-backend,middle,0.2,28.2,5.848076606885378,30.0
ice-cap,middle,0.2,26.0,4.301162633521313,24.0
iconify,bottom,0.2,29.8,1.9235384061671346,30.0
icss-utils,top,0.2,29.8,4.54972526643093,28.0
iframe-api,bottom,0.2,28.4,2.7018512172212588,28.0
ify,bottom,0.2,33.4,4.03732584763727,35.0
imagemin-cli,middle,0.2,33.8,2.863564212655271,34.0
imagemin-jpeg-recompress,middle,0.2,28.4,6.107372593840988,31.0
imapseagull,bottom,0.2,11.4,1.3416407864998738,12.0
immer,top,0.2,39.8,2.9495762407505244,39.0
impersonate,bottom,0.2,29.0,8.916277250063503,32.0
import-cwd,top,0.2,31.6,3.507135583350036,32.0
import-from,top,0.2,33.0,6.96419413859206,34.0
import-glob-loader,middle,0.2,34.2,2.588435821108956,34.0
import-lazy,top,0.2,31.0,3.1622776601683795,31.0
in-publish,top,0.2,29.2,4.494441010848846,27.0
indent-string,top,0.2,37.2,1.923538406167135,37.0
indexeddb-mock,bottom,0.2,32.6,2.073644135332772,33.0
infer,bottom,0.2,27.4,6.4265076052238514,29.0
inflight,top,0.2,28.6,3.9749213828703582,30.0
inject-lr-script,middle,0.2,22.6,2.1908902300206643,22.0
injectify-view,bottom,0.2,26.6,6.308724118235002,24.0
innkeeper-storememory,bottom,0.2,25.0,9.513148795220223,19.0
int64-buffer,middle,0.2,31.6,2.8809720581775866,32.0
internal-ip,top,0.2,29.2,3.271085446759225,29.0
interpret,top,0.2,32.8,3.2710854467592254,34.0
invariant,top,0.2,38.0,6.2048368229954285,37.0
invert-kv,top,0.2,20.0,4.301162633521313,19.0
ioBroker.js-controller,bottom,0.2,32.0,2.549509756796392,32.0
ios-icon-resize,bottom,0.2,20.4,7.3006848993775915,17.0
ios-splash-generate,bottom,0.2,22.0,5.049752469181039,21.0
iostreams,bottom,0.2,21.4,5.594640292279745,18.0
ip-regex,top,0.2,29.4,4.722287581247039,29.0
ipod,bottom,0.2,24.4,6.06630035524124,25.0
iputil,bottom,0.2,29.0,4.69041575982343,30.0
is-absolute,top,0.2,24.2,2.0493901531919194,24.0
is-absolute-url,top,0.2,29.6,3.9115214431215892,29.0
is-accessor-descriptor,top,0.2,23.6,5.813776741499454,23.0
is-async-supported,middle,0.2,28.6,4.393176527297759,30.0
is-binary-path,top,0.2,30.4,5.856620185738529,27.0
is-buffer,top,0.2,27.8,3.271085446759225,26.0
is-builtin-module,top,0.2,24.0,6.670832032063167,26.0
is-ci,top,0.2,35.0,4.8476798574163285,34.0
is-class,middle,0.2,29.2,3.96232255123179,29.0
is-data-descriptor,top,0.2,27.4,3.3615472627943226,26.0
is-descriptor,top,0.2,17.0,3.5355339059327378,18.0
is-directory,top,0.2,23.6,3.2863353450309964,23.0
is-dotfile,top,0.2,26.8,8.526429498916883,24.0
is-equal-shallow,top,0.2,20.8,5.540758070878027,22.0
is-extendable,top,0.2,3.4,9.44986772394196,2.0
is-finite,top,0.2,26.4,1.949358868961793,27.0
is-fullwidth-code-point,top,0.2,21.0,2.3452078799117144,22.0
is-generator-fn,top,0.2,27.0,3.7416573867739413,28.0
is-glob,top,0.2,-22.4,2.5099800796022267,-22.0
is-invalid-path,middle,0.2,27.0,3.391164991562634,28.0
is-it-purple,bottom,0.2,31.4,6.58027355054484,29.0
is-keyword,bottom,0.2,29.4,1.949358868961793,30.0
is-localhost,bottom,0.2,34.6,3.2093613071762426,33.0
is-my-json-valid,top,0.2,22.8,3.1144823004794873,22.0
is-npm,top,0.2,23.2,4.658325879540846,21.0
is-number,top,0.2,10.4,3.361547262794322,11.0
is-obj,top,0.2,24.2,3.1937438845342623,25.0
is-odd,top,0.2,-1.0,8.602325267042627,1.0
is-online,middle,0.2,36.8,1.643167672515498,37.0
is-path-cwd,top,0.2,25.2,4.266145801540309,27.0
is-path-in-cwd,top,0.2,30.0,3.0,30.0
is-path-inside,top,0.2,26.8,3.03315017762062,27.0
is-plain-obj,top,0.2,34.4,6.066300355241242,31.0
is-primitive,top,0.2,29.4,5.029910535983716,31.0
is-regexp,top,0.2,25.0,1.8708286933869707,26.0
is-relative,top,0.2,16.8,1.7888543819998315,17.0
is-root,top,0.2,16.0,5.873670062235365,20.0
is-stream,top,0.2,25.6,6.730527468185537,24.0
is-svg,top,0.2,23.8,6.058052492344384,25.0
is-travis,middle,0.2,27.0,3.1622776601683795,28.0
is-type-of,middle,0.2,36.6,5.5497747702046425,36.0
is-typedarray,top,0.2,25.2,1.9235384061671343,26.0
is-valid-path,middle,0.2,21.4,3.2863353450309964,22.0
is-windows,top,0.2,19.0,2.449489742783178,19.0
isModule,bottom,0.2,26.0,4.527692569068709,27.0
isexe,top,0.2,24.6,4.33589667773576,24.0
iso-http,bottom,0.2,28.4,7.092249290598858,26.0
isobject,top,0.2,25.6,4.560701700396551,27.0
isomorphic-form-data,middle,0.2,29.6,2.7928480087537886,29.0
isstream,top,0.2,23.6,2.60768096208106,22.0
issuemd,bottom,0.2,24.2,1.6431676725154982,24.0
istanbul-instrumenter-loader,top,0.2,32.0,5.196152422706632,35.0
istanbul-threshold-checker,middle,0.2,32.4,3.9749213828703582,33.0
itbit,bottom,0.2,21.2,3.7682887362833544,21.0
jQuerySimpleMask,bottom,0.2,33.8,7.085195833567341,36.0
jasmine-jsonpath,bottom,0.2,24.8,5.06951674225463,26.0
jasmine-n-matchers,bottom,0.2,13.2,5.495452665613635,11.0
javascript-sdk,middle,0.2,31.0,3.8078865529319543,30.0
jekyll-meta-from-markdown,bottom,0.2,31.8,2.2803508501982757,32.0
jenny,bottom,0.2,19.8,4.868264577855235,19.0
jhipster-core,middle,0.2,23.6,5.458937625582473,21.0
jisonify,bottom,0.2,25.6,5.412947441089743,25.0
joi-assert,middle,0.2,29.6,6.8044103344816,29.0
joi-machine,bottom,0.2,25.8,3.1144823004794877,26.0
join-path,middle,0.2,20.8,3.0331501776206204,19.0
jpeg-recompress-bin,middle,0.2,20.6,6.54217089351845,18.0
jpegoptim-bin,middle,0.2,20.0,4.636809247747852,19.0
jqueue,bottom,0.2,21.0,9.40744386111339,19.0
js-commons,bottom,0.2,20.4,0.8944271909999163,20.0
js-ipld-dag-cbor,middle,0.2,36.6,4.159326868617084,35.0
js-libp2p-crypto,middle,0.2,25.8,6.870225614927068,26.0
js-m4,bottom,0.2,25.6,6.730527468185536,28.0
js-multiaddr,middle,0.2,36.2,2.3874672772626635,37.0
js-multihash,middle,0.2,31.2,3.9623225512317894,31.0
js-peer-id,middle,0.2,27.2,2.04939015319192,27.0
js-peer-info,middle,0.2,29.8,5.890670590009257,33.0
js-sha256,middle,0.2,23.4,4.505552130427524,21.0
js-symbol-tree,top,0.2,22.8,3.1144823004794877,23.0
jsdelta,bottom,0.2,27.6,4.037325847637271,26.0
jsdoccer,bottom,0.2,13.2,3.5637059362410923,11.0
jshint-reporter-bamboo,bottom,0.2,15.8,6.1400325732035,13.0
json-fling,bottom,0.2,13.2,3.8987177379235853,12.0
json-readdir-stream,bottom,0.2,29.8,4.969909455915671,29.0
json-schema-view,bottom,0.2,27.0,3.5355339059327378,28.0
json-silo,bottom,0.2,15.4,5.504543577809154,18.0
json-stringify-pretty-compact,middle,0.2,27.0,4.47213595499958,28.0
json-web-crawler,bottom,0.2,20.2,1.9235384061671341,21.0
jsonist,middle,0.2,19.2,4.658325879540846,20.0
jsos-util,bottom,0.2,20.4,4.159326868617084,22.0
jstransformer-markdown-it,middle,0.2,21.6,6.693280212272605,19.0
jthoober,bottom,0.2,15.0,6.96419413859206,11.0
jwt,middle,0.2,20.4,2.4083189157584592,19.0
jxt-atom,bottom,0.2,28.8,7.791020472312982,32.0
kardia,bottom,0.2,8.8,5.357238094391549,7.0
karma-bamboo-reporter,bottom,0.2,17.2,4.969909455915672,14.0
karma-chai-factories,bottom,0.2,27.8,5.805170109479997,25.0
karma-chai-js-factories,bottom,0.2,34.0,5.049752469181039,37.0
karma-electron,middle,0.2,28.2,3.7013511046643495,29.0
karma-gzip-preprocessor,bottom,0.2,23.8,6.1400325732035,25.0
karma-jasmine-cucumber,bottom,0.2,28.2,0.8366600265340757,28.0
karma-jasmine-jquery,middle,0.2,24.8,8.899438184514796,20.0
karma-jenkins-reporter,middle,0.2,22.6,4.505552130427524,21.0
karma-lodash-template-preprocessor,bottom,0.2,17.6,2.966479394838265,17.0
karma-ng-server-side-template2js-preprocessor,bottom,0.2,16.0,7.745966692414834,18.0
karma-nunjucks,bottom,0.2,27.8,5.357238094391549,27.0
karma-sets,bottom,0.2,27.2,7.259476565152615,24.0
karma-systemjs,middle,0.2,22.8,7.694153624668538,19.0
karma-tap-reporter,middle,0.2,22.4,1.1401754250991378,22.0
karma-webpack,top,0.2,35.4,3.7815340802378072,34.0
ketch,bottom,0.2,22.8,7.155417527999327,21.0
key-remap,bottom,0.2,26.2,4.604345773288536,27.0
keystone,bottom,0.2,34.2,5.540758070878027,34.0
kimi,bottom,0.2,17.6,7.569676347110224,16.0
kind-of,top,0.2,23.0,5.70087712549569,25.0
kindle-periodical,bottom,0.2,19.0,2.1213203435596424,19.0
kiss,bottom,0.2,35.0,5.049752469181039,33.0
kmath,bottom,0.2,24.0,9.027735042633894,20.0
kmp-matcher,bottom,0.2,31.6,4.277849927241487,33.0
knex-schema-builder,bottom,0.2,27.8,6.1400325732035,25.0
knockout-else,bottom,0.2,22.6,2.302172886644268,21.0
knowhow,bottom,0.2,25.6,3.2093613071762426,26.0
koa-barista,bottom,0.2,20.4,5.128352561983234,21.0
koa-connect,middle,0.2,24.2,3.6331804249169894,23.0
koa-helmet,middle,0.2,35.0,4.123105625617661,36.0
koa-nunjucks,bottom,0.2,22.2,3.1144823004794873,22.0
koa-passport,middle,0.2,26.4,4.722287581247038,24.0
koala,middle,0.2,21.0,5.5677643628300215,20.0
konva,middle,0.2,13.2,6.220932405998316,15.0
krampus,bottom,0.2,15.6,3.0495901363953806,15.0
lag,bottom,0.2,28.6,4.09878030638384,30.0
laravel-mix,top,0.2,26.8,4.868264577855235,28.0
lark-bootstrap,bottom,0.2,25.0,4.743416490252569,23.0
lark-log,bottom,0.2,20.2,3.492849839314596,18.0
lark-router,bottom,0.2,34.6,2.509980079602227,36.0
lark-views,bottom,0.2,27.0,6.6332495807108005,25.0
lasercat-workshop,bottom,0.2,7.4,1.3416407864998738,8.0
latest-version,top,0.2,25.2,3.420526275297414,26.0
latex-watcher,bottom,0.2,27.0,3.082207001484488,27.0
lazy-cache,top,0.2,15.8,2.2803508501982757,15.0
lcd-pcf8574,bottom,0.2,33.0,4.847679857416329,32.0
lcid,top,0.2,26.6,2.5099800796022262,27.0
led-canvas-fonts,bottom,0.2,24.2,9.093954035511725,25.0
lego-client,bottom,0.2,28.4,2.3021728866442674,29.0
leinwand,bottom,0.2,22.8,5.215361924162119,20.0
leo-platform-arduino,bottom,0.2,19.2,1.6431676725154982,18.0
less-runner,bottom,0.2,30.0,6.324555320336759,32.0
less-stream,bottom,0.2,21.4,7.987490219086343,18.0
level-fancy,bottom,0.2,20.4,5.770615218501403,22.0
level-random,bottom,0.2,23.4,4.61519230368573,22.0
level-rest,bottom,0.2,22.4,1.3416407864998734,23.0
leven,top,0.2,21.6,3.7815340802378077,23.0
levenshtein-edit-distance,middle,0.2,36.2,5.974947698515862,39.0
libphonenumber-js,middle,0.2,29.2,3.03315017762062,29.0
license-gen,bottom,0.2,21.0,2.0,21.0
licensify,middle,0.2,21.4,6.580273550544841,24.0
lightbox,bottom,0.2,30.0,2.449489742783178,29.0
line-length.js,bottom,0.2,31.4,4.827007354458868,33.0
linerstream,middle,0.2,27.8,2.7748873851023212,29.0
lines-and-columns,middle,0.2,27.4,3.049590136395381,27.0
lintspaces-cli,middle,0.2,30.8,4.658325879540847,31.0
liquid-fire,middle,0.2,28.2,4.658325879540846,29.0
load-grunt-configs,middle,0.2,21.0,1.5811388300841898,21.0
load-json-file,top,0.2,29.6,6.4265076052238514,30.0
loader-runner,top,0.2,37.0,2.0,38.0
loadjs,middle,0.2,23.4,4.277849927241488,22.0
log-symbols,top,0.2,27.8,3.3466401061363023,28.0
logbrok,bottom,0.2,25.6,18.22909761891685,14.0
loglog-server-mongodb,bottom,0.2,23.8,3.2710854467592254,24.0
longest,top,0.2,20.4,4.722287581247038,20.0
lookup-deps,bottom,0.2,16.0,5.52268050859363,16.0
loopback-component-passport,middle,0.2,19.4,7.63544366752843,16.0
loopback-connector-kafka,bottom,0.2,35.4,2.1908902300206647,36.0
loopback-phase,middle,0.2,32.4,4.979959839195493,35.0
loopback-swagger,middle,0.2,27.2,6.648308055437865,27.0
loose-envify,top,0.2,25.2,5.761944116355173,22.0
loud-rejection,top,0.2,22.8,8.167006795638168,19.0
lowercase-keys,top,0.2,25.2,3.033150177620621,26.0
lru-memoize,middle,0.2,26.8,1.9235384061671343,26.0
ls-fs,bottom,0.2,24.0,3.0,23.0
m-date-picker,middle,0.2,27.6,3.6469165057620936,29.0
m-picker,middle,0.2,26.6,3.209361307176242,27.0
m3u8downloader,bottom,0.2,18.0,3.0822070014844885,18.0
machine,middle,0.2,20.2,6.379655163094632,23.0
map-cache,top,0.2,19.0,5.1478150704935,19.0
map-obj,top,0.2,30.0,5.196152422706631,29.0
map-props,middle,0.2,14.8,4.604345773288536,14.0
map-visit,top,0.2,30.2,5.263078946776306,32.0
markdown-extensions,middle,0.2,26.2,4.919349550499537,28.0
markdown-it-abbr,middle,0.2,26.2,1.095445115010332,27.0
markdown-it-attrs,middle,0.2,22.8,5.495452665613635,22.0
markdown-it-deflist,middle,0.2,20.8,5.890670590009257,18.0
markdown-it-mark,middle,0.2,21.2,7.886697661252143,19.0
markdown-it-sup,middle,0.2,15.8,2.588435821108957,16.0
markdown-it-table-of-contents,middle,0.2,29.4,3.209361307176242,29.0
marko,middle,0.2,24.2,1.0954451150103326,24.0
match-at,middle,0.2,34.4,6.841052550594828,37.0
md5.js,top,0.2,26.8,1.9235384061671341,27.0
meanio,middle,0.2,29.2,5.630275304103699,30.0
media-typer,top,0.2,26.2,2.588435821108957,27.0
mem,top,0.2,13.2,7.886697661252142,11.0
memfs,middle,0.2,33.6,3.507135583350036,34.0
memory-fs,top,0.2,25.6,1.1401754250991376,26.0
menubar,middle,0.2,24.4,4.722287581247038,24.0
meow,top,0.2,28.4,3.7815340802378077,30.0
merge2,top,0.2,21.8,5.674504383644443,24.0
merkle-lib,middle,0.2,27.4,8.203657720797473,29.0
method-override,top,0.2,38.2,3.563705936241092,37.0
micromatch,top,0.2,-1.8,2.04939015319192,-1.0
mime-db,top,0.2,32.2,4.438468204234429,31.0
mime-types,top,0.2,45.4,7.569676347110224,47.0
mimic-fn,top,0.2,33.4,8.87693640846886,34.0
minimalistic-crypto-utils,top,0.2,29.4,5.683308895353129,29.0
mississippi,top,0.2,26.6,2.073644135332772,27.0
mixin-deep,top,0.2,18.8,2.5884358211089573,20.0
mixin-object,top,0.2,9.4,4.61519230368573,8.0
mocha-clean,middle,0.2,23.2,4.764451699828638,22.0
mocha-eslint,middle,0.2,25.4,2.6076809620810595,25.0
mocha-fivemat-progress-reporter,middle,0.2,19.2,4.868264577855234,19.0
mocha-text-cov,middle,0.2,22.0,3.6742346141747673,22.0
mocha.parallel,middle,0.2,23.8,5.540758070878027,24.0
mochawesome-report-generator,middle,0.2,18.2,2.6832815729997472,18.0
modify-babel-preset,middle,0.2,24.0,5.244044240850758,25.0
mongoose-deep-populate,middle,0.2,31.2,4.868264577855234,31.0
morgan,top,0.2,24.6,2.0736441353327724,24.0
mount-point,middle,0.2,22.6,6.54217089351845,20.0
msgpack-lite,middle,0.2,26.8,2.7748873851023212,28.0
multicast-dns,top,0.2,31.8,2.16794833886788,33.0
multicast-dns-service-types,top,0.2,31.2,1.9235384061671343,31.0
multipipe,top,0.2,23.0,1.5811388300841898,23.0
multireducer,middle,0.2,16.2,9.121403400793104,14.0
nanomatch,top,0.2,-0.2,3.271085446759225,0.0
nash,middle,0.2,22.0,5.958187643906492,18.0
nativescript-dev-webpack,middle,0.2,21.8,4.868264577855235,21.0
nativescript-hook,middle,0.2,30.4,5.594640292279745,30.0
ncname,top,0.2,24.6,6.730527468185536,23.0
neo-async,top,0.2,15.2,4.494441010848846,16.0
ngtemplate-loader,middle,0.2,17.2,1.9235384061671346,17.0
node-MarkerWithLabel,middle,0.2,30.4,3.7815340802378077,32.0
node-accept-language,bottom,0.2,29.8,3.6331804249169903,30.0
node-adif,bottom,0.2,28.0,6.324555320336759,29.0
node-ansi,bottom,0.2,12.4,3.8470768123342687,12.0
node-app-root-dir,middle,0.2,21.4,1.8165902124584952,21.0
node-app-root-path,top,0.2,30.4,5.412947441089743,30.0
node-areacodes,bottom,0.2,-3.6,5.366563145999495,-1.0
node-argx,middle,0.2,27.2,2.1679483388678804,28.0
node-artstack,bottom,0.2,22.8,5.761944116355173,21.0
node-assetmanager,middle,0.2,-2.8,4.764451699828638,-3.0
node-basecontroller-core,bottom,0.2,24.8,4.868264577855235,28.0
node-bcat,bottom,0.2,37.0,12.165525060596439,36.0
node-bcrypt-pbkdf,top,0.2,28.8,3.271085446759225,30.0
node-benchmarks,bottom,0.2,25.6,4.827007354458868,24.0
node-cmd,middle,0.2,15.2,5.019960159204453,16.0
node-comment-json,middle,0.2,16.8,3.7013511046643495,16.0
node-constant-contact,bottom,0.2,18.2,0.8366600265340757,18.0
node-cross-spawn,top,0.2,24.6,3.209361307176243,26.0
node-ddate,bottom,0.2,23.0,6.164414002968976,26.0
node-directory-tree,middle,0.2,27.8,3.114482300479487,27.0
node-dom-urls,top,0.2,21.8,8.67179335547152,24.0
node-elm-compiler,middle,0.2,28.6,9.016651263079881,29.0
node-engine-light,bottom,0.2,29.2,3.2710854467592245,29.0
node-fetch-politely,bottom,0.2,24.6,5.594640292279746,26.0
node-file-index,bottom,0.2,17.0,6.082762530298219,14.0
node-file-lookup,bottom,0.2,31.6,2.880972058177587,32.0
node-fixturify,middle,0.2,23.8,2.280350850198276,24.0
node-flipr,bottom,0.2,25.8,9.011104260855047,31.0
node-fx-runner,middle,0.2,28.4,2.1908902300206647,29.0
node-gcm-cli,bottom,0.2,25.6,4.9295030175464944,27.0
node-get-all-js-files,bottom,0.2,25.8,4.43846820423443,24.0
node-google-alerts,bottom,0.2,23.2,5.357238094391549,20.0
node-har-validator,top,0.2,28.8,5.167204273105526,28.0
node-hertz,bottom,0.2,21.4,4.277849927241488,20.0
node-homedir,middle,0.2,29.2,7.854934754662192,30.0
node-html-pdf,middle,0.2,14.6,3.0495901363953815,13.0
node-http-verror,bottom,0.2,30.0,3.4641016151377544,31.0
node-ifconfig-parser,bottom,0.2,27.8,4.438468204234429,26.0
node-inst,bottom,0.2,26.2,5.357238094391549,29.0
node-jl,bottom,0.2,27.4,5.9833101206606365,30.0
node-jscrap,bottom,0.2,20.6,2.6076809620810595,19.0
node-json-rest-client,bottom,0.2,28.8,2.6832815729997477,30.0
node-jwks-rsa,middle,0.2,29.4,7.6681158050723255,33.0
node-klaw,top,0.2,22.8,1.30384048104053,23.0
node-language-detect-exec,bottom,0.2,31.6,2.8809720581775866,31.0
node-language-detect-spawn,bottom,0.2,26.2,6.300793600809346,24.0
node-language-exec,bottom,0.2,21.8,3.1937438845342623,21.0
node-language-spawn,bottom,0.2,23.4,3.7815340802378072,22.0
node-lazy-api,bottom,0.2,24.2,5.449770637375485,25.0
node-lei-routes-sort,bottom,0.2,29.4,7.765307463326871,29.0
node-lintspaces,middle,0.2,29.4,1.51657508881031,29.0
node-local-config,bottom,0.2,19.6,2.4083189157584584,19.0
node-logentries-retrieving-log,bottom,0.2,23.8,5.263078946776307,21.0
node-logify,bottom,0.2,29.2,3.1144823004794877,29.0
node-lru-cache-cluster,bottom,0.2,32.2,4.207136793592526,31.0
node-macaddress,top,0.2,19.4,1.8165902124584954,19.0
node-manage-path,middle,0.2,22.8,3.8340579025361627,22.0
node-multispinner,middle,0.2,15.0,3.5355339059327378,14.0
node-os,middle,0.2,25.8,6.978538528947161,25.0
node-parse-numeric-range,middle,0.2,31.2,3.271085446759225,32.0
node-pn,top,0.2,23.0,2.345207879911715,22.0
node-rand-token,middle,0.2,29.8,8.07465169527454,35.0
node-sshpk,top,0.2,28.4,5.89915248150105,29.0
node-test-runner,middle,0.2,23.0,7.0710678118654755,26.0
node-tmp-sync,middle,0.2,20.6,2.3021728866442683,21.0
node-url,top,0.2,19.2,3.114482300479487,18.0
nodejs-depd,top,0.2,30.4,7.162401831787993,30.0
nodejs-driver,middle,0.2,32.6,9.016651263079881,29.0
nodejs-fluent-validator,bottom,0.2,37.4,5.504543577809153,37.0
nodejs-is-writable-stream,bottom,0.2,28.4,3.646916505762094,30.0
normalize-newline,middle,0.2,23.6,3.435112807463533,25.0
normalize-path,top,0.2,22.6,3.646916505762094,23.0
normalize-range,top,0.2,20.0,6.442049363362563,21.0
normalize-url,top,0.2,40.6,7.829431652425353,42.0
npm-installer,middle,0.2,27.2,1.3038404810405297,28.0
npm-name,middle,0.2,22.0,2.5495097567963922,22.0
npm-prepublish,middle,0.2,21.4,5.856620185738529,21.0
npm-run-path,top,0.2,27.0,5.244044240850758,27.0
npm-utils,middle,0.2,18.6,1.8165902124584945,18.0
npmi,middle,0.2,17.8,7.293833011524188,18.0
nth-check,top,0.2,28.8,5.403702434442518,27.0
num2fraction,top,0.2,24.4,5.504543577809153,28.0
number-is-nan,top,0.2,30.4,5.727128425310542,30.0
nyc,top,0.2,31.8,3.3466401061363023,32.0
object-assign,top,0.2,37.8,2.9495762407505253,37.0
object-hash,top,0.2,30.6,3.2093613071762426,31.0
object-visit,top,0.2,28.4,4.159326868617084,29.0
object.assign,top,0.2,37.4,7.402702209328699,38.0
object.defaults,top,0.2,23.8,8.843076387773658,24.0
object.omit,top,0.2,25.2,4.024922359499621,23.0
object.pick,top,0.2,17.2,6.6105975524153635,19.0
on-headers,top,0.2,28.8,1.4832396974191324,29.0
opt-cli,middle,0.2,19.2,6.016643582596529,21.0
opt-merger,middle,0.2,25.2,7.259476565152615,26.0
optimize-css-assets-webpack-plugin,top,0.2,21.0,4.415880433163924,20.0
original,top,0.2,10.6,4.09878030638384,11.0
os-homedir,top,0.2,31.6,7.503332592921629,31.0
os-locale,top,0.2,29.4,5.224940191045253,29.0
output-file-sync,top,0.2,28.4,4.722287581247039,28.0
package-deps,middle,0.2,20.8,5.761944116355173,21.0
package-json,top,0.2,24.4,3.7815340802378072,22.0
package-json-versionify,middle,0.2,14.6,4.979959839195493,11.0
pako,top,0.2,22.6,2.073644135332772,22.0
pal,middle,0.2,26.0,5.5677643628300215,27.0
parse-filepath,top,0.2,20.0,2.1213203435596424,20.0
parse-gitignore,middle,0.2,18.2,6.496152707564686,20.0
parse-json,top,0.2,28.0,3.082207001484488,29.0
parse-mongo-url,middle,0.2,32.6,3.130495168499705,31.0
parse-torrent,middle,0.2,32.2,1.7888543819998322,31.0
parse-unit,middle,0.2,33.8,5.540758070878026,33.0
parseurl,top,0.2,34.6,3.361547262794322,34.0
partialify,middle,0.2,24.0,7.483314773547883,22.0
particles.js,middle,0.2,29.0,4.06201920231798,29.0
path-exists,top,0.2,27.8,5.585696017507577,29.0
path-is-absolute,top,0.2,28.0,2.5495097567963927,28.0
path-key,top,0.2,30.0,6.4031242374328485,31.0
path-loader,middle,0.2,23.2,2.6832815729997477,23.0
path-parse,top,0.2,37.4,3.209361307176243,36.0
path-type,top,0.2,20.6,6.58027355054484,18.0
pbkdf2,top,0.2,25.6,3.7815340802378072,25.0
peek-stream,middle,0.2,28.8,5.449770637375485,30.0
perfectionist,middle,0.2,34.8,6.648308055437863,37.0
phridge,middle,0.2,28.8,8.700574693662482,27.0
pify,top,0.2,23.8,0.8366600265340757,24.0
pkg-dir,top,0.2,28.8,2.280350850198276,29.0
pkg-up,top,0.2,30.6,2.4083189157584592,30.0
plexer,middle,0.2,24.8,7.429670248402684,22.0
plugin-host-resize,bottom,0.2,26.2,4.868264577855234,29.0
point-geometry,middle,0.2,29.4,6.188699378706322,32.0
postcss-calc,top,0.2,25.8,1.6431676725154982,27.0
postcss-css-variables,middle,0.2,22.6,4.03732584763727,23.0
postcss-custom-media,top,0.2,26.0,7.176350047203662,29.0
postcss-custom-properties,top,0.2,32.8,2.489979919597747,33.0
postcss-custom-selectors,top,0.2,26.0,4.847679857416329,24.0
postcss-devtools,middle,0.2,23.4,6.655824516917495,26.0
postcss-easings,middle,0.2,18.8,2.7748873851023212,18.0
postcss-filter-plugins,top,0.2,27.2,5.630275304103699,28.0
postcss-font-variant,top,0.2,13.6,4.669047011971501,15.0
postcss-functions,middle,0.2,22.6,3.2093613071762426,21.0
postcss-import,top,0.2,27.4,6.54217089351845,27.0
postcss-initial,top,0.2,28.4,5.5497747702046425,30.0
postcss-inline-svg,middle,0.2,26.4,2.60768096208106,26.0
postcss-media-minmax,top,0.2,30.4,1.1401754250991378,30.0
postcss-message-helpers,top,0.2,23.2,6.1400325732035,20.0
postcss-modules-local-by-default,top,0.2,27.0,4.743416490252569,25.0
postcss-modules-scope,top,0.2,22.4,5.504543577809154,25.0
postcss-modules-values,top,0.2,28.6,3.4351128074635335,30.0
postcss-opacity,middle,0.2,20.8,7.19027120489902,22.0
postcss-parser-tests,middle,0.2,24.4,4.827007354458868,22.0
postcss-prefix-selector,middle,0.2,23.4,4.03732584763727,24.0
postcss-selector-matches,top,0.2,16.4,5.176871642217914,19.0
postcss-selector-not,top,0.2,8.0,6.519202405202649,5.0
postcss-selector-parser,top,0.2,21.4,4.878524367060187,22.0
postcss-value-parser,top,0.2,34.8,4.764451699828639,34.0
prebuild,middle,0.2,10.0,2.6457513110645907,9.0
prepend-http,top,0.2,24.4,3.7815340802378072,23.0
prepush,middle,0.2,22.2,3.7013511046643495,23.0
preserve,top,0.2,16.2,5.449770637375485,15.0
prettier,top,0.2,23.6,1.51657508881031,24.0
pretty-bytes,top,0.2,31.4,4.722287581247038,33.0
process-nextick-args,top,0.2,37.2,3.1144823004794877,36.0
prom-client,middle,0.2,30.6,2.5099800796022262,31.0
promises-es6,middle,0.2,23.0,6.59545297913646,25.0
prompt-sync,middle,0.2,34.4,4.159326868617083,36.0
prop-types,top,0.2,24.8,2.4899799195977463,25.0
protractor-jasmine2-screenshot-reporter,middle,0.2,19.6,4.774934554525329,19.0
proxy-addr,top,0.2,36.2,1.3038404810405297,36.0
pseudomap,top,0.2,32.2,4.816637831516918,31.0
publicEncrypt,top,0.2,35.4,6.841052550594828,34.0
pug-cli,middle,0.2,31.0,1.8708286933869709,31.0
pumpify,top,0.2,23.4,6.024948132556828,26.0
purifycss,middle,0.2,29.8,5.805170109479997,33.0
purifycss-webpack,middle,0.2,33.4,3.577708763999663,33.0
pushdata-bitcoin,middle,0.2,29.4,1.6733200530681507,29.0
python-shell,middle,0.2,26.8,5.630275304103699,26.0
qs,top,0.2,30.4,2.1908902300206647,31.0
querystringify,top,0.2,29.8,4.207136793592526,31.0
queue-anim,middle,0.2,28.2,4.604345773288535,29.0
random-item,middle,0.2,25.0,3.0822070014844885,25.0
randomatic,top,0.2,8.0,4.183300132670378,6.0
randombytes,top,0.2,29.8,5.310367218940701,28.0
rc-config-loader,middle,0.2,31.8,4.08656334834051,31.0
reInterval,middle,0.2,29.0,9.40744386111339,25.0
react-a11y,middle,0.2,20.0,5.385164807134504,19.0
react-beautiful-dnd,middle,0.2,14.4,5.549774770204643,11.0
react-burger-menu,middle,0.2,6.4,6.4265076052238514,3.0
react-click-outside,middle,0.2,31.6,4.159326868617084,31.0
react-collapse,middle,0.2,19.4,2.7018512172212588,20.0
react-component-gulp-tasks,middle,0.2,16.6,5.079370039680118,16.0
react-dock,middle,0.2,27.2,5.540758070878027,28.0
react-dropdown,middle,0.2,25.4,1.6733200530681516,25.0
react-flexbox-grid,middle,0.2,20.0,1.4142135623730951,21.0
react-flip-move,middle,0.2,23.2,2.4899799195977463,25.0
react-grid-layout,middle,0.2,22.8,2.588435821108957,22.0
react-group,middle,0.2,25.2,7.52994023880668,24.0
react-highcharts,middle,0.2,23.0,4.795831523312719,20.0
react-highlight,middle,0.2,27.6,6.6932802122726045,29.0
react-hot-loader,top,0.2,20.0,6.123724356957945,20.0
react-inline-css,middle,0.2,22.0,4.949747468305833,22.0
react-masonry-component,middle,0.2,23.8,6.610597552415364,26.0
react-moment-proptypes,middle,0.2,25.4,6.18869937870632,23.0
react-mounter,middle,0.2,20.6,2.509980079602227,20.0
react-native-collapsible,middle,0.2,21.8,5.357238094391549,24.0
react-native-modalbox,middle,0.2,34.4,6.580273550544841,31.0
react-native-navbar,middle,0.2,27.6,4.219004621945797,29.0
react-native-progress,middle,0.2,28.0,3.24037034920393,26.0
react-native-side-menu,middle,0.2,29.6,7.829431652425353,31.0
react-notification-system,middle,0.2,23.6,3.8470768123342696,24.0
react-paginate,middle,0.2,25.4,4.39317652729776,25.0
react-quill,middle,0.2,22.6,7.021395872616783,20.0
react-redux,top,0.2,31.8,4.604345773288536,30.0
react-resizable,middle,0.2,22.6,3.3615472627943217,22.0
react-responsive-carousel,middle,0.2,25.8,5.357238094391549,27.0
react-scrolllock,middle,0.2,26.0,5.70087712549569,28.0
react-share,middle,0.2,32.8,3.7013511046643504,32.0
react-sidebar,middle,0.2,31.4,2.701851217221259,31.0
react-static-container,middle,0.2,27.0,9.40744386111339,31.0
react-sticky,middle,0.2,25.6,4.393176527297759,27.0
react-svg-loader,middle,0.2,20.4,4.39317652729776,22.0
react-toggle,middle,0.2,24.4,4.159326868617084,25.0
react-with-styles,middle,0.2,25.8,3.420526275297414,26.0
read-file,middle,0.2,13.2,6.058052492344384,12.0
read-pkg,top,0.2,38.2,5.630275304103699,40.0
read-pkg-up,top,0.2,32.2,2.16794833886788,33.0
read-yaml,middle,0.2,17.8,2.1679483388678795,19.0
rechoir,top,0.2,34.8,2.949576240750525,35.0
redent,top,0.2,30.6,1.1401754250991378,31.0
reduce-css-calc,top,0.2,29.4,6.268971207462992,33.0
reduce-function-call,top,0.2,23.8,7.463243262818116,24.0
redux,top,0.2,29.2,1.7888543819998315,28.0
redux-auth-wrapper,middle,0.2,25.8,5.118593556827891,25.0
redux-devtools-themes,middle,0.2,20.2,2.7748873851023212,20.0
redux-localstorage,middle,0.2,20.4,6.465291950097845,23.0
redux-thunk,top,0.2,28.0,3.7416573867739418,27.0
redux-undo,middle,0.2,24.2,3.1937438845342627,24.0
regex-cache,top,0.2,7.8,4.494441010848846,10.0
regextras,middle,0.2,24.8,6.220932405998316,22.0
registry-url,top,0.2,26.8,2.7748873851023217,27.0
regjsgen,top,0.2,29.4,2.073644135332772,29.0
relateurl,top,0.2,26.6,3.9115214431215892,27.0
relative,middle,0.2,-3.2,3.3466401061363023,-3.0
remote-form,bottom,0.2,27.8,3.6331804249169894,28.0
remove-markdown,middle,0.2,27.2,4.147288270665544,27.0
repeat-element,top,0.2,25.8,1.643167672515498,25.0
repeat-string,top,0.2,15.4,2.4083189157584592,16.0
repeating,top,0.2,27.0,3.082207001484488,28.0
replace-ext,top,0.2,31.2,4.868264577855234,32.0
require-from-string,top,0.2,38.4,5.319774431308155,38.0
require-in-the-middle,middle,0.2,25.0,2.6457513110645907,24.0
requires-port,top,0.2,27.6,3.9115214431215892,30.0
resolve-cwd,top,0.2,33.0,3.082207001484488,31.0
resolve-dir,top,0.2,21.6,6.148170459575759,19.0
resolve-from,top,0.2,28.6,2.6076809620810595,29.0
resolve-protobuf-schema,middle,0.2,19.8,6.723094525588644,15.0
resource-loader,middle,0.2,27.0,4.527692569068709,29.0
restore-cursor,top,0.2,33.6,4.615192303685729,32.0
rethinkdbdash,middle,0.2,24.8,6.978538528947161,22.0
rev-del,middle,0.2,28.8,5.761944116355173,26.0
rework-plugin-function,middle,0.2,24.4,2.701851217221259,24.0
rework-plugin-url,middle,0.2,20.2,5.630275304103699,19.0
right-align,top,0.2,22.6,5.128352561983235,22.0
ripple,middle,0.2,16.8,5.263078946776307,19.0
rollup,top,0.2,32.0,7.3484692283495345,36.0
rollup-plugin-babel-minify,middle,0.2,20.4,4.722287581247038,18.0
rollup-plugin-bundle-size,middle,0.2,18.6,5.5497747702046425,16.0
rollup-plugin-istanbul,middle,0.2,24.0,7.648529270389178,23.0
rollup-plugin-multi-entry,middle,0.2,29.0,7.176350047203662,32.0
rollup-plugin-node-resolve,top,0.2,21.4,5.9833101206606365,23.0
router,middle,0.2,28.0,8.631338250816034,25.0
rss,bottom,0.2,28.8,3.898717737923586,27.0
rtl-detect,middle,0.2,30.2,3.7682887362833544,28.0
run-applescript,middle,0.2,31.4,3.7815340802378072,31.0
run-auto,middle,0.2,30.4,4.219004621945797,29.0
run-sequence,top,0.2,21.2,1.4832396974191324,21.0
safe-buffer,top,0.2,38.2,3.898717737923585,38.0
sane,top,0.2,14.6,2.1908902300206647,15.0
sass-graph,top,0.2,26.2,1.7888543819998315,26.0
scss-tokenizer,top,0.2,25.0,5.291502622129181,26.0
semver-diff,top,0.2,26.8,6.1400325732035,28.0
sequence,middle,0.2,16.2,5.848076606885378,16.0
serialize-javascript,top,0.2,32.2,4.207136793592526,34.0
serve-favicon,top,0.2,27.4,0.5477225575051664,27.0
serve-index,top,0.2,30.0,7.582875444051551,31.0
serve-static,top,0.2,31.0,9.924716620639604,26.0
session,top,0.2,27.8,8.105553651663778,31.0
session-file-store,middle,0.2,22.4,3.6469165057620945,24.0
set-immediate-shim,top,0.2,29.4,5.366563145999495,29.0
set-value,top,0.2,31.2,3.5637059362410923,31.0
setprototypeof,top,0.2,33.2,3.114482300479487,34.0
shady-css-parser,middle,0.2,32.8,9.121403400793103,38.0
shallow-clone,top,0.2,27.2,2.949576240750525,28.0
shebang-command,top,0.2,32.0,3.391164991562634,32.0
shebang-regex,top,0.2,32.4,2.9664793948382653,32.0
shiro-trie,middle,0.2,18.4,2.6076809620810595,17.0
should.js,top,0.2,24.4,7.021395872616784,26.0
signal-exit,top,0.2,30.6,2.1908902300206647,32.0
simctl,middle,0.2,28.2,4.816637831516918,27.0
simple-sha1,middle,0.2,23.8,5.890670590009257,21.0
slack-bot-api,middle,0.2,23.8,2.1679483388678804,24.0
slice-ansi,top,0.2,29.0,6.244997998398398,28.0
snapdragon,top,0.2,29.0,3.9370039370059056,29.0
snapdragon-util,top,0.2,30.0,2.0000000000000004,31.0
socket.io-adapter,top,0.2,37.4,4.722287581247039,35.0
sort-by,middle,0.2,19.8,2.7748873851023217,19.0
sort-keys,top,0.2,31.4,3.286335345030997,32.0
source-list-map,top,0.2,31.4,2.302172886644268,31.0
source-map-resolve,top,0.2,31.4,5.458937625582473,30.0
source-map-url,top,0.2,31.4,3.2093613071762426,31.0
spdx-correct.js,top,0.2,29.8,9.338094023943002,30.0
spdx-expression-parse.js,top,0.2,35.0,2.9154759474226495,34.0
spdx-license-ids,top,0.2,26.2,2.7748873851023212,27.0
spdx-license-list,middle,0.2,29.0,5.1478150704935,31.0
spdy-transport,top,0.2,24.2,6.300793600809346,26.0
split-string,top,0.2,28.6,4.33589667773576,29.0
spotify-web-api-node,middle,0.2,32.4,3.577708763999664,32.0
stack-utils,top,0.2,31.0,3.7416573867739418,33.0
stackframe,top,0.2,30.4,4.722287581247038,30.0
standard,top,0.2,24.8,3.96232255123179,25.0
standard-format,middle,0.2,27.8,5.718391382198319,28.0
statuses,top,0.2,36.2,2.1679483388678804,35.0
stdout-stream,top,0.2,29.4,6.767569726275452,26.0
stealthy-require,top,0.2,32.6,3.9749213828703582,32.0
stream-assert,middle,0.2,26.2,7.981227975693966,26.0
stream-each,top,0.2,30.8,4.43846820423443,29.0
stream-http,top,0.2,33.6,3.286335345030997,33.0
stream-shift,top,0.2,31.4,4.098780306383839,31.0
stream-to-promise,middle,0.2,24.6,3.286335345030997,24.0
strict-uri-encode,top,0.2,30.8,4.604345773288534,32.0
string-length,top,0.2,16.4,8.294576541331088,13.0
string-width,top,0.2,23.2,2.5884358211089564,24.0
strip-bom,top,0.2,29.6,5.941380311005179,30.0
strip-comments,top,0.2,23.4,1.51657508881031,23.0
strip-indent,top,0.2,25.2,6.723094525588644,25.0
strong-globalize,middle,0.2,-12.4,5.319774431308154,-11.0
superagent-promise,middle,0.2,22.2,1.9235384061671341,23.0
svg4everybody,middle,0.2,32.4,4.8270073544588685,32.0
swagger-jsdoc,middle,0.2,25.0,8.093207028119323,26.0
table,top,0.2,28.2,4.43846820423443,29.0
tacks,middle,0.2,28.0,7.14142842854285,31.0
teamwork,middle,0.2,18.8,1.4832396974191326,19.0
telegraf,middle,0.2,28.6,4.159326868617084,29.0
template-html-loader,middle,0.2,26.8,4.969909455915671,26.0
templating-resources,middle,0.2,15.4,6.387487769068525,17.0
test-exclude,top,0.2,36.4,4.335896677735761,37.0
testing,middle,0.2,1.0,2.449489742783178,2.0
thorJS-builder,bottom,0.2,22.4,4.277849927241487,24.0
throng,middle,0.2,28.0,4.358898943540674,29.0
time-stamp,top,0.2,16.0,6.164414002968976,18.0
titleize,middle,0.2,23.0,7.0,20.0
to-arraybuffer,top,0.2,31.6,3.8470768123342687,32.0
to-fast-properties,top,0.2,26.2,5.495452665613635,27.0
to-ico,middle,0.2,25.4,2.880972058177586,26.0
to-object-path,top,0.2,25.8,5.495452665613635,29.0
to-regex-range,top,0.2,1.8,3.271085446759225,3.0
toml-require,middle,0.2,25.6,4.774934554525329,26.0
top-gh-contribs,middle,0.2,15.0,4.183300132670378,17.0
topo,top,0.2,30.2,7.726577508832744,33.0
toxic,middle,0.2,25.2,6.833739825307955,25.0
transliteration,middle,0.2,21.0,3.082207001484488,23.0
trash-cli,middle,0.2,28.8,7.395944834840239,27.0
trim-newlines,top,0.2,24.2,6.058052492344384,25.0
try-require,middle,0.2,32.4,4.03732584763727,33.0
tslint-ionic-rules,middle,0.2,23.6,3.2093613071762426,24.0
tween-one,middle,0.2,29.8,2.949576240750525,30.0
tweetnacl-js,top,0.2,37.6,3.974921382870357,39.0
uglifyjs-webpack-plugin,top,0.2,25.0,7.176350047203662,23.0
unassert,middle,0.2,20.8,7.563068160475615,17.0
unassertify,middle,0.2,12.4,3.209361307176243,11.0
unc-path-regex,top,0.2,6.0,4.898979485566356,4.0
underscore-template-loader,middle,0.2,31.4,1.949358868961793,32.0
unescape-js,middle,0.2,29.2,2.280350850198276,29.0
union-value,top,0.2,16.2,4.494441010848846,16.0
uniqid,top,0.2,28.2,1.9235384061671346,28.0
uniqs,top,0.2,27.4,6.58027355054484,24.0
unit-coverage,middle,0.2,21.8,3.3466401061363023,23.0
unit.js,middle,0.2,2.0,3.0,3.0
universal-router,middle,0.2,25.8,3.5637059362410923,25.0
unset-value,top,0.2,26.6,4.393176527297759,26.0
url-parse,top,0.2,31.6,5.458937625582473,30.0
url-parse-lax,top,0.2,33.6,3.361547262794322,33.0
url-slug,middle,0.2,24.2,5.118593556827891,25.0
use,top,0.2,20.4,6.06630035524124,17.0
utfstring,middle,0.2,20.6,1.51657508881031,21.0
util-deprecate,top,0.2,29.8,1.6431676725154982,31.0
v8flags,top,0.2,29.2,2.16794833886788,28.0
validate-npm-package-license.js,top,0.2,22.0,4.183300132670378,21.0
validate-npm-package-name,top,0.2,28.4,1.5165750888103104,28.0
varuint-bitcoin,middle,0.2,24.8,1.3038404810405297,25.0
vary,top,0.2,28.8,3.271085446759225,30.0
vector-tile-js,middle,0.2,32.4,2.4083189157584584,31.0
verb-tag-jscomments,middle,0.2,12.6,3.7815340802378077,12.0
versionify,middle,0.2,23.6,5.272570530585627,22.0
verup,middle,0.2,20.2,5.540758070878027,18.0
vinyl-source-stream,top,0.2,27.8,6.906518659932803,26.0
vizion,middle,0.2,26.6,4.722287581247038,25.0
void-elements,top,0.2,32.6,2.60768096208106,33.0
vue-component-compiler,middle,0.2,20.8,6.833739825307955,18.0
vue-hot-reload-api,top,0.2,23.4,2.6076809620810595,25.0
vue-loader,top,0.2,30.2,3.8987177379235853,29.0
vue-moment,middle,0.2,24.0,7.416198487095663,21.0
vue-touch,middle,0.2,27.2,3.96232255123179,26.0
vuex-i18n,middle,0.2,24.4,5.594640292279746,27.0
vuvuzela,middle,0.2,26.6,4.219004621945797,25.0
vux-loader,middle,0.2,30.6,5.9833101206606365,32.0
wangEditor,middle,0.2,28.4,4.335896677735761,28.0
warning,top,0.2,23.8,4.266145801540309,22.0
watchpack,top,0.2,31.6,3.8470768123342687,31.0
web-resource-inliner,middle,0.2,30.6,3.0495901363953815,31.0
webidl-conversions,top,0.2,28.6,8.44393273303382,31.0
webidl2js,middle,0.2,29.2,1.6431676725154982,28.0
webpack-bundle-analyzer,top,0.2,20.4,5.770615218501403,18.0
webpack-cleanup-plugin,middle,0.2,27.4,2.073644135332772,28.0
webpack-hot-middleware,top,0.2,25.0,1.58113883008419,25.0
webpack-manifest-plugin,top,0.2,32.6,2.607680962081059,32.0
webpack-merge,top,0.2,30.6,1.9493588689617927,30.0
webpack-middleware,middle,0.2,26.8,8.438009243891594,30.0
webpack-sources,top,0.2,35.0,3.391164991562634,35.0
webpack-subresource-integrity,top,0.2,23.2,5.540758070878027,21.0
websocket-extensions-node,top,0.2,25.4,5.224940191045253,25.0
whatwg-url,top,0.2,27.4,7.402702209328699,27.0
widest-line,top,0.2,15.0,2.5495097567963922,15.0
wif,middle,0.2,28.6,3.361547262794322,29.0
window-size,top,0.2,14.6,5.941380311005179,13.0
wrap-ansi,top,0.2,31.8,1.4832396974191326,32.0
wrappy,top,0.2,32.4,3.911521443121589,32.0
write,top,0.2,6.8,3.492849839314596,5.0
write-file-atomic,top,0.2,37.8,2.6832815729997477,39.0
xdg-basedir,top,0.2,34.2,1.9235384061671343,35.0
xdg-trashdir,middle,0.2,31.8,7.395944834840239,32.0
xml-char-classes,top,0.2,22.0,8.74642784226795,22.0
xml-name-validator,top,0.2,26.6,4.159326868617084,29.0
y18n,top,0.2,24.0,9.16515138991168,25.0
yallist,top,0.2,31.8,4.919349550499537,30.0
yargonaut,middle,0.2,17.8,4.266145801540309,18.0
yargs-parser,top,0.2,27.4,4.722287581247039,25.0
yauzl,top,0.2,26.2,5.019960159204453,26.0
yeast,top,0.2,23.0,4.795831523312719,26.0
yn,top,0.2,30.4,3.646916505762094,30.0
zopflipng-bin,middle,0.2,22.6,3.714835124201342,20.0
1rm.js,bottom,0.4,19.6,7.956129712366434,19.0
2048term,bottom,0.4,36.2,5.630275304103698,37.0
2fa,bottom,0.4,14.6,3.361547262794322,14.0
301-node,bottom,0.4,27.2,9.418067742376884,32.0
531.js,bottom,0.4,19.0,3.3911649915626336,19.0
BaseCRM,bottom,0.4,23.0,1.58113883008419,23.0
Commando,middle,0.4,27.6,4.560701700396552,29.0
CrawlerX,bottom,0.4,22.2,5.357238094391549,22.0
Cruiser,bottom,0.4,14.2,2.16794833886788,14.0
Dexie.js,middle,0.4,28.8,7.981227975693966,32.0
ESB-node-driver,bottom,0.4,30.0,6.6332495807108005,28.0
F.js,bottom,0.4,17.4,7.231873892705818,22.0
FileBufferReader,bottom,0.4,16.4,6.107372593840988,19.0
Fritbot,bottom,0.4,23.4,3.6469165057620936,22.0
IVS.js,bottom,0.4,16.4,2.0736441353327724,16.0
ImageServer,bottom,0.4,14.8,1.7888543819998317,15.0
Imager.jsx,bottom,0.4,22.0,7.842193570679061,27.0
Leaflet.MapboxVectorTile,bottom,0.4,28.0,4.415880433163924,29.0
Leaflet.timeline,bottom,0.4,24.8,3.420526275297414,26.0
MetaScript,middle,0.4,13.0,3.3166247903554,12.0
Node.CLI-Progress,middle,0.4,27.8,3.2710854467592245,29.0
Object.values,top,0.4,21.8,1.7888543819998315,21.0
OwlCarousel2,middle,0.4,23.8,3.8987177379235853,25.0
RegExp.prototype.flags,top,0.4,31.0,7.416198487095664,35.0
StackBlur,middle,0.4,34.4,2.190890230020665,35.0
String.prototype.trimLeft,top,0.4,25.0,1.8708286933869707,25.0
String.prototype.trimRight,top,0.4,28.2,3.7013511046643495,27.0
Validator,middle,0.4,26.8,2.8635642126552705,27.0
ab-testing,bottom,0.4,26.8,5.805170109479997,24.0
abab,top,0.4,23.2,4.658325879540846,24.0
abstract-logging,middle,0.4,33.4,2.5099800796022262,34.0
absync,bottom,0.4,20.6,6.4265076052238514,17.0
accessory,middle,0.4,22.2,7.12039324756716,27.0
ace,middle,0.4,21.4,6.18869937870632,23.0
acorn-globals,top,0.4,27.6,1.9493588689617924,27.0
acqua,bottom,0.4,16.8,3.271085446759225,18.0
actions-on-google-nodejs,middle,0.4,24.2,5.06951674225463,24.0
activity-streams.js,bottom,0.4,18.0,7.483314773547883,20.0
add-func-name,bottom,0.4,20.4,2.880972058177586,22.0
afinn-96,bottom,0.4,28.2,8.34865258589672,32.0
aflow.js,bottom,0.4,27.8,6.534523701081817,25.0
airtight-css-lint,bottom,0.4,19.0,4.301162633521313,19.0
alchemist-hsl,bottom,0.4,27.8,5.718391382198319,29.0
algolia-webcrawler,bottom,0.4,18.6,7.829431652425353,19.0
algoliasearch-helper-js,middle,0.4,27.0,4.358898943540674,28.0
align-text,top,0.4,27.8,5.585696017507577,30.0
alphanum-sort,top,0.4,30.6,8.049844718999243,31.0
ampersand-date-view,bottom,0.4,24.0,4.949747468305833,24.0
ampersand-model-patch-mixin,bottom,0.4,23.2,6.1400325732035,26.0
ampersand-radio-view,bottom,0.4,24.2,5.167204273105526,23.0
ampersand-sync-localforage,bottom,0.4,28.8,3.492849839314596,27.0
amqp.channel,bottom,0.4,25.6,3.974921382870358,27.0
anchor,bottom,0.4,27.6,6.985699678629192,28.0
angular-chart.js,middle,0.4,22.0,8.215838362577491,19.0
angular-directive-boilerplate,bottom,0.4,25.8,7.08519583356734,22.0
angular-integer,bottom,0.4,28.4,7.569676347110225,32.0
angular-names,bottom,0.4,20.0,4.69041575982343,18.0
angular-nl2br,bottom,0.4,16.2,3.7682887362833544,16.0
angular-router-loader,middle,0.4,24.8,5.540758070878028,27.0
angular-sockjs,bottom,0.4,29.2,5.890670590009257,30.0
angular-text-toggle,bottom,0.4,24.2,6.099180272790763,27.0
angular-ziptastic,bottom,0.4,20.4,4.61519230368573,19.0
animator-css,middle,0.4,20.8,8.043631020876083,23.0
ansi-colors,top,0.4,-5.0,2.5495097567963922,-5.0
ansi-escapes,top,0.4,30.0,3.082207001484488,30.0
ansi-html,top,0.4,19.0,7.3824115301167,17.0
ansi-regex,top,0.4,28.6,4.39317652729776,27.0
ansi-wrap,top,0.4,19.0,2.8284271247461903,19.0
any-promise,top,0.4,36.8,1.3038404810405297,36.0
aos,middle,0.4,31.8,4.08656334834051,31.0
apimock-middleware,bottom,0.4,27.8,5.310367218940701,26.0
apostrophe-facebook,bottom,0.4,11.4,0.8944271909999157,11.0
appcache-webpack-plugin,middle,0.4,19.0,3.2403703492039306,19.0
append-transform,top,0.4,32.0,3.9370039370059056,32.0
aproba,top,0.4,25.4,3.9749213828703582,26.0
arangojs-extended,bottom,0.4,27.4,9.864076236526156,28.0
arpisea,bottom,0.4,14.4,9.939818911831342,18.0
arr-diff,top,0.4,20.0,3.9999999999999996,19.0
arr-flatten,top,0.4,16.0,2.9154759474226504,15.0
array-differ,top,0.4,18.8,4.604345773288535,20.0
array-fill,bottom,0.4,25.8,4.549725266430931,25.0
array-find-index,top,0.4,32.6,6.024948132556827,32.0
array-flatten,top,0.4,26.4,4.277849927241487,24.0
array-slice,top,0.4,14.8,3.03315017762062,17.0
array-union,top,0.4,20.8,7.694153624668538,22.0
array-uniq,top,0.4,25.8,7.791020472312982,29.0
array-unique,top,0.4,15.0,4.795831523312719,12.0
arraybuffer.slice,top,0.4,24.6,6.6558245169174945,21.0
arrayof,bottom,0.4,24.6,7.700649323271382,27.0
arrify,top,0.4,33.0,5.338539126015656,34.0
asapi,bottom,0.4,26.4,5.594640292279745,26.0
asorted,bottom,0.4,23.8,6.220932405998316,24.0
ass-to-vtt,bottom,0.4,17.6,5.272570530585627,17.0
assert-http,bottom,0.4,25.0,4.58257569495584,25.0
asset-inliner,bottom,0.4,20.6,6.8044103344816005,21.0
assetment,bottom,0.4,20.0,3.6742346141747673,21.0
assets-bower-ci,bottom,0.4,19.8,2.6832815729997477,21.0
assign-deep,middle,0.4,21.2,6.610597552415364,22.0
assign-symbols,top,0.4,-5.8,3.5637059362410923,-6.0
ast-types-flow,top,0.4,30.2,6.300793600809345,33.0
async-each-series,top,0.4,33.2,5.848076606885378,33.0
atoa,middle,0.4,21.6,11.588787684654509,18.0
atool-build,middle,0.4,33.0,5.244044240850759,32.0
attrition,bottom,0.4,15.0,6.782329983125268,17.0
auto-changelog,middle,0.4,19.0,2.3452078799117144,20.0
auto-generate,bottom,0.4,20.6,4.335896677735761,22.0
autod-egg,middle,0.4,25.2,5.449770637375485,23.0
autorecordmic,bottom,0.4,21.2,7.19027120489902,23.0
avprober,bottom,0.4,25.8,7.328028384224505,24.0
aws-billing,bottom,0.4,12.8,1.0954451150103324,12.0
aws-instances,bottom,0.4,17.0,6.855654600401044,14.0
axios,top,0.4,27.8,3.96232255123179,28.0
babel-loader,top,0.4,30.8,7.463243262818116,28.0
babel-plugin-css-modules-transform,middle,0.4,27.2,9.444575162494075,28.0
babel-plugin-dynamic-import-node,top,0.4,26.8,5.974947698515862,26.0
babel-plugin-precompile-charcodes,middle,0.4,24.8,4.969909455915671,26.0
babel-plugin-root-import,middle,0.4,27.6,2.073644135332772,28.0
babel-plugin-transform-react-remove-prop-types,top,0.4,23.6,4.929503017546495,24.0
babel-plugin-webpack-alias,middle,0.4,26.2,3.0331501776206204,28.0
babel-preset-es2015-mod,middle,0.4,30.2,4.868264577855235,27.0
babel-preset-es2015-node5,middle,0.4,22.4,6.348228099241552,20.0
babel-preset-es2015-node6,middle,0.4,28.6,5.941380311005179,31.0
babel-preset-es2015-without-strict,middle,0.4,31.8,2.8635642126552705,32.0
babel-preset-power-assert,middle,0.4,18.2,3.0331501776206204,18.0
babelify,top,0.4,24.2,5.630275304103699,25.0
babelrc-rollup,middle,0.4,22.4,7.63544366752843,19.0
backbone-computed-properties,bottom,0.4,27.4,2.880972058177587,26.0
backbone-db-elasticsearch,bottom,0.4,26.6,5.9833101206606365,24.0
backbone-db-mongodb,bottom,0.4,25.8,6.978538528947161,26.0
backbone.declarative.views,bottom,0.4,21.8,7.328028384224504,19.0
backbone.ribs,bottom,0.4,22.2,6.978538528947161,23.0
backpack-ht16k33,bottom,0.4,27.2,7.085195833567341,29.0
barterer,bottom,0.4,8.4,0.8944271909999159,9.0
base64-img,middle,0.4,34.4,7.987490219086343,32.0
batch-me-if-you-can,bottom,0.4,28.0,6.855654600401045,31.0
beautify-lint,middle,0.4,12.2,1.7888543819998315,13.0
becklyn-gulp,bottom,0.4,19.8,7.563068160475615,16.0
beeper,top,0.4,21.2,4.43846820423443,20.0
beercalc_js,bottom,0.4,19.6,6.6932802122726045,17.0
benderjs-amd,bottom,0.4,22.4,2.190890230020664,21.0
bepacked,bottom,0.4,20.6,3.8470768123342696,21.0
big-red-button,bottom,0.4,21.4,7.402702209328699,21.0
bili,middle,0.4,23.2,7.395944834840239,25.0
bin-pack,middle,0.4,20.0,5.431390245600108,22.0
binary-extensions,top,0.4,35.2,3.9623225512317894,34.0
binding,middle,0.4,23.4,6.542170893518451,21.0
bip32-wallet,bottom,0.4,28.2,2.1679483388678795,28.0
bitbucket-ips,bottom,0.4,12.8,4.816637831516918,10.0
bitcoin-ops,middle,0.4,33.2,4.919349550499538,33.0
blacklist,middle,0.4,16.8,5.805170109479997,20.0
blender,bottom,0.4,27.0,5.0,27.0
bloggy,bottom,0.4,18.8,8.043631020876083,16.0
bloggy-marked-toc,bottom,0.4,17.8,6.260990336999411,19.0
bloggy-rss,bottom,0.4,23.8,2.8635642126552705,24.0
blum,bottom,0.4,13.4,7.056911505750941,12.0
bmfont2json,bottom,0.4,22.6,5.89915248150105,21.0
bn.js,top,0.4,33.6,1.949358868961792,33.0
body-parser,top,0.4,28.6,4.277849927241488,30.0
bonjour,top,0.4,27.0,3.7416573867739418,26.0
bookshelf-manager,bottom,0.4,26.0,1.414213562373095,27.0
boomcatch,bottom,0.4,19.4,3.9115214431215892,18.0
bootstrap-sass-loader,middle,0.4,29.4,3.0495901363953815,30.0
bootstrapper,middle,0.4,14.8,3.7013511046643495,14.0
boring-config,bottom,0.4,28.0,5.385164807134505,27.0
bossy,middle,0.4,30.2,8.927485648266257,29.0
boundary,middle,0.4,26.4,5.128352561983234,26.0
boxen,top,0.4,27.2,2.6832815729997477,27.0
bpmn-js-debug-overlay,bottom,0.4,20.0,3.24037034920393,20.0
braces,top,0.4,4.2,2.6832815729997477,4.0
breadboard,bottom,0.4,25.8,5.974947698515862,27.0
breeze.js.bower,bottom,0.4,29.0,5.916079783099616,32.0
breeze.js.labs,bottom,0.4,18.6,6.580273550544841,17.0
brim,bottom,0.4,21.2,14.342245291445828,15.0
broccoli-autoprefixer,middle,0.4,23.8,5.761944116355173,21.0
broccoli-csssplit,bottom,0.4,30.8,6.870225614927067,31.0
broccoli-i18n-lazy-lookup,bottom,0.4,23.8,5.805170109479998,22.0
broccoli-ng-templatecache,bottom,0.4,26.0,4.949747468305833,25.0
broccoli-splitter,bottom,0.4,22.8,4.147288270665544,23.0
browser-env,middle,0.4,25.4,4.159326868617084,23.0
browser-pdf-support,bottom,0.4,35.8,7.1902712048990205,37.0
browser-process-hrtime,top,0.4,25.4,6.024948132556827,24.0
browser-stdout,top,0.4,21.8,5.630275304103699,20.0
browserify-aes,top,0.4,33.2,6.978538528947161,36.0
browserify-des,top,0.4,29.2,7.155417527999327,28.0
browserify-dev-bundler,bottom,0.4,22.4,4.03732584763727,22.0
browserify-hmr,middle,0.4,22.2,4.604345773288535,21.0
browserify-sign,top,0.4,31.8,3.701351104664349,31.0
browserslist,top,0.4,33.8,2.5884358211089564,33.0
buffer-indexof-polyfill,middle,0.4,24.4,6.2289646009589745,26.0
buffer-xor,top,0.4,28.2,2.6832815729997477,27.0
buffered-transform,bottom,0.4,27.2,7.293833011524188,24.0
builder-coffee,bottom,0.4,25.8,5.890670590009257,26.0
builtin-modules,top,0.4,22.0,5.431390245600108,22.0
builtin-status-codes,top,0.4,21.4,4.615192303685731,21.0
builtins,top,0.4,28.6,5.941380311005179,28.0
bump-cli,middle,0.4,25.2,2.04939015319192,25.0
bunnydo,bottom,0.4,20.4,4.33589667773576,22.0
busylight,bottom,0.4,30.4,3.9115214431215892,28.0
buzzfeed-headlines,bottom,0.4,23.4,3.6469165057620936,25.0
caber,bottom,0.4,20.6,6.3874877690685254,18.0
cache-base,top,0.4,31.6,2.0736441353327724,31.0
cache-wrapper,bottom,0.4,12.4,3.7815340802378077,10.0
calendar-matrix,bottom,0.4,27.2,4.711687595755898,29.0
call,middle,0.4,29.8,5.674504383644443,30.0
call-me-maybe,top,0.4,25.6,4.393176527297759,27.0
callback-timer,bottom,0.4,27.0,3.8078865529319543,25.0
callback-with,bottom,0.4,26.0,4.949747468305833,28.0
callback-wrapper,bottom,0.4,25.6,4.505552130427524,25.0
caller-callsite,top,0.4,33.8,6.180614856144977,36.0
caller-path,top,0.4,30.6,3.646916505762094,29.0
callsites,top,0.4,29.2,4.969909455915671,27.0
camelcase,top,0.4,25.6,1.6733200530681513,26.0
camelcase-keys,top,0.4,30.6,5.319774431308154,29.0
caniuse-lite,top,0.4,36.4,6.107372593840989,39.0
cantina-app-users,bottom,0.4,22.0,3.5355339059327378,21.0
capture-stack-trace,top,0.4,22.4,2.0736441353327724,23.0
carcass-program,bottom,0.4,14.2,4.43846820423443,14.0
card-dealer,bottom,0.4,24.2,3.898717737923586,26.0
catbox-s3,bottom,0.4,31.8,3.5637059362410923,31.0
center-align,top,0.4,23.2,6.760177512462229,21.0
cfn-config,bottom,0.4,18.0,7.3484692283495345,13.0
chai-shallow-deep-equal,middle,0.4,32.6,5.224940191045253,33.0
chain-args,bottom,0.4,30.6,5.458937625582473,32.0
changelogx,middle,0.4,13.2,5.263078946776307,14.0
charabanc,bottom,0.4,26.2,6.610597552415364,30.0
check-pages,middle,0.4,31.4,2.880972058177587,31.0
chemical-symbols,bottom,0.4,24.6,3.130495168499705,24.0
choice,bottom,0.4,24.8,5.215361924162119,26.0
ci-info,top,0.4,39.6,11.545561917897285,42.0
cipher-base,top,0.4,32.0,2.1213203435596424,32.0
circular-dependency-plugin,top,0.4,26.0,3.7416573867739413,26.0
clap,top,0.4,27.4,5.504543577809153,26.0
class-utils,top,0.4,22.4,3.974921382870358,21.0
classlist-polyfill,middle,0.4,36.2,5.585696017507578,38.0
classnames,top,0.4,25.0,4.636809247747852,26.0
clever-tools,bottom,0.4,19.0,6.164414002968976,19.0
cli,middle,0.4,7.2,3.420526275297414,8.0
cli-cursor,top,0.4,30.4,2.3021728866442674,30.0
cli-snow,bottom,0.4,17.0,4.847679857416329,17.0
cli-spy,bottom,0.4,25.4,3.049590136395381,25.0
cli-width,top,0.4,26.0,4.0,27.0
cliclopts,middle,0.4,26.6,5.079370039680118,26.0
clingwrap,bottom,0.4,21.8,7.259476565152614,19.0
cliui,top,0.4,28.4,6.8044103344816,31.0
clocker,bottom,0.4,21.0,2.0,22.0
clone-deep,top,0.4,9.0,6.96419413859206,7.0
closest,middle,0.4,30.4,2.8809720581775866,30.0
clui,middle,0.4,27.4,3.435112807463534,26.0
cluster-advisor,bottom,0.4,29.8,8.700574693662482,30.0
cluster-role,bottom,0.4,7.6,6.730527468185536,10.0
clusterjs,bottom,0.4,15.8,2.774887385102322,15.0
co-event-wrap,bottom,0.4,30.6,5.8991524815010505,30.0
co-inbox,bottom,0.4,20.0,4.69041575982343,22.0
co-thrift,bottom,0.4,31.4,5.856620185738529,33.0
code-point-at,top,0.4,35.6,7.092249290598858,39.0
code-snippets,bottom,0.4,24.2,8.700574693662482,24.0
codewars,bottom,0.4,17.6,2.9664793948382657,18.0
coffee,middle,0.4,28.2,7.362064927722384,30.0
collect-callbacks,bottom,0.4,27.4,6.618156843109719,24.0
collection-visit,top,0.4,-3.0,3.5355339059327378,-4.0
color-name,top,0.4,31.0,3.3166247903554,32.0
color-support,top,0.4,21.0,8.093207028119323,22.0
colormin,top,0.4,23.2,7.155417527999327,23.0
colorzy,bottom,0.4,21.0,4.795831523312719,24.0
colsole,bottom,0.4,20.4,4.979959839195493,19.0
command-line-commands,middle,0.4,27.6,2.7928480087537877,27.0
command-mapper,bottom,0.4,23.4,6.348228099241551,26.0
commist,middle,0.4,31.6,3.974921382870358,29.0
common-dir,middle,0.4,27.4,2.792848008753788,26.0
commonmark-react-renderer,middle,0.4,25.6,4.61519230368573,27.0
comparative-selection,bottom,0.4,29.4,2.701851217221259,29.0
compare-versions,top,0.4,29.4,1.1401754250991383,29.0
comparray,bottom,0.4,23.8,5.932958789676531,21.0
complexion-time-map,bottom,0.4,24.6,6.268971207462991,26.0
compose-function,middle,0.4,37.4,2.3021728866442674,37.0
composition,middle,0.4,30.0,4.06201920231798,31.0
compression,top,0.4,26.0,3.9370039370059056,25.0
concat,middle,0.4,32.0,2.73861278752583,32.0
concat-image,bottom,0.4,31.8,1.3038404810405295,32.0
config-lite,middle,0.4,22.6,8.142481194328914,19.0
configurable-http-proxy,bottom,0.4,35.2,4.8166378315169185,38.0
confy-node,bottom,0.4,29.4,3.361547262794322,30.0
connect-weinre-injector,bottom,0.4,20.6,6.188699378706322,18.0
consign,middle,0.4,34.8,5.403702434442519,35.0
console.table,middle,0.4,18.0,4.301162633521314,18.0
contact-form,bottom,0.4,23.6,6.542170893518451,24.0
contains-path,top,0.4,24.8,5.540758070878027,24.0
content,middle,0.4,24.6,5.9413803110051795,22.0
content-disposition,top,0.4,28.2,3.4928498393145957,28.0
content-type,top,0.4,26.6,4.159326868617084,27.0
contentful-sdk-core,middle,0.4,28.2,3.70135110466435,29.0
contentstream,middle,0.4,9.4,2.8809720581775866,8.0
contra,middle,0.4,27.2,4.764451699828639,27.0
contractual,bottom,0.4,21.8,5.263078946776307,22.0
cookie-parser,top,0.4,30.4,4.33589667773576,32.0
cool-ascii-faces,middle,0.4,29.4,7.127411872482185,26.0
copy,middle,0.4,21.6,7.26636084983398,17.0
copy-webpack-plugin,top,0.4,30.0,5.244044240850758,28.0
cordova-lib,middle,0.4,26.8,4.54972526643093,26.0
core,bottom,0.4,25.4,6.18869937870632,21.0
coreos-cluster,bottom,0.4,20.2,1.7888543819998315,20.0
corq,bottom,0.4,14.8,2.16794833886788,16.0
correcthorse,bottom,0.4,22.0,5.385164807134504,21.0
cors,middle,0.4,30.8,3.3466401061363023,31.0
cosmiconfig,top,0.4,27.6,1.140175425099138,28.0
couchdb-fauxton,bottom,0.4,24.2,3.0331501776206204,23.0
couchdb-user-account,bottom,0.4,24.2,3.8340579025361627,24.0
countdown.js,bottom,0.4,27.8,1.9235384061671341,28.0
countn,bottom,0.4,26.0,3.9370039370059056,28.0
cpa.js,bottom,0.4,16.8,5.761944116355173,17.0
create-cipher,bottom,0.4,24.6,5.2249401910452535,25.0
createECDH,top,0.4,28.2,6.648308055437865,30.0
createHash,top,0.4,21.8,3.768288736283355,21.0
createHmac,top,0.4,19.2,5.263078946776307,20.0
crop-rotate-and-sample-in-browser,bottom,0.4,29.2,6.978538528947161,26.0
cross-env,top,0.4,30.0,5.830951894845301,32.0
crossbar-nodejs,bottom,0.4,25.6,5.683308895353129,24.0
crossvent,middle,0.4,28.0,4.636809247747851,28.0
css-declaration-sorter,top,0.4,23.6,5.412947441089743,26.0
css-driven,bottom,0.4,24.8,7.463243262818116,20.0
css-selector-tokenizer,top,0.4,28.6,1.5165750888103107,28.0
css-url-versioner,bottom,0.4,23.6,6.024948132556827,22.0
csstree,top,0.4,16.0,2.449489742783178,17.0
csv-join,bottom,0.4,31.2,6.180614856144977,31.0
ctrllr,bottom,0.4,26.6,3.507135583350036,25.0
currently-unhandled,top,0.4,27.2,4.868264577855234,28.0
custom-event,top,0.4,30.8,5.585696017507576,32.0
cyclon.p2p-rtc-client,bottom,0.4,24.6,6.730527468185536,26.0
d3-sankey,middle,0.4,28.2,4.658325879540847,27.0
d3-star-plot,bottom,0.4,35.0,6.284902544988268,38.0
d6,bottom,0.4,24.4,3.049590136395381,24.0
daily-comic.js,bottom,0.4,18.8,2.588435821108957,18.0
dailymotion-sdk-node,bottom,0.4,25.2,5.357238094391549,27.0
danfe,bottom,0.4,32.8,2.16794833886788,32.0
date-fns,top,0.4,28.6,2.9664793948382653,29.0
date-math,middle,0.4,29.8,7.259476565152615,32.0
dbcsv,bottom,0.4,21.0,1.0,21.0
decamelize,top,0.4,15.8,4.919349550499538,14.0
decompress-response,top,0.4,29.2,1.9235384061671346,30.0
default-require-extensions,top,0.4,28.2,4.54972526643093,29.0
defaults-deep,middle,0.4,20.8,6.016643582596529,23.0
deferred-interval,bottom,0.4,14.8,8.167006795638168,12.0
define-exceptions,bottom,0.4,32.2,5.449770637375485,34.0
define-properties,top,0.4,22.2,6.610597552415364,24.0
define-property,top,0.4,34.2,3.2710854467592245,35.0
del,top,0.4,30.0,2.9999999999999996,31.0
delighted-node,bottom,0.4,25.4,3.5777087639996634,25.0
denodeify,top,0.4,13.6,6.348228099241551,14.0
dependency-injection,middle,0.4,27.8,8.555699854482976,30.0
derequire-transform,bottom,0.4,29.0,3.3166247903554,30.0
des.js,top,0.4,30.4,4.560701700396552,31.0
detect-browser,middle,0.4,28.8,4.266145801540308,27.0
detect-data-stream,bottom,0.4,19.6,4.505552130427524,21.0
detect-file,top,0.4,2.2,3.7682887362833544,0.0
detect-newline,top,0.4,31.6,1.3416407864998738,31.0
detect-node,top,0.4,29.2,1.788854381999832,28.0
detect-port,top,0.4,27.6,5.504543577809154,30.0
detect-rename,bottom,0.4,31.4,4.61519230368573,33.0
deuces,bottom,0.4,15.4,3.286335345030997,16.0
dev-web-server,bottom,0.4,23.0,2.5495097567963922,23.0
devs,bottom,0.4,21.4,7.503332592921629,20.0
df,middle,0.4,19.8,5.540758070878027,18.0
dial-roller,bottom,0.4,30.8,5.263078946776307,32.0
dialog,bottom,0.4,32.4,5.4129474410897425,33.0
diffie-hellman,top,0.4,35.8,3.3466401061363027,36.0
dir-glob,top,0.4,31.4,3.286335345030997,32.0
directory-path,bottom,0.4,22.2,3.3466401061363023,23.0
dirtybit,bottom,0.4,32.6,8.677557259966656,30.0
discord.js-musicbot-addon,middle,0.4,8.0,9.643650760992955,5.0
displayer-api-client,bottom,0.4,21.4,1.673320053068151,21.0
dns-packet,top,0.4,22.4,3.0495901363953806,23.0
dns-txt,top,0.4,29.8,6.457553716385177,31.0
docker-pull,bottom,0.4,22.6,4.03732584763727,23.0
dockerify,bottom,0.4,14.0,7.245688373094719,16.0
dockerspaniel,bottom,0.4,21.2,2.489979919597746,21.0
docooment,bottom,0.4,33.8,6.1400325732035,37.0
dogedc,bottom,0.4,25.0,8.0,23.0
dom-replace-html-stream,bottom,0.4,26.0,5.873670062235365,27.0
dom-serialize,top,0.4,28.6,6.6932802122726045,28.0
dominator,bottom,0.4,29.2,6.457553716385176,31.0
dot-prop,top,0.4,21.2,3.4928498393145957,21.0
dotignore,bottom,0.4,26.6,5.128352561983234,26.0
dotpath-compile,bottom,0.4,25.6,6.308724118235001,21.0
download-email-attachments,bottom,0.4,30.4,3.4351128074635335,31.0
draftjs-to-html,middle,0.4,29.0,2.5495097567963922,30.0
drool,middle,0.4,22.2,6.300793600809346,19.0
droonga-http-server,bottom,0.4,34.0,2.8284271247461903,33.0
drop-while,bottom,0.4,15.6,9.423375191511797,12.0
dropbox-auth-cli,bottom,0.4,21.6,2.8809720581775866,22.0
dropbox-mock.js,bottom,0.4,32.4,3.9115214431215892,31.0
dropbox-sdk-js,middle,0.4,28.8,3.96232255123179,29.0
dsigner,bottom,0.4,23.2,2.588435821108957,24.0
dtree,bottom,0.4,23.4,4.878524367060187,22.0
duplexify,top,0.4,20.2,2.8635642126552705,20.0
dustjacket,bottom,0.4,26.6,6.4265076052238514,23.0
dynamo-converters,bottom,0.4,16.6,3.361547262794322,17.0
e3x-cs3a,bottom,0.4,26.4,7.231873892705818,26.0
earl-grey,middle,0.4,24.4,5.9833101206606365,23.0
edp-bcs,bottom,0.4,29.2,7.085195833567341,27.0
edx-modulestore-node,bottom,0.4,21.4,2.8809720581775866,21.0
eightbyeight,bottom,0.4,28.2,8.34865258589672,32.0
ejs,top,0.4,31.0,3.082207001484488,32.0
electron-json-storage,middle,0.4,30.8,5.761944116355173,32.0
electron-reload,middle,0.4,25.6,2.4083189157584592,27.0
electron-squirrel-startup,middle,0.4,28.2,5.761944116355173,31.0
electron-store,middle,0.4,21.6,3.4351128074635335,21.0
electron-window-state,middle,0.4,23.4,5.128352561983234,25.0
element-resize-event,middle,0.4,32.0,2.9154759474226504,31.0
elixir,top,0.4,27.6,5.94138031100518,26.0
elliptic,top,0.4,29.6,2.4083189157584592,29.0
email-obfuscator,bottom,0.4,31.2,9.011104260855047,26.0
ember-assign-polyfill,middle,0.4,29.6,5.727128425310542,29.0
ember-browserify,middle,0.4,17.2,5.167204273105526,16.0
ember-cli-admin-languages,bottom,0.4,22.4,3.8470768123342687,22.0
ember-cli-array-slice,bottom,0.4,23.4,1.1401754250991383,23.0
ember-cli-autoprefixer,middle,0.4,18.2,1.9235384061671346,18.0
ember-cli-deploy,middle,0.4,22.8,3.0331501776206204,21.0
ember-cli-github-pages,middle,0.4,24.2,8.78635305459552,27.0
ember-cli-jsx,bottom,0.4,19.8,2.7748873851023212,21.0
ember-cli-typescript,middle,0.4,25.4,5.272570530585627,23.0
ember-dropkick,bottom,0.4,21.2,2.949576240750525,21.0
ember-lodash,middle,0.4,18.4,4.8270073544588685,20.0
ember-pdfjs,bottom,0.4,20.2,0.8366600265340757,20.0
ember-power-select,middle,0.4,25.2,1.3038404810405297,26.0
ember-sinon,middle,0.4,20.6,2.5099800796022262,21.0
ember-test-helpers,middle,0.4,25.2,6.1400325732035,24.0
emic2,bottom,0.4,23.4,8.677557259966655,18.0
emoji-regex,top,0.4,20.8,3.1144823004794873,22.0
emoney,bottom,0.4,30.0,5.958187643906492,26.0
enable,middle,0.4,31.2,4.207136793592526,30.0
enb-browserify,bottom,0.4,28.4,1.6733200530681507,28.0
enb-y-i18n,bottom,0.4,26.8,4.54972526643093,27.0
encodeurl,top,0.4,29.2,4.658325879540847,32.0
encoding-down,middle,0.4,21.4,1.1401754250991378,21.0
ends-with,middle,0.4,22.4,1.1401754250991378,22.0
engine.io-parser,top,0.4,24.8,9.284395510748128,25.0
epinfer,bottom,0.4,24.2,7.981227975693966,19.0
eris,middle,0.4,32.0,2.738612787525831,32.0
errorhandler,top,0.4,27.2,7.5960516059331775,27.0
erroz,bottom,0.4,16.0,4.301162633521314,16.0
es-abstract,top,0.4,28.0,3.082207001484488,27.0
es-tar,bottom,0.4,25.4,3.507135583350036,25.0
es-to-primitive,top,0.4,23.8,2.489979919597747,23.0
es6-project-starter-kit,bottom,0.4,20.8,1.643167672515499,20.0
esbeautifier,middle,0.4,7.8,1.30384048104053,8.0
escallmatch,middle,0.4,25.6,8.384509526501834,26.0
escape-string-regexp,top,0.4,22.8,2.387467277262665,23.0
esformatter-quotes,middle,0.4,10.6,2.5099800796022267,12.0
eslint-config-kentcdodds,middle,0.4,23.4,8.792041856133308,25.0
eslint-config-node-style-guide,middle,0.4,23.0,5.958187643906492,22.0
eslint-config-peerigon,middle,0.4,25.8,4.764451699828638,27.0
eslint-config-react,middle,0.4,18.4,3.7815340802378072,17.0
eslint-config-standard,top,0.4,29.2,2.16794833886788,29.0
eslint-loader,top,0.4,20.0,3.0000000000000004,19.0
eslint-plugin,middle,0.4,22.4,4.03732584763727,23.0
eslint-plugin-css-modules,middle,0.4,22.2,3.492849839314596,22.0
eslint-plugin-github,middle,0.4,22.2,2.489979919597747,22.0
eslint-plugin-import,top,0.4,29.6,2.3021728866442674,29.0
eslint-plugin-lodash,middle,0.4,31.2,5.805170109479997,32.0
eslint-plugin-node,top,0.4,28.0,4.743416490252569,27.0
eslint-plugin-react,top,0.4,28.6,4.449719092257398,30.0
eslint-plugin-standard,top,0.4,28.8,5.805170109479997,32.0
espial,bottom,0.4,22.8,8.07465169527454,24.0
espower-source,middle,0.4,31.2,3.701351104664349,32.0
espree,top,0.4,26.6,3.9115214431215892,29.0
esri-dump,bottom,0.4,16.0,3.9999999999999996,18.0
esri-gnip,bottom,0.4,17.8,2.6832815729997477,19.0
estktap,bottom,0.4,32.8,14.289856542317002,29.0
etag,top,0.4,31.4,5.941380311005179,31.0
event-aggregator,middle,0.4,26.4,6.58027355054484,28.0
event-source-emitter,bottom,0.4,35.6,5.68330889535313,34.0
excuses,bottom,0.4,25.6,5.458937625582473,25.0
exec-sh,top,0.4,30.4,5.770615218501403,31.0
execa,top,0.4,34.6,2.701851217221259,35.0
exit-hook,top,0.4,34.8,4.8166378315169185,36.0
exp-asynccache,bottom,0.4,23.0,6.819090848492928,20.0
expand-brackets,top,0.4,25.4,5.128352561983234,26.0
expand-range,top,0.4,20.4,5.029910535983717,22.0
exposify,middle,0.4,14.0,5.1478150704934995,14.0
express-batch,bottom,0.4,20.2,4.658325879540847,18.0
express-boot,bottom,0.4,17.0,5.338539126015656,16.0
express-fluent-logger,bottom,0.4,29.0,5.1478150704935,31.0
express-orm-mvc,bottom,0.4,35.8,3.5637059362410928,37.0
express-qrcode,bottom,0.4,31.4,6.54217089351845,33.0
express-react-views,middle,0.4,15.0,8.246211251235321,13.0
express-request-proxy,middle,0.4,16.8,6.496152707564686,17.0
express-sanitizer,middle,0.4,34.8,7.049822692805827,36.0
express-wrangler,bottom,0.4,24.6,6.348228099241552,21.0
extend-shallow,top,0.4,22.0,4.301162633521313,22.0
extglob,top,0.4,25.0,5.385164807134504,24.0
extract-gettext,bottom,0.4,10.0,3.4641016151377544,9.0
extract-text-webpack-plugin,top,0.4,27.6,2.6076809620810595,28.0
extract-zip,top,0.4,17.8,4.711687595755898,16.0
fancy-log,top,0.4,26.6,4.277849927241487,27.0
fast-json-stringify,middle,0.4,33.2,5.674504383644442,33.0
fastfall,middle,0.4,29.4,7.402702209328699,28.0
fastft-api-client,bottom,0.4,23.2,3.768288736283355,23.0
fastparse,top,0.4,20.4,3.7815340802378072,22.0
fb-node,bottom,0.4,21.6,1.1401754250991378,22.0
fb-xmpp-connector,bottom,0.4,24.8,5.718391382198319,23.0
fetch,top,0.4,35.8,4.764451699828639,37.0
fetch-client,middle,0.4,32.4,4.6690470119715,33.0
fetch-ponyfill,middle,0.4,41.4,2.5099800796022276,41.0
fetchr,middle,0.4,20.6,7.765307463326871,18.0
figures,top,0.4,32.2,7.014271166700073,32.0
file-type,top,0.4,33.6,3.577708763999663,33.0
filename-regex,top,0.4,19.6,4.449719092257398,21.0
filetobase64,bottom,0.4,21.4,1.1401754250991376,21.0
fill-range,top,0.4,23.0,3.6055512754639896,23.0
finalhandler,top,0.4,38.0,5.1478150704934995,35.0
find-cache-dir,top,0.4,31.2,5.630275304103699,32.0
find-file-up,middle,0.4,13.8,1.9235384061671346,14.0
find-process,middle,0.4,30.8,5.21536192416212,29.0
find-up,top,0.4,33.8,3.9623225512317903,34.0
fined,top,0.4,28.6,12.680693987317888,26.0
first-chunk-stream,top,0.4,38.2,8.228000972289687,41.0
firstline,middle,0.4,17.8,3.1144823004794873,17.0
fist-fistlabs_unit_serial,bottom,0.4,28.8,3.420526275297414,28.0
flagged-respawn,top,0.4,21.4,6.107372593840988,23.0
flickity,middle,0.4,24.6,3.0495901363953815,25.0
flow-view,bottom,0.4,21.0,5.1478150704935,18.0
flush-write-stream,top,0.4,30.8,4.207136793592527,32.0
fluxer,bottom,0.4,21.4,2.701851217221259,23.0
fluxxor-autobind,bottom,0.4,24.4,3.049590136395382,25.0
fn-args,middle,0.4,19.2,3.1144823004794873,20.0
fontpath,bottom,0.4,24.4,1.8165902124584947,25.0
for-in,top,0.4,5.8,4.207136793592525,4.0
for-own,top,0.4,11.0,6.324555320336759,9.0
format-url,bottom,0.4,24.6,5.594640292279745,22.0
forwarded,top,0.4,34.8,7.085195833567341,37.0
framework,middle,0.4,10.4,5.128352561983234,11.0
fredApi,bottom,0.4,23.0,4.847679857416329,25.0
freeloader-stream,bottom,0.4,28.0,5.431390245600108,28.0
friendly-errors-webpack-plugin,top,0.4,19.2,2.0493901531919194,20.0
from2,top,0.4,26.4,6.268971207462991,24.0
from2-string,middle,0.4,27.4,3.361547262794322,27.0
frozen-express,bottom,0.4,21.4,8.763560920082657,25.0
fruit,bottom,0.4,17.0,6.59545297913646,20.0
fs-temp,middle,0.4,27.2,2.5884358211089564,28.0
fs-write-stream-atomic,top,0.4,33.0,1.4142135623730947,34.0
fsm2dot,bottom,0.4,16.4,0.547722557505166,16.0
ftp-generate-response,bottom,0.4,19.0,3.5355339059327378,20.0
fuzzy-search,middle,0.4,34.0,5.385164807134504,37.0
fxos-simulators,bottom,0.4,15.2,1.7888543819998317,15.0
ga-localstorage,bottom,0.4,25.8,7.328028384224504,25.0
gaffa-frame,bottom,0.4,23.8,7.362064927722384,26.0
gardr-plugin-ext-burt,bottom,0.4,18.6,2.0736441353327724,18.0
garnish,middle,0.4,25.6,5.727128425310542,26.0
gcr,bottom,0.4,28.8,4.207136793592526,30.0
gearsloth,bottom,0.4,19.8,8.955445270895245,14.0
gedcomx-date-js,bottom,0.4,28.6,1.6733200530681511,29.0
generate-function,top,0.4,30.0,1.7320508075688776,29.0
generator-appsngen-web-widget,bottom,0.4,22.2,1.3038404810405297,22.0
generator-bangular,bottom,0.4,22.4,5.029910535983717,22.0
generator-lib-java,bottom,0.4,23.4,4.03732584763727,25.0
generator-meshblu-connector,bottom,0.4,25.6,1.51657508881031,26.0
generator-npm-module,bottom,0.4,28.6,2.408318915758459,28.0
generator-react-gulp-browserify,bottom,0.4,18.4,3.5777087639996634,18.0
generator-readme,bottom,0.4,21.0,7.648529270389178,18.0
generator-utils,bottom,0.4,19.2,1.9235384061671346,19.0
generator-videojs-plugin,bottom,0.4,27.2,2.949576240750525,28.0
geo-tree,bottom,0.4,22.2,7.463243262818116,20.0
geohash-poly,bottom,0.4,23.0,6.745368781616021,23.0
geojson-summary,bottom,0.4,23.6,6.188699378706322,24.0
geojson-vt,middle,0.4,30.0,4.949747468305834,29.0
get-stdin,top,0.4,28.2,3.4205262752974135,27.0
get-stream,top,0.4,32.0,3.937003937005906,32.0
get-value,top,0.4,28.0,2.1213203435596424,28.0
getpackages,bottom,0.4,20.2,2.1679483388678795,19.0
ghost-export,bottom,0.4,22.6,6.18869937870632,23.0
ghost-render,bottom,0.4,23.2,10.377861051295685,17.0
ghpages,middle,0.4,19.6,2.9664793948382653,19.0
ghusers,bottom,0.4,19.6,2.4083189157584592,21.0
giphy-api,middle,0.4,24.6,2.302172886644268,24.0
git-clone,middle,0.4,33.2,4.324349662087932,32.0
git-latest-semver-tag,middle,0.4,30.8,4.43846820423443,34.0
git-repository,middle,0.4,17.6,4.8270073544588685,16.0
gitbook,middle,0.4,23.8,8.700574693662482,28.0
gitbook-grvis,bottom,0.4,6.8,1.9235384061671346,6.0
gitbook-plugin-comments,bottom,0.4,18.8,1.3038404810405302,19.0
gitbook-plugin-lexicon,bottom,0.4,29.6,3.6469165057620936,31.0
gitbook-plugin-piwik,bottom,0.4,19.0,0.7071067811865476,19.0
github-changes,middle,0.4,20.2,2.5884358211089573,21.0
github-jobs,bottom,0.4,26.6,4.560701700396552,26.0
github-language,bottom,0.4,22.4,5.5497747702046425,25.0
github-todos,bottom,0.4,20.8,5.805170109479997,20.0
gitignoreensure,bottom,0.4,26.2,6.723094525588644,27.0
gl-mat4,middle,0.4,25.6,3.5777087639996634,23.0
gl-vec3,middle,0.4,29.4,7.956129712366434,31.0
glob-parent,top,0.4,28.4,3.4351128074635335,27.0
global-modules,top,0.4,22.8,5.357238094391549,23.0
global-prefix,top,0.4,21.2,3.1144823004794873,22.0
globby,top,0.4,34.4,3.9749213828703587,35.0
globo,middle,0.4,18.8,7.791020472312982,19.0
globstar,middle,0.4,20.8,5.718391382198319,20.0
glogg,top,0.4,25.2,5.167204273105526,24.0
glry,bottom,0.4,21.0,4.743416490252569,19.0
glue,middle,0.4,23.4,5.272570530585627,21.0
gnar,bottom,0.4,19.2,9.57601169589929,14.0
gocd-api,bottom,0.4,27.2,2.3874672772626644,27.0
goodscloud-node,bottom,0.4,25.0,5.196152422706632,25.0
google-cloud-storage,bottom,0.4,21.2,4.868264577855234,22.0
google-fonts-downloader,bottom,0.4,26.0,3.0,27.0
google-libphonenumber,middle,0.4,22.4,5.319774431308154,21.0
google-maps-react,middle,0.4,24.2,2.949576240750525,26.0
google-maps-services-js,middle,0.4,28.8,4.43846820423443,30.0
googlefonts,bottom,0.4,21.4,3.0495901363953815,21.0
got,top,0.4,26.8,5.890670590009257,26.0
governor,bottom,0.4,24.2,3.898717737923586,24.0
gp-js-client,middle,0.4,26.0,3.6742346141747673,27.0
grunt-api-meta,bottom,0.4,23.8,5.93295878967653,22.0
grunt-blogbuilder,bottom,0.4,19.6,2.509980079602227,19.0
grunt-caveman,bottom,0.4,22.2,6.1400325732035,21.0
grunt-check-pages,middle,0.4,21.6,6.6932802122726045,21.0
grunt-crowdin,bottom,0.4,23.4,3.7815340802378072,23.0
grunt-date-suffix,bottom,0.4,17.8,5.310367218940701,18.0
grunt-gulp,middle,0.4,23.0,2.4494897427831783,23.0
grunt-htmllint-http,bottom,0.4,24.2,1.4832396974191326,24.0
grunt-jscpd-reporter,bottom,0.4,19.8,6.833739825307955,17.0
grunt-knex-schema,bottom,0.4,28.0,6.855654600401044,27.0
grunt-metascript,bottom,0.4,28.6,4.722287581247038,27.0
grunt-neo4j,bottom,0.4,26.8,2.04939015319192,27.0
grunt-nexe,bottom,0.4,21.0,4.636809247747852,20.0
grunt-npm-helper,bottom,0.4,26.4,5.594640292279746,25.0
grunt-potomo,middle,0.4,15.2,4.43846820423443,12.0
grunt-protractor-coverage,middle,0.4,29.0,3.4641016151377544,28.0
grunt-sass-lint,middle,0.4,28.6,5.504543577809154,26.0
grunt-serve,middle,0.4,16.6,6.6932802122726045,16.0
grunt-slm,bottom,0.4,20.0,1.2247448713915894,20.0
grunt-stylus-base-files,bottom,0.4,18.0,2.7386127875258306,18.0
grunt-svgstore,middle,0.4,27.0,4.527692569068709,28.0
grunt-template-jasmine-dojo,bottom,0.4,21.2,4.919349550499537,23.0
grunt-xunit,bottom,0.4,29.6,3.6469165057620936,28.0
gulp-atom-electron,middle,0.4,24.4,7.021395872616783,26.0
gulp-autoprefixer,top,0.4,27.2,5.630275304103699,26.0
gulp-ava,middle,0.4,31.4,6.18869937870632,32.0
gulp-base64,middle,0.4,12.4,6.841052550594828,15.0
gulp-cdn-ref,bottom,0.4,23.0,5.244044240850759,21.0
gulp-changed-in-place,middle,0.4,20.4,1.8165902124584947,21.0
gulp-connect-php,middle,0.4,27.4,4.505552130427524,30.0
gulp-coverage,bottom,0.4,23.2,2.280350850198276,23.0
gulp-css-inline-images,middle,0.4,24.8,4.08656334834051,27.0
gulp-cssbeautify,middle,0.4,25.2,2.5884358211089564,26.0
gulp-develop-server,middle,0.4,27.6,6.107372593840988,30.0
gulp-dotjs-packer,bottom,0.4,28.2,5.495452665613635,29.0
gulp-es6-module-jstransform,bottom,0.4,26.0,2.3452078799117153,25.0
gulp-espower,middle,0.4,22.2,4.658325879540846,20.0
gulp-exemplary,bottom,0.4,25.8,4.8166378315169185,24.0
gulp-framework-dep,bottom,0.4,27.0,5.049752469181039,27.0
gulp-haste,bottom,0.4,20.2,4.54972526643093,19.0
gulp-html-extract,middle,0.4,26.8,6.058052492344384,26.0
gulp-html5-lint,middle,0.4,26.2,3.420526275297414,27.0
gulp-hub,middle,0.4,32.2,1.4832396974191326,32.0
gulp-imacss,bottom,0.4,16.6,2.7928480087537886,18.0
gulp-inline-css,middle,0.4,25.2,5.540758070878027,25.0
gulp-istanbul-enforcer,middle,0.4,25.8,2.489979919597747,24.0
gulp-jsdoc,middle,0.4,24.0,6.164414002968976,22.0
gulp-jsonminify,middle,0.4,8.2,1.30384048104053,8.0
gulp-mock,bottom,0.4,22.2,2.6832815729997477,22.0
gulp-mustache,middle,0.4,31.6,4.722287581247038,34.0
gulp-natural-sort,middle,0.4,23.6,4.219004621945797,26.0
gulp-p4,bottom,0.4,29.6,3.209361307176243,28.0
gulp-pleeease,middle,0.4,23.4,6.580273550544841,20.0
gulp-plumber,top,0.4,28.6,8.049844718999243,25.0
gulp-processhtml,middle,0.4,22.2,4.919349550499537,24.0
gulp-reduce-file,middle,0.4,29.6,4.33589667773576,28.0
gulp-remote-src,middle,0.4,33.8,3.768288736283355,36.0
gulp-serve,bottom,0.4,30.6,5.224940191045253,31.0
gulp-sloc,bottom,0.4,23.2,6.6858058601787125,26.0
gulp-sourcemaps,top,0.4,29.4,2.701851217221259,29.0
gulp-standard,middle,0.4,28.2,1.4832396974191326,28.0
gulp-strip-comments,middle,0.4,28.0,5.830951894845301,30.0
gulp-strip-css-comments,middle,0.4,26.4,4.722287581247038,27.0
gulp-stylint,middle,0.4,23.8,4.324349662087931,23.0
gulp-subtree,middle,0.4,21.0,4.183300132670378,23.0
gulp-tape,middle,0.4,24.2,5.0199601592044525,26.0
gulp-use-asset,bottom,0.4,24.2,5.585696017507576,27.0
gulp-wrapper,middle,0.4,21.0,7.7781745930520225,18.0
gulplog,top,0.4,29.6,8.142481194328912,31.0
gunzip-maybe,middle,0.4,22.8,4.604345773288536,23.0
gzip-size,top,0.4,25.4,3.209361307176242,25.0
gzip-size-cli,middle,0.4,25.4,1.8165902124584954,25.0
hammer-draggables,bottom,0.4,28.2,6.099180272790763,29.0
handle-callback,bottom,0.4,11.0,3.24037034920393,9.0
handpipe.js,bottom,0.4,25.0,3.605551275463989,24.0
hapi-auth-jwt2,middle,0.4,19.2,2.16794833886788,19.0
hapi-bookshelf,bottom,0.4,22.8,9.731392500562292,18.0
hapi-boom-jsend,bottom,0.4,29.4,2.408318915758459,30.0
hapi-cors-headers,middle,0.4,20.8,3.114482300479488,20.0
hapi-jwt,bottom,0.4,22.0,2.82842712474619,23.0
hapi-magic-filter,bottom,0.4,32.8,6.379655163094632,35.0
hapi-monit,bottom,0.4,23.0,4.06201920231798,22.0
hapi-route-directory,bottom,0.4,35.0,6.244997998398397,38.0
harmony,bottom,0.4,26.4,6.308724118235001,27.0
has-ansi,top,0.4,30.4,6.985699678629192,31.0
has-flag,top,0.4,26.8,4.658325879540846,25.0
has-gulplog,top,0.4,25.6,3.646916505762094,24.0
has-key-deep,bottom,0.4,11.6,3.9115214431215892,11.0
has-require,middle,0.4,20.0,4.949747468305834,21.0
has-unicode,top,0.4,24.4,6.985699678629192,28.0
has-value,top,0.4,21.4,3.646916505762094,21.0
hash-base,top,0.4,32.2,3.7682887362833544,32.0
hash-sum,top,0.4,28.0,5.0,28.0
hash.js,top,0.4,31.4,3.781534080237808,32.0
haypeaeye,bottom,0.4,18.0,8.154753215150045,20.0
hbars,bottom,0.4,23.0,6.928203230275509,22.0
heartbleed.js,bottom,0.4,30.0,16.217274740226856,29.0
help-me,middle,0.4,24.4,4.505552130427524,24.0
helper-coverage,middle,0.4,23.2,4.147288270665544,25.0
heroku-cli-util,middle,0.4,29.8,3.96232255123179,31.0
heroku-proxy,bottom,0.4,20.4,2.1908902300206647,21.0
hershey,bottom,0.4,24.2,8.78635305459552,27.0
hexo-cli,middle,0.4,23.6,1.3416407864998738,23.0
hexo-generator-json-content,middle,0.4,13.0,4.847679857416329,11.0
hexo-migrator-joomla,bottom,0.4,25.0,3.8078865529319543,27.0
hexo-renderer-haml,bottom,0.4,32.2,3.4928498393145966,32.0
hexo-renderer-jade,middle,0.4,24.4,2.880972058177586,25.0
hideout,bottom,0.4,26.6,5.319774431308154,25.0
high5,bottom,0.4,26.8,8.814760348415605,24.0
hipku,bottom,0.4,24.8,5.06951674225463,23.0
hmks,bottom,0.4,25.6,5.176871642217915,27.0
hogan-brisket,bottom,0.4,24.2,4.54972526643093,25.0
hoist-non-react-statics,top,0.4,24.8,2.0493901531919194,24.0
homedir-polyfill,top,0.4,25.2,10.134100848126586,20.0
hotkeys,middle,0.4,18.4,2.0736441353327715,18.0
hotpath,bottom,0.4,24.4,6.985699678629192,23.0
html-comment-regex,top,0.4,22.4,1.5165750888103104,22.0
html-pipe,bottom,0.4,33.6,5.319774431308154,35.0
html-webpack-harddisk-plugin,middle,0.4,26.8,9.20326029187483,30.0
htmlizer,bottom,0.4,27.0,4.636809247747852,26.0
http,middle,0.4,28.8,3.033150177620621,29.0
http-errors,top,0.4,36.8,3.8987177379235853,38.0
http-proxy-middleware,top,0.4,27.4,2.5099800796022262,28.0
http-request-builder,bottom,0.4,28.8,2.3874672772626644,30.0
hugo-bin,middle,0.4,33.0,3.6742346141747673,33.0
humanb,bottom,0.4,24.2,4.207136793592525,23.0
humanize-string,middle,0.4,18.4,3.646916505762094,18.0
husky,top,0.4,27.2,5.674504383644442,25.0
i18next-sprintf-postProcessor,middle,0.4,25.2,4.54972526643093,26.0
i18next-xhr-backend,middle,0.4,31.0,4.183300132670378,30.0
ice-cap,middle,0.4,26.0,6.324555320336759,27.0
iconify,bottom,0.4,33.0,4.123105625617661,32.0
icss-utils,top,0.4,29.6,1.8165902124584952,29.0
iframe-api,bottom,0.4,23.8,5.263078946776307,25.0
ify,bottom,0.4,29.4,7.021395872616784,31.0
imagemin-cli,middle,0.4,33.4,4.33589667773576,31.0
imagemin-jpeg-recompress,middle,0.4,30.4,2.60768096208106,32.0
imapseagull,bottom,0.4,10.4,0.547722557505166,10.0
immer,top,0.4,35.2,3.3466401061363027,35.0
impersonate,bottom,0.4,25.2,7.563068160475615,22.0
import-cwd,top,0.4,32.8,1.923538406167134,33.0
import-from,top,0.4,33.8,2.774887385102322,35.0
import-glob-loader,middle,0.4,36.6,3.209361307176242,37.0
import-lazy,top,0.4,30.0,2.82842712474619,30.0
in-publish,top,0.4,28.6,2.8809720581775866,29.0
indent-string,top,0.4,30.4,5.594640292279746,32.0
indexeddb-mock,bottom,0.4,35.4,9.710818709048171,35.0
infer,bottom,0.4,26.2,6.978538528947161,27.0
inflight,top,0.4,28.8,5.495452665613635,31.0
inject-lr-script,middle,0.4,20.4,1.5165750888103096,20.0
injectify-view,bottom,0.4,24.6,5.272570530585627,23.0
innkeeper-storememory,bottom,0.4,28.0,2.5495097567963922,28.0
int64-buffer,middle,0.4,28.0,2.9154759474226504,27.0
internal-ip,top,0.4,25.6,6.913754406977442,27.0
interpret,top,0.4,35.6,2.701851217221259,34.0
invariant,top,0.4,37.0,2.4494897427831783,37.0
invert-kv,top,0.4,16.2,4.266145801540309,16.0
ioBroker.js-controller,bottom,0.4,33.6,3.4351128074635335,35.0
ios-icon-resize,bottom,0.4,20.0,6.08276253029822,19.0
ios-splash-generate,bottom,0.4,17.0,2.345207879911715,18.0
iostreams,bottom,0.4,28.2,3.7682887362833544,29.0
ip-regex,top,0.4,31.0,4.0,30.0
ipod,bottom,0.4,26.0,3.0,26.0
iputil,bottom,0.4,27.6,5.683308895353129,30.0
is-absolute,top,0.4,24.4,2.8809720581775866,24.0
is-absolute-url,top,0.4,30.0,3.3166247903554,29.0
is-accessor-descriptor,top,0.4,20.8,4.207136793592525,21.0
is-async-supported,middle,0.4,33.6,6.8774995456197585,36.0
is-binary-path,top,0.4,32.2,3.2710854467592245,32.0
is-buffer,top,0.4,29.8,4.08656334834051,31.0
is-builtin-module,top,0.4,20.8,7.791020472312982,24.0
is-ci,top,0.4,33.4,1.51657508881031,33.0
is-class,middle,0.4,28.6,5.89915248150105,28.0
is-data-descriptor,top,0.4,25.6,3.8470768123342687,26.0
is-descriptor,top,0.4,16.2,2.588435821108957,16.0
is-directory,top,0.4,24.2,3.9623225512317894,23.0
is-dotfile,top,0.4,23.2,3.96232255123179,21.0
is-equal-shallow,top,0.4,23.4,3.435112807463534,22.0
is-extendable,top,0.4,1.4,5.412947441089743,4.0
is-finite,top,0.4,31.4,5.9833101206606365,34.0
is-fullwidth-code-point,top,0.4,23.0,3.8078865529319543,23.0
is-generator-fn,top,0.4,28.2,4.08656334834051,27.0
is-glob,top,0.4,-22.6,2.073644135332772,-23.0
is-invalid-path,middle,0.4,28.2,1.3038404810405297,28.0
is-it-purple,bottom,0.4,27.6,3.9115214431215892,27.0
is-keyword,bottom,0.4,29.2,3.492849839314596,27.0
is-localhost,bottom,0.4,34.4,3.3615472627943213,33.0
is-my-json-valid,top,0.4,26.2,3.03315017762062,26.0
is-npm,top,0.4,24.6,6.5038450166036395,25.0
is-number,top,0.4,12.2,4.08656334834051,11.0
is-obj,top,0.4,24.8,5.805170109479997,22.0
is-odd,top,0.4,2.2,2.6832815729997477,1.0
is-online,middle,0.4,35.8,7.362064927722386,35.0
is-path-cwd,top,0.4,26.6,7.26636084983398,23.0
is-path-in-cwd,top,0.4,28.0,2.5495097567963922,29.0
is-path-inside,top,0.4,24.6,0.547722557505166,25.0
is-plain-obj,top,0.4,28.6,1.1401754250991385,29.0
is-primitive,top,0.4,30.8,2.9495762407505253,32.0
is-regexp,top,0.4,26.8,6.058052492344384,29.0
is-relative,top,0.4,19.0,2.91547594742265,18.0
is-root,top,0.4,20.4,2.8809720581775866,19.0
is-stream,top,0.4,27.6,5.9833101206606365,25.0
is-svg,top,0.4,25.8,2.387467277262665,27.0
is-travis,middle,0.4,26.0,6.92820323027551,29.0
is-type-of,middle,0.4,38.4,3.5777087639996634,37.0
is-typedarray,top,0.4,24.6,1.9493588689617927,24.0
is-valid-path,middle,0.4,23.2,2.7748873851023217,24.0
is-windows,top,0.4,16.6,4.219004621945797,15.0
isModule,bottom,0.4,28.0,5.431390245600108,27.0
isexe,top,0.4,29.4,5.9413803110051795,27.0
iso-http,bottom,0.4,28.8,8.012490249604053,32.0
isobject,top,0.4,22.6,5.224940191045253,22.0
isomorphic-form-data,middle,0.4,27.8,5.805170109479997,29.0
isstream,top,0.4,23.6,2.701851217221259,23.0
issuemd,bottom,0.4,25.0,5.291502622129181,23.0
istanbul-instrumenter-loader,top,0.4,35.0,4.0620192023179795,37.0
istanbul-threshold-checker,middle,0.4,34.8,0.8366600265340762,35.0
itbit,bottom,0.4,23.8,4.604345773288535,23.0
jQuerySimpleMask,bottom,0.4,25.6,8.61974477580398,22.0
jasmine-jsonpath,bottom,0.4,26.2,4.147288270665544,27.0
jasmine-n-matchers,bottom,0.4,16.8,4.604345773288536,18.0
javascript-sdk,middle,0.4,33.4,5.770615218501404,36.0
jekyll-meta-from-markdown,bottom,0.4,27.0,6.442049363362563,28.0
jenny,bottom,0.4,16.2,6.099180272790763,16.0
jhipster-core,middle,0.4,21.2,5.585696017507577,21.0
jisonify,bottom,0.4,28.6,7.503332592921629,33.0
joi-assert,middle,0.4,31.8,4.147288270665544,33.0
joi-machine,bottom,0.4,24.0,2.6457513110645907,25.0
join-path,middle,0.4,21.4,2.408318915758459,22.0
jpeg-recompress-bin,middle,0.4,22.4,4.09878030638384,21.0
jpegoptim-bin,middle,0.4,20.0,5.787918451395113,18.0
jqueue,bottom,0.4,20.4,7.127411872482185,19.0
js-commons,bottom,0.4,24.2,2.86356421265527,24.0
js-ipld-dag-cbor,middle,0.4,37.4,3.5071355833500366,37.0
js-libp2p-crypto,middle,0.4,25.6,2.3021728866442674,26.0
js-m4,bottom,0.4,25.8,2.16794833886788,27.0
js-multiaddr,middle,0.4,37.0,7.0,36.0
js-multihash,middle,0.4,32.6,7.26636084983398,32.0
js-peer-id,middle,0.4,30.2,1.6431676725154984,30.0
js-peer-info,middle,0.4,27.0,8.336666000266533,21.0
js-sha256,middle,0.4,23.0,4.183300132670378,22.0
js-symbol-tree,top,0.4,24.2,5.263078946776307,23.0
jsdelta,bottom,0.4,28.8,3.70135110466435,29.0
jsdoccer,bottom,0.4,15.2,4.08656334834051,14.0
jshint-reporter-bamboo,bottom,0.4,16.0,4.242640687119285,13.0
json-fling,bottom,0.4,9.4,2.701851217221259,9.0
json-readdir-stream,bottom,0.4,24.4,5.458937625582473,23.0
json-schema-view,bottom,0.4,27.8,2.949576240750525,29.0
json-silo,bottom,0.4,19.0,3.9370039370059056,19.0
json-stringify-pretty-compact,middle,0.4,30.6,3.6469165057620936,31.0
json-web-crawler,bottom,0.4,22.2,2.1679483388678795,22.0
jsonist,middle,0.4,17.0,6.745368781616021,20.0
jsos-util,bottom,0.4,20.2,2.1679483388678804,20.0
jstransformer-markdown-it,middle,0.4,26.8,6.496152707564686,27.0
jthoober,bottom,0.4,20.8,11.77709641634983,18.0
jwt,middle,0.4,22.6,1.8165902124584954,23.0
jxt-atom,bottom,0.4,27.6,2.302172886644267,28.0
kardia,bottom,0.4,4.6,5.272570530585627,3.0
karma-bamboo-reporter,bottom,0.4,17.0,2.3452078799117144,18.0
karma-chai-factories,bottom,0.4,27.6,5.128352561983234,25.0
karma-chai-js-factories,bottom,0.4,30.2,5.805170109479997,27.0
karma-electron,middle,0.4,27.8,8.043631020876083,25.0
karma-gzip-preprocessor,bottom,0.4,22.8,2.863564212655271,23.0
karma-jasmine-cucumber,bottom,0.4,21.6,6.8044103344816005,17.0
karma-jasmine-jquery,middle,0.4,21.8,4.147288270665544,21.0
karma-jenkins-reporter,middle,0.4,21.4,1.5165750888103104,22.0
karma-lodash-template-preprocessor,bottom,0.4,20.8,6.340346993658944,17.0
karma-ng-server-side-template2js-preprocessor,bottom,0.4,21.0,6.892024376045111,22.0
karma-nunjucks,bottom,0.4,24.6,1.1401754250991378,25.0
karma-sets,bottom,0.4,27.2,6.220932405998316,29.0
karma-systemjs,middle,0.4,26.6,3.5071355833500366,26.0
karma-tap-reporter,middle,0.4,24.8,4.08656334834051,26.0
karma-webpack,top,0.4,36.0,2.8284271247461903,35.0
ketch,bottom,0.4,22.0,4.847679857416329,21.0
key-remap,bottom,0.4,19.6,6.024948132556827,18.0
keystone,bottom,0.4,33.0,1.4142135623730951,34.0
kimi,bottom,0.4,14.8,7.085195833567341,13.0
kind-of,top,0.4,21.6,3.209361307176243,22.0
kindle-periodical,bottom,0.4,18.8,0.8366600265340753,19.0
kiss,bottom,0.4,29.4,4.722287581247039,30.0
kmath,bottom,0.4,19.8,2.6832815729997477,21.0
kmp-matcher,bottom,0.4,37.0,3.9370039370059056,38.0
knex-schema-builder,bottom,0.4,29.2,1.3038404810405295,29.0
knockout-else,bottom,0.4,27.0,4.847679857416329,26.0
knowhow,bottom,0.4,23.8,3.96232255123179,24.0
koa-barista,bottom,0.4,23.6,4.560701700396551,21.0
koa-connect,middle,0.4,21.8,3.7013511046643495,23.0
koa-helmet,middle,0.4,31.6,5.594640292279746,33.0
koa-nunjucks,bottom,0.4,21.4,1.8165902124584952,21.0
koa-passport,middle,0.4,26.6,4.722287581247038,25.0
koala,middle,0.4,21.2,6.797058187186572,22.0
konva,middle,0.4,18.4,6.465291950097845,21.0
krampus,bottom,0.4,18.6,3.286335345030997,17.0
lag,bottom,0.4,24.8,4.919349550499537,27.0
laravel-mix,top,0.4,26.0,2.9154759474226504,25.0
lark-bootstrap,bottom,0.4,24.6,5.128352561983234,26.0
lark-log,bottom,0.4,20.0,1.8708286933869709,20.0
lark-router,bottom,0.4,31.0,7.416198487095663,34.0
lark-views,bottom,0.4,26.0,7.314369419163897,21.0
lasercat-workshop,bottom,0.4,9.2,2.4899799195977463,11.0
latest-version,top,0.4,31.2,1.9235384061671348,32.0
latex-watcher,bottom,0.4,22.4,5.683308895353129,22.0
lazy-cache,top,0.4,14.4,4.159326868617084,14.0
lcd-pcf8574,bottom,0.4,32.6,9.396807968666806,32.0
lcid,top,0.4,24.6,3.7815340802378072,27.0
led-canvas-fonts,bottom,0.4,21.0,3.0,20.0
lego-client,bottom,0.4,28.4,1.1401754250991378,28.0
leinwand,bottom,0.4,19.0,7.176350047203662,18.0
leo-platform-arduino,bottom,0.4,23.6,4.6690470119715,21.0
less-runner,bottom,0.4,24.0,5.1478150704935,24.0
less-stream,bottom,0.4,22.4,6.348228099241551,23.0
level-fancy,bottom,0.4,21.6,5.366563145999495,23.0
level-random,bottom,0.4,35.0,6.164414002968977,34.0
level-rest,bottom,0.4,25.4,3.286335345030997,26.0
leven,top,0.4,24.4,3.9749213828703582,25.0
levenshtein-edit-distance,middle,0.4,38.6,1.8165902124584952,38.0
libphonenumber-js,middle,0.4,27.4,1.8165902124584952,28.0
license-gen,bottom,0.4,25.6,3.209361307176242,24.0
licensify,middle,0.4,24.2,2.16794833886788,23.0
lightbox,bottom,0.4,25.4,2.880972058177586,26.0
line-length.js,bottom,0.4,28.4,5.412947441089743,28.0
linerstream,middle,0.4,27.0,5.0990195135927845,30.0
lines-and-columns,middle,0.4,29.8,5.674504383644443,30.0
lintspaces-cli,middle,0.4,31.2,3.033150177620621,29.0
liquid-fire,middle,0.4,21.6,6.148170459575759,20.0
load-grunt-configs,middle,0.4,23.4,6.18869937870632,22.0
load-json-file,top,0.4,28.0,8.48528137423857,31.0
loader-runner,top,0.4,31.4,2.5099800796022262,30.0
loadjs,middle,0.4,18.2,4.147288270665544,18.0
log-symbols,top,0.4,29.6,4.219004621945797,31.0
logbrok,bottom,0.4,15.2,6.220932405998316,12.0
loglog-server-mongodb,bottom,0.4,22.2,4.381780460041329,20.0
longest,top,0.4,26.6,4.39317652729776,27.0
lookup-deps,bottom,0.4,18.0,6.442049363362563,16.0
loopback-component-passport,middle,0.4,22.0,3.0000000000000004,21.0
loopback-connector-kafka,bottom,0.4,32.8,6.833739825307955,34.0
loopback-phase,middle,0.4,30.8,5.019960159204453,29.0
loopback-swagger,middle,0.4,27.4,3.577708763999664,25.0
loose-envify,top,0.4,27.2,5.310367218940701,27.0
loud-rejection,top,0.4,20.4,1.140175425099138,20.0
lowercase-keys,top,0.4,27.0,6.0,24.0
lru-memoize,middle,0.4,29.6,2.1908902300206647,29.0
ls-fs,bottom,0.4,33.8,6.906518659932802,35.0
m-date-picker,middle,0.4,28.6,3.286335345030997,28.0
m-picker,middle,0.4,21.8,4.266145801540309,21.0
m3u8downloader,bottom,0.4,17.4,4.159326868617084,17.0
machine,middle,0.4,19.4,6.6558245169174945,23.0
map-cache,top,0.4,20.2,4.147288270665545,20.0
map-obj,top,0.4,28.0,5.0,29.0
map-props,middle,0.4,16.6,3.646916505762094,15.0
map-visit,top,0.4,29.8,4.266145801540309,30.0
markdown-extensions,middle,0.4,25.4,3.7815340802378072,26.0
markdown-it-abbr,middle,0.4,25.6,1.1401754250991376,26.0
markdown-it-attrs,middle,0.4,22.8,4.08656334834051,24.0
markdown-it-deflist,middle,0.4,23.6,5.9833101206606365,25.0
markdown-it-mark,middle,0.4,19.4,5.412947441089743,19.0
markdown-it-sup,middle,0.4,16.2,5.215361924162119,18.0
markdown-it-table-of-contents,middle,0.4,28.4,0.8944271909999161,28.0
marko,middle,0.4,24.8,5.167204273105526,24.0
match-at,middle,0.4,36.2,0.8366600265340753,36.0
md5.js,top,0.4,28.2,3.03315017762062,29.0
meanio,middle,0.4,29.4,4.219004621945797,31.0
media-typer,top,0.4,25.8,3.271085446759225,27.0
mem,top,0.4,15.4,8.294576541331088,15.0
memfs,middle,0.4,33.8,3.962322551231791,33.0
memory-fs,top,0.4,22.6,5.683308895353129,24.0
menubar,middle,0.4,25.8,9.67987603226405,20.0
meow,top,0.4,27.4,2.408318915758459,28.0
merge2,top,0.4,25.0,1.5811388300841898,25.0
merkle-lib,middle,0.4,23.4,3.209361307176242,25.0
method-override,top,0.4,44.8,6.300793600809347,45.0
micromatch,top,0.4,-0.6,1.6733200530681511,-1.0
mime-db,top,0.4,36.4,3.714835124201342,37.0
mime-types,top,0.4,39.4,6.5038450166036395,40.0
mimic-fn,top,0.4,35.0,2.4494897427831783,35.0
minimalistic-crypto-utils,top,0.4,26.4,5.856620185738529,26.0
mississippi,top,0.4,22.6,3.9115214431215892,23.0
mixin-deep,top,0.4,23.6,2.3021728866442674,24.0
mixin-object,top,0.4,9.8,3.7013511046643495,9.0
mocha-clean,middle,0.4,22.2,5.403702434442518,21.0
mocha-eslint,middle,0.4,26.6,3.974921382870358,28.0
mocha-fivemat-progress-reporter,middle,0.4,22.6,5.770615218501403,21.0
mocha-text-cov,middle,0.4,23.4,2.1908902300206647,25.0
mocha.parallel,middle,0.4,18.2,7.362064927722385,16.0
mochawesome-report-generator,middle,0.4,23.8,1.9235384061671348,23.0
modify-babel-preset,middle,0.4,24.6,8.049844718999243,25.0
mongoose-deep-populate,middle,0.4,26.0,5.830951894845301,27.0
morgan,top,0.4,25.2,5.215361924162119,24.0
mount-point,middle,0.4,22.2,0.8366600265340757,22.0
msgpack-lite,middle,0.4,28.2,4.381780460041329,28.0
multicast-dns,top,0.4,29.0,5.958187643906493,31.0
multicast-dns-service-types,top,0.4,30.8,6.942621983083913,29.0
multipipe,top,0.4,16.0,0.9999999999999999,16.0
multireducer,middle,0.4,14.0,6.442049363362563,12.0
nanomatch,top,0.4,2.6,2.1908902300206643,1.0
nash,middle,0.4,22.4,6.985699678629192,18.0
nativescript-dev-webpack,middle,0.4,21.6,6.348228099241552,21.0
nativescript-hook,middle,0.4,28.8,5.890670590009257,32.0
ncname,top,0.4,30.8,5.118593556827891,31.0
neo-async,top,0.4,18.0,3.0822070014844885,18.0
ngtemplate-loader,middle,0.4,20.0,4.690415759823429,19.0
node-MarkerWithLabel,middle,0.4,31.8,3.271085446759225,33.0
node-accept-language,bottom,0.4,32.6,2.3021728866442674,33.0
node-adif,bottom,0.4,26.2,3.7013511046643495,26.0
node-ansi,bottom,0.4,8.4,2.8809720581775866,10.0
node-app-root-dir,middle,0.4,23.2,2.1679483388678804,23.0
node-app-root-path,top,0.4,32.0,9.055385138137417,35.0
node-areacodes,bottom,0.4,-1.6,5.89915248150105,-2.0
node-argx,middle,0.4,25.2,1.7888543819998317,24.0
node-artstack,bottom,0.4,20.6,3.2093613071762426,19.0
node-assetmanager,middle,0.4,-1.0,3.5355339059327378,-2.0
node-basecontroller-core,bottom,0.4,26.4,4.277849927241488,26.0
node-bcat,bottom,0.4,26.6,13.202272531651513,21.0
node-bcrypt-pbkdf,top,0.4,25.8,3.0331501776206204,24.0
node-benchmarks,bottom,0.4,24.6,1.3416407864998734,24.0
node-cmd,middle,0.4,14.4,5.224940191045253,16.0
node-comment-json,middle,0.4,19.4,4.159326868617084,21.0
node-constant-contact,bottom,0.4,20.8,4.147288270665544,19.0
node-cross-spawn,top,0.4,28.0,7.382411530116701,29.0
node-ddate,bottom,0.4,24.8,5.761944116355173,26.0
node-directory-tree,middle,0.4,27.6,2.302172886644268,28.0
node-dom-urls,top,0.4,20.0,7.000000000000001,20.0
node-elm-compiler,middle,0.4,28.8,5.06951674225463,30.0
node-engine-light,bottom,0.4,27.2,4.8166378315169185,26.0
node-fetch-politely,bottom,0.4,22.8,5.167204273105526,24.0
node-file-index,bottom,0.4,21.2,5.449770637375485,19.0
node-file-lookup,bottom,0.4,31.2,4.868264577855234,33.0
node-fixturify,middle,0.4,22.4,1.5165750888103098,23.0
node-flipr,bottom,0.4,23.0,7.14142842854285,20.0
node-fx-runner,middle,0.4,22.2,3.8340579025361627,22.0
node-gcm-cli,bottom,0.4,24.2,3.0331501776206204,22.0
node-get-all-js-files,bottom,0.4,22.2,3.420526275297414,23.0
node-google-alerts,bottom,0.4,27.0,4.527692569068709,29.0
node-har-validator,top,0.4,23.0,2.23606797749979,23.0
node-hertz,bottom,0.4,20.8,5.890670590009256,19.0
node-homedir,middle,0.4,24.4,1.6733200530681516,24.0
node-html-pdf,middle,0.4,15.6,7.092249290598858,17.0
node-http-verror,bottom,0.4,30.4,3.7815340802378072,32.0
node-ifconfig-parser,bottom,0.4,27.0,3.24037034920393,27.0
node-inst,bottom,0.4,22.0,4.69041575982343,21.0
node-jl,bottom,0.4,26.0,3.8078865529319543,27.0
node-jscrap,bottom,0.4,24.4,6.8044103344816,24.0
node-json-rest-client,bottom,0.4,27.8,2.3874672772626644,29.0
node-jwks-rsa,middle,0.4,26.4,3.361547262794323,26.0
node-klaw,top,0.4,22.2,3.5637059362410923,21.0
node-language-detect-exec,bottom,0.4,26.2,2.949576240750525,27.0
node-language-detect-spawn,bottom,0.4,28.8,3.9623225512317903,29.0
node-language-exec,bottom,0.4,25.4,5.727128425310542,28.0
node-language-spawn,bottom,0.4,23.8,2.774887385102322,25.0
node-lazy-api,bottom,0.4,22.2,6.457553716385176,24.0
node-lei-routes-sort,bottom,0.4,35.2,4.969909455915671,38.0
node-lintspaces,middle,0.4,27.4,5.029910535983716,27.0
node-local-config,bottom,0.4,19.0,3.9370039370059056,18.0
node-logentries-retrieving-log,bottom,0.4,27.4,4.219004621945797,29.0
node-logify,bottom,0.4,33.2,5.06951674225463,31.0
node-lru-cache-cluster,bottom,0.4,31.8,9.654014708917735,36.0
node-macaddress,top,0.4,22.4,4.277849927241487,20.0
node-manage-path,middle,0.4,21.4,6.268971207462991,21.0
node-multispinner,middle,0.4,19.4,5.683308895353129,21.0
node-os,middle,0.4,29.6,6.148170459575759,32.0
node-parse-numeric-range,middle,0.4,30.8,4.02492235949962,31.0
node-pn,top,0.4,26.6,10.597169433391164,28.0
node-rand-token,middle,0.4,27.4,7.402702209328699,22.0
node-sshpk,top,0.4,24.4,5.128352561983235,22.0
node-test-runner,middle,0.4,20.8,5.06951674225463,22.0
node-tmp-sync,middle,0.4,22.0,3.0,23.0
node-url,top,0.4,17.6,4.878524367060187,17.0
nodejs-depd,top,0.4,33.8,2.3874672772626644,34.0
nodejs-driver,middle,0.4,28.4,8.17312669668102,25.0
nodejs-fluent-validator,bottom,0.4,35.8,4.438468204234429,36.0
nodejs-is-writable-stream,bottom,0.4,27.0,5.1478150704935,29.0
normalize-newline,middle,0.4,29.0,3.3166247903553994,28.0
normalize-path,top,0.4,25.6,3.577708763999664,28.0
normalize-range,top,0.4,17.2,1.7888543819998315,17.0
normalize-url,top,0.4,36.8,4.868264577855234,35.0
npm-installer,middle,0.4,27.8,4.32434966208793,27.0
npm-name,middle,0.4,21.8,5.93295878967653,22.0
npm-prepublish,middle,0.4,17.0,4.898979485566356,15.0
npm-run-path,top,0.4,25.8,6.418722614352485,28.0
npm-utils,middle,0.4,24.8,5.263078946776306,22.0
npmi,middle,0.4,21.6,5.770615218501404,22.0
nth-check,top,0.4,28.4,2.701851217221259,28.0
num2fraction,top,0.4,26.6,4.979959839195493,28.0
number-is-nan,top,0.4,32.8,5.630275304103699,33.0
nyc,top,0.4,28.6,5.770615218501403,26.0
object-assign,top,0.4,37.8,3.1144823004794877,39.0
object-hash,top,0.4,28.4,2.4083189157584592,27.0
object-visit,top,0.4,24.8,6.760177512462228,23.0
object.assign,top,0.4,34.4,6.024948132556828,32.0
object.defaults,top,0.4,22.2,4.324349662087932,23.0
object.omit,top,0.4,26.8,3.70135110466435,28.0
object.pick,top,0.4,15.6,7.127411872482185,16.0
on-headers,top,0.4,27.8,2.2803508501982757,28.0
opt-cli,middle,0.4,21.0,2.9154759474226504,20.0
opt-merger,middle,0.4,26.6,6.8044103344816005,28.0
optimize-css-assets-webpack-plugin,top,0.4,19.4,4.09878030638384,21.0
original,top,0.4,12.6,5.504543577809154,10.0
os-homedir,top,0.4,26.0,5.1478150704935,26.0
os-locale,top,0.4,27.8,4.604345773288536,28.0
output-file-sync,top,0.4,26.4,3.0495901363953815,25.0
package-deps,middle,0.4,19.4,4.722287581247038,17.0
package-json,top,0.4,26.6,3.1304951684997055,26.0
package-json-versionify,middle,0.4,15.4,5.594640292279745,12.0
pako,top,0.4,20.0,1.5811388300841893,20.0
pal,middle,0.4,22.0,3.7416573867739413,22.0
parse-filepath,top,0.4,17.8,3.1144823004794877,19.0
parse-gitignore,middle,0.4,15.8,5.357238094391549,13.0
parse-json,top,0.4,26.4,4.8270073544588685,24.0
parse-mongo-url,middle,0.4,32.8,4.024922359499621,31.0
parse-torrent,middle,0.4,31.2,2.949576240750525,31.0
parse-unit,middle,0.4,35.4,4.722287581247038,36.0
parseurl,top,0.4,33.6,4.277849927241487,34.0
partialify,middle,0.4,26.6,5.504543577809154,23.0
particles.js,middle,0.4,29.6,4.393176527297759,28.0
path-exists,top,0.4,23.8,4.147288270665544,22.0
path-is-absolute,top,0.4,31.4,2.6076809620810595,31.0
path-key,top,0.4,25.4,4.39317652729776,24.0
path-loader,middle,0.4,18.4,1.1401754250991378,18.0
path-parse,top,0.4,39.0,5.338539126015656,38.0
path-type,top,0.4,19.0,4.636809247747851,16.0
pbkdf2,top,0.4,31.2,3.4205262752974144,32.0
peek-stream,middle,0.4,29.0,3.9370039370059056,29.0
perfectionist,middle,0.4,32.4,4.615192303685731,32.0
phridge,middle,0.4,35.2,3.8987177379235867,34.0
pify,top,0.4,24.8,4.54972526643093,24.0
pkg-dir,top,0.4,27.8,1.0954451150103326,28.0
pkg-up,top,0.4,28.8,3.9623225512317903,29.0
plexer,middle,0.4,29.8,6.760177512462229,32.0
plugin-host-resize,bottom,0.4,28.4,5.366563145999495,31.0
point-geometry,middle,0.4,31.8,4.08656334834051,31.0
postcss-calc,top,0.4,26.6,7.536577472566709,28.0
postcss-css-variables,middle,0.4,24.2,3.03315017762062,24.0
postcss-custom-media,top,0.4,21.0,7.176350047203662,24.0
postcss-custom-properties,top,0.4,33.8,6.418722614352485,34.0
postcss-custom-selectors,top,0.4,23.8,7.085195833567341,20.0
postcss-devtools,middle,0.4,24.6,6.188699378706321,25.0
postcss-easings,middle,0.4,20.8,4.08656334834051,20.0
postcss-filter-plugins,top,0.4,26.8,7.19027120489902,26.0
postcss-font-variant,top,0.4,12.2,2.3874672772626644,12.0
postcss-functions,middle,0.4,25.8,4.08656334834051,27.0
postcss-import,top,0.4,30.8,2.9495762407505257,31.0
postcss-initial,top,0.4,26.8,4.024922359499622,29.0
postcss-inline-svg,middle,0.4,27.4,2.5099800796022267,27.0
postcss-media-minmax,top,0.4,31.4,2.302172886644267,31.0
postcss-message-helpers,top,0.4,26.4,6.024948132556827,26.0
postcss-modules-local-by-default,top,0.4,27.6,4.39317652729776,26.0
postcss-modules-scope,top,0.4,20.6,5.770615218501404,23.0
postcss-modules-values,top,0.4,24.2,5.310367218940701,24.0
postcss-opacity,middle,0.4,18.6,4.722287581247039,19.0
postcss-parser-tests,middle,0.4,26.4,4.505552130427524,29.0
postcss-prefix-selector,middle,0.4,26.6,3.5071355833500366,27.0
postcss-selector-matches,top,0.4,15.2,4.658325879540847,14.0
postcss-selector-not,top,0.4,10.0,3.4641016151377544,11.0
postcss-selector-parser,top,0.4,25.0,4.527692569068709,26.0
postcss-value-parser,top,0.4,35.0,4.12310562561766,35.0
prebuild,middle,0.4,11.4,4.03732584763727,10.0
prepend-http,top,0.4,24.8,3.96232255123179,27.0
prepush,middle,0.4,24.8,6.058052492344384,25.0
preserve,top,0.4,27.0,13.583077707206124,23.0
prettier,top,0.4,21.8,4.764451699828639,23.0
pretty-bytes,top,0.4,24.0,8.093207028119323,26.0
process-nextick-args,top,0.4,34.2,5.215361924162119,36.0
prom-client,middle,0.4,34.4,5.412947441089743,32.0
promises-es6,middle,0.4,17.6,4.560701700396552,18.0
prompt-sync,middle,0.4,40.4,0.8944271909999157,41.0
prop-types,top,0.4,27.8,2.04939015319192,28.0
protractor-jasmine2-screenshot-reporter,middle,0.4,25.0,2.9154759474226504,25.0
proxy-addr,top,0.4,38.0,2.3452078799117144,37.0
pseudomap,top,0.4,34.0,6.284902544988268,36.0
publicEncrypt,top,0.4,33.4,6.268971207462991,33.0
pug-cli,middle,0.4,29.0,3.937003937005906,29.0
pumpify,top,0.4,26.8,2.683281572999748,27.0
purifycss,middle,0.4,30.4,5.029910535983716,32.0
purifycss-webpack,middle,0.4,29.4,3.9115214431215897,30.0
pushdata-bitcoin,middle,0.4,29.2,1.9235384061671346,29.0
python-shell,middle,0.4,23.6,6.54217089351845,24.0
qs,top,0.4,29.2,5.805170109479997,29.0
querystringify,top,0.4,29.4,2.880972058177586,30.0
queue-anim,middle,0.4,32.6,4.03732584763727,33.0
random-item,middle,0.4,25.2,2.280350850198276,26.0
randomatic,top,0.4,8.4,3.7815340802378077,10.0
randombytes,top,0.4,29.8,2.5884358211089573,29.0
rc-config-loader,middle,0.4,31.6,2.7928480087537877,31.0
reInterval,middle,0.4,32.4,5.029910535983716,32.0
react-a11y,middle,0.4,20.6,4.505552130427524,20.0
react-beautiful-dnd,middle,0.4,14.4,6.6558245169174945,11.0
react-burger-menu,middle,0.4,12.6,7.503332592921628,11.0
react-click-outside,middle,0.4,30.0,1.5811388300841898,30.0
react-collapse,middle,0.4,21.4,3.4351128074635335,23.0
react-component-gulp-tasks,middle,0.4,17.0,2.9154759474226504,17.0
react-dock,middle,0.4,28.2,1.9235384061671343,28.0
react-dropdown,middle,0.4,26.0,2.9154759474226495,25.0
react-flexbox-grid,middle,0.4,18.6,1.8165902124584947,19.0
react-flip-move,middle,0.4,21.8,3.898717737923586,20.0
react-grid-layout,middle,0.4,22.2,3.5637059362410923,20.0
react-group,middle,0.4,23.8,3.768288736283355,24.0
react-highcharts,middle,0.4,22.8,4.324349662087931,24.0
react-highlight,middle,0.4,25.8,6.3796551630946325,25.0
react-hot-loader,top,0.4,22.8,4.54972526643093,22.0
react-inline-css,middle,0.4,34.6,10.876580344942983,39.0
react-masonry-component,middle,0.4,30.2,4.868264577855235,31.0
react-moment-proptypes,middle,0.4,27.0,6.0,29.0
react-mounter,middle,0.4,21.8,3.5637059362410923,21.0
react-native-collapsible,middle,0.4,22.8,6.300793600809346,22.0
react-native-modalbox,middle,0.4,30.4,3.361547262794322,30.0
react-native-navbar,middle,0.4,31.8,6.906518659932803,36.0
react-native-progress,middle,0.4,27.0,1.8708286933869707,27.0
react-native-side-menu,middle,0.4,33.2,4.324349662087931,32.0
react-notification-system,middle,0.4,25.0,5.0990195135927845,27.0
react-paginate,middle,0.4,26.4,3.5777087639996643,27.0
react-quill,middle,0.4,22.2,4.969909455915671,20.0
react-redux,top,0.4,30.2,1.7888543819998322,29.0
react-resizable,middle,0.4,24.0,2.6457513110645907,25.0
react-responsive-carousel,middle,0.4,28.4,4.33589667773576,29.0
react-scrolllock,middle,0.4,21.0,5.1478150704935,20.0
react-share,middle,0.4,31.4,4.560701700396552,31.0
react-sidebar,middle,0.4,29.0,3.7416573867739413,28.0
react-static-container,middle,0.4,27.2,3.2710854467592254,26.0
react-sticky,middle,0.4,25.2,4.8166378315169185,25.0
react-svg-loader,middle,0.4,18.6,3.9749213828703582,18.0
react-toggle,middle,0.4,23.6,2.6076809620810595,23.0
react-with-styles,middle,0.4,27.4,5.770615218501403,26.0
read-file,middle,0.4,13.8,3.1144823004794873,13.0
read-pkg,top,0.4,33.8,2.6832815729997472,32.0
read-pkg-up,top,0.4,33.6,4.098780306383839,34.0
read-yaml,middle,0.4,16.0,1.224744871391589,16.0
rechoir,top,0.4,32.2,4.969909455915671,35.0
redent,top,0.4,29.0,3.7416573867739413,28.0
reduce-css-calc,top,0.4,28.2,2.7748873851023212,29.0
reduce-function-call,top,0.4,28.2,6.3796551630946325,31.0
redux,top,0.4,32.8,3.96232255123179,32.0
redux-auth-wrapper,middle,0.4,23.4,3.7815340802378072,22.0
redux-devtools-themes,middle,0.4,23.4,3.7815340802378072,23.0
redux-localstorage,middle,0.4,22.2,5.674504383644443,20.0
redux-thunk,top,0.4,30.4,3.911521443121589,29.0
redux-undo,middle,0.4,25.4,2.7018512172212596,25.0
regex-cache,top,0.4,9.2,4.207136793592526,11.0
regextras,middle,0.4,25.0,4.527692569068709,26.0
registry-url,top,0.4,32.4,2.8809720581775857,34.0
regjsgen,top,0.4,31.8,3.8987177379235853,33.0
relateurl,top,0.4,25.6,2.4083189157584592,25.0
relative,middle,0.4,-1.6,5.128352561983234,-2.0
remote-form,bottom,0.4,20.0,5.338539126015656,21.0
remove-markdown,middle,0.4,28.4,5.727128425310542,27.0
repeat-element,top,0.4,30.0,5.70087712549569,33.0
repeat-string,top,0.4,17.0,3.6742346141747673,17.0
repeating,top,0.4,25.8,4.43846820423443,23.0
replace-ext,top,0.4,27.6,3.049590136395381,28.0
require-from-string,top,0.4,36.2,3.1144823004794873,36.0
require-in-the-middle,middle,0.4,27.0,4.183300132670377,28.0
requires-port,top,0.4,22.8,5.263078946776307,23.0
resolve-cwd,top,0.4,30.0,2.1213203435596424,30.0
resolve-dir,top,0.4,21.0,4.183300132670378,22.0
resolve-from,top,0.4,28.2,2.3874672772626644,28.0
resolve-protobuf-schema,middle,0.4,20.2,7.661592523751183,18.0
resource-loader,middle,0.4,25.2,6.534523701081817,25.0
restore-cursor,top,0.4,26.8,4.147288270665545,27.0
rethinkdbdash,middle,0.4,18.6,6.877499545619759,20.0
rev-del,middle,0.4,29.6,6.9498201415576215,32.0
rework-plugin-function,middle,0.4,25.6,6.06630035524124,27.0
rework-plugin-url,middle,0.4,20.0,3.8078865529319543,22.0
right-align,top,0.4,24.0,6.48074069840786,21.0
ripple,middle,0.4,15.4,7.569676347110224,12.0
rollup,top,0.4,33.6,4.219004621945797,32.0
rollup-plugin-babel-minify,middle,0.4,22.8,4.604345773288536,23.0
rollup-plugin-bundle-size,middle,0.4,19.6,5.272570530585627,22.0
rollup-plugin-istanbul,middle,0.4,21.2,3.3466401061363023,21.0
rollup-plugin-multi-entry,middle,0.4,23.8,4.324349662087931,24.0
rollup-plugin-node-resolve,top,0.4,18.6,9.396807968666808,22.0
router,middle,0.4,21.4,0.5477225575051664,21.0
rss,bottom,0.4,31.6,3.974921382870358,31.0
rtl-detect,middle,0.4,31.2,5.357238094391549,32.0
run-applescript,middle,0.4,31.6,1.8165902124584952,31.0
run-auto,middle,0.4,32.8,2.949576240750526,31.0
run-sequence,top,0.4,25.2,6.3796551630946325,22.0
safe-buffer,top,0.4,32.2,5.540758070878027,33.0
sane,top,0.4,17.8,3.7013511046643495,17.0
sass-graph,top,0.4,26.0,5.1478150704935,28.0
scss-tokenizer,top,0.4,25.8,5.805170109479997,26.0
semver-diff,top,0.4,16.6,2.6076809620810595,15.0
sequence,middle,0.4,17.6,5.594640292279746,20.0
serialize-javascript,top,0.4,33.8,0.8366600265340757,34.0
serve-favicon,top,0.4,24.4,1.949358868961793,25.0
serve-index,top,0.4,31.8,3.5637059362410923,33.0
serve-static,top,0.4,29.0,2.1213203435596424,29.0
session,top,0.4,27.4,4.277849927241487,30.0
session-file-store,middle,0.4,26.4,1.6733200530681513,26.0
set-immediate-shim,top,0.4,32.6,3.5777087639996634,32.0
set-value,top,0.4,31.0,5.196152422706632,34.0
setprototypeof,top,0.4,33.0,6.284902544988268,33.0
shady-css-parser,middle,0.4,33.8,7.014271166700072,32.0
shallow-clone,top,0.4,30.8,2.1679483388678795,32.0
shebang-command,top,0.4,32.4,1.5165750888103098,33.0
shebang-regex,top,0.4,28.8,5.630275304103699,32.0
shiro-trie,middle,0.4,27.8,7.463243262818116,29.0
should.js,top,0.4,18.0,4.8476798574163285,17.0
signal-exit,top,0.4,30.6,4.9295030175464944,31.0
simctl,middle,0.4,30.4,4.77493455452533,30.0
simple-sha1,middle,0.4,24.6,3.9115214431215892,26.0
slack-bot-api,middle,0.4,24.4,2.3021728866442674,24.0
slice-ansi,top,0.4,33.2,2.280350850198276,34.0
snapdragon,top,0.4,23.8,8.526429498916883,24.0
snapdragon-util,top,0.4,32.0,2.345207879911715,33.0
socket.io-adapter,top,0.4,37.4,6.024948132556827,35.0
sort-by,middle,0.4,15.0,6.082762530298219,12.0
sort-keys,top,0.4,31.6,6.5038450166036395,32.0
source-list-map,top,0.4,33.0,4.690415759823429,31.0
source-map-resolve,top,0.4,30.8,3.033150177620621,32.0
source-map-url,top,0.4,27.2,4.8166378315169185,27.0
spdx-correct.js,top,0.4,26.8,5.761944116355174,26.0
spdx-expression-parse.js,top,0.4,30.6,3.361547262794322,30.0
spdx-license-ids,top,0.4,25.4,2.5099800796022267,26.0
spdx-license-list,middle,0.4,27.4,4.219004621945797,29.0
spdy-transport,top,0.4,21.6,5.683308895353129,20.0
split-string,top,0.4,25.4,1.3416407864998734,26.0
spotify-web-api-node,middle,0.4,30.0,1.0,30.0
stack-utils,top,0.4,32.4,4.037325847637271,32.0
stackframe,top,0.4,31.2,5.167204273105526,30.0
standard,top,0.4,24.6,5.683308895353129,27.0
standard-format,middle,0.4,18.4,2.073644135332772,18.0
statuses,top,0.4,33.0,4.472135954999579,34.0
stdout-stream,top,0.4,24.8,3.03315017762062,23.0
stealthy-require,top,0.4,35.6,4.878524367060187,35.0
stream-assert,middle,0.4,25.6,6.4265076052238514,27.0
stream-each,top,0.4,26.4,5.594640292279746,29.0
stream-http,top,0.4,35.8,6.260990336999411,38.0
stream-shift,top,0.4,35.4,3.7815340802378077,37.0
stream-to-promise,middle,0.4,24.0,5.338539126015656,23.0
strict-uri-encode,top,0.4,27.2,7.328028384224504,26.0
string-length,top,0.4,21.8,6.648308055437865,21.0
string-width,top,0.4,25.4,1.5165750888103104,26.0
strip-bom,top,0.4,28.8,5.718391382198319,30.0
strip-comments,top,0.4,26.8,4.08656334834051,26.0
strip-indent,top,0.4,24.2,3.420526275297414,25.0
strong-globalize,middle,0.4,-12.0,3.605551275463989,-12.0
superagent-promise,middle,0.4,22.2,1.0954451150103324,23.0
svg4everybody,middle,0.4,31.8,4.658325879540846,32.0
swagger-jsdoc,middle,0.4,28.6,3.049590136395382,28.0
table,top,0.4,28.4,4.9295030175464944,29.0
tacks,middle,0.4,34.0,13.96424004376894,33.0
teamwork,middle,0.4,19.2,0.44721359549995765,19.0
telegraf,middle,0.4,30.6,2.3021728866442683,30.0
template-html-loader,middle,0.4,25.6,6.18869937870632,24.0
templating-resources,middle,0.4,13.8,5.848076606885378,10.0
test-exclude,top,0.4,34.4,3.847076812334269,33.0
testing,middle,0.4,3.6,4.39317652729776,4.0
thorJS-builder,bottom,0.4,23.4,5.856620185738529,23.0
throng,middle,0.4,23.8,2.774887385102322,24.0
time-stamp,top,0.4,19.6,6.2289646009589745,23.0
titleize,middle,0.4,19.4,7.76530746332687,19.0
to-arraybuffer,top,0.4,28.8,3.420526275297414,30.0
to-fast-properties,top,0.4,27.0,7.842193570679061,29.0
to-ico,middle,0.4,23.6,2.5099800796022267,24.0
to-object-path,top,0.4,18.4,6.387487769068525,19.0
to-regex-range,top,0.4,2.2,2.280350850198276,2.0
toml-require,middle,0.4,25.0,4.358898943540674,24.0
top-gh-contribs,middle,0.4,16.0,5.1478150704935,14.0
topo,top,0.4,33.0,8.803408430829505,30.0
toxic,middle,0.4,30.0,14.0,25.0
transliteration,middle,0.4,19.2,1.3038404810405295,19.0
trash-cli,middle,0.4,31.4,2.7018512172212596,32.0
trim-newlines,top,0.4,25.4,2.5099800796022262,26.0
try-require,middle,0.4,30.6,1.6733200530681511,31.0
tslint-ionic-rules,middle,0.4,22.8,2.0493901531919194,23.0
tween-one,middle,0.4,30.2,2.280350850198276,30.0
tweetnacl-js,top,0.4,29.2,5.11859355682789,29.0
uglifyjs-webpack-plugin,top,0.4,23.6,5.941380311005179,20.0
unassert,middle,0.4,18.0,5.244044240850758,16.0
unassertify,middle,0.4,14.0,5.70087712549569,12.0
unc-path-regex,top,0.4,7.8,4.147288270665544,8.0
underscore-template-loader,middle,0.4,28.4,1.6733200530681511,28.0
unescape-js,middle,0.4,28.6,2.8809720581775866,28.0
union-value,top,0.4,15.0,6.2048368229954285,18.0
uniqid,top,0.4,30.8,3.4928498393145966,31.0
uniqs,top,0.4,23.4,3.646916505762094,25.0
unit-coverage,middle,0.4,25.6,5.683308895353129,26.0
unit.js,middle,0.4,6.6,4.09878030638384,8.0
universal-router,middle,0.4,31.0,7.3484692283495345,31.0
unset-value,top,0.4,25.0,4.847679857416329,26.0
url-parse,top,0.4,28.2,3.5637059362410928,29.0
url-parse-lax,top,0.4,29.8,4.324349662087931,31.0
url-slug,middle,0.4,24.0,2.9154759474226504,25.0
use,top,0.4,26.6,8.792041856133306,29.0
utfstring,middle,0.4,20.2,2.2803508501982757,20.0
util-deprecate,top,0.4,32.8,1.7888543819998322,32.0
v8flags,top,0.4,33.4,5.224940191045253,34.0
validate-npm-package-license.js,top,0.4,17.8,3.8987177379235853,18.0
validate-npm-package-name,top,0.4,28.4,7.829431652425353,32.0
varuint-bitcoin,middle,0.4,22.6,1.51657508881031,23.0
vary,top,0.4,26.0,4.183300132670378,27.0
vector-tile-js,middle,0.4,33.0,3.082207001484488,33.0
verb-tag-jscomments,middle,0.4,20.8,6.978538528947161,24.0
versionify,middle,0.4,22.2,4.147288270665545,22.0
verup,middle,0.4,21.2,7.293833011524188,17.0
vinyl-source-stream,top,0.4,21.8,5.357238094391549,19.0
vizion,middle,0.4,28.6,7.635443667528429,33.0
void-elements,top,0.4,30.4,3.7815340802378077,32.0
vue-component-compiler,middle,0.4,27.2,6.457553716385176,29.0
vue-hot-reload-api,top,0.4,22.2,1.6431676725154987,22.0
vue-loader,top,0.4,28.4,2.073644135332772,28.0
vue-moment,middle,0.4,21.2,2.3874672772626644,20.0
vue-touch,middle,0.4,30.2,3.03315017762062,32.0
vuex-i18n,middle,0.4,27.6,5.319774431308155,28.0
vuvuzela,middle,0.4,24.8,7.918333157931662,28.0
vux-loader,middle,0.4,31.4,5.319774431308155,32.0
wangEditor,middle,0.4,30.0,6.041522986797286,31.0
warning,top,0.4,25.8,4.147288270665544,27.0
watchpack,top,0.4,30.2,3.8340579025361623,29.0
web-resource-inliner,middle,0.4,31.4,4.560701700396552,30.0
webidl-conversions,top,0.4,24.6,7.231873892705818,23.0
webidl2js,middle,0.4,20.8,2.588435821108957,21.0
webpack-bundle-analyzer,top,0.4,19.0,5.196152422706632,16.0
webpack-cleanup-plugin,middle,0.4,28.6,6.148170459575759,28.0
webpack-hot-middleware,top,0.4,26.8,6.534523701081817,29.0
webpack-manifest-plugin,top,0.4,32.2,2.5884358211089573,33.0
webpack-merge,top,0.4,30.4,5.319774431308155,30.0
webpack-middleware,middle,0.4,28.2,7.758865896508329,32.0
webpack-sources,top,0.4,33.2,2.2803508501982757,33.0
webpack-subresource-integrity,top,0.4,28.0,7.7781745930520225,27.0
websocket-extensions-node,top,0.4,21.0,1.8708286933869704,21.0
whatwg-url,top,0.4,26.0,8.717797887081348,28.0
widest-line,top,0.4,13.2,4.324349662087931,12.0
wif,middle,0.4,30.0,2.0,30.0
window-size,top,0.4,17.4,5.224940191045253,17.0
wrap-ansi,top,0.4,32.6,5.272570530585627,34.0
wrappy,top,0.4,33.2,6.457553716385177,35.0
write,top,0.4,14.6,1.816590212458495,14.0
write-file-atomic,top,0.4,37.0,5.385164807134504,38.0
xdg-basedir,top,0.4,35.0,2.9154759474226504,34.0
xdg-trashdir,middle,0.4,30.6,6.1073725938409895,31.0
xml-char-classes,top,0.4,26.2,6.300793600809346,26.0
xml-name-validator,top,0.4,24.8,6.3796551630946325,26.0
y18n,top,0.4,24.6,7.402702209328699,23.0
yallist,top,0.4,30.2,1.6431676725154984,30.0
yargonaut,middle,0.4,23.6,6.8044103344816005,26.0
yargs-parser,top,0.4,24.6,5.128352561983234,25.0
yauzl,top,0.4,27.8,6.906518659932803,25.0
yeast,top,0.4,25.2,4.147288270665544,23.0
yn,top,0.4,32.8,5.630275304103699,32.0
zopflipng-bin,middle,0.4,24.2,3.03315017762062,24.0
