Run,N_Pairs,Mean_Cosine_Similarity,Std_Cosine_Similarity,Median_Cosine_Similarity
1,1500,0.5716407895088196,0.1998152732849121,0.6018345355987549
2,1500,0.5726258754730225,0.2003639191389084,0.6059298515319824
3,1500,0.5737038850784302,0.19957832992076874,0.6107196807861328
4,1500,0.5726689696311951,0.20138217508792877,0.6104034185409546
5,1500,0.5737519264221191,0.19850613176822662,0.6058071255683899
Average,1500,0.5728782892227173,0.19992916584014891,0.6069389224052429
